sentence_id	token_id	token	BIO_NER_tag
0	0	lineup	O
0	1	for	O
0	2	tonight	O
0	3	.	O
1	4	Keppinger	B-PERSON
1	5	sits	O
1	6	,	O
1	7	Downs	B-PERSON
1	8	plays	O
1	9	2B	O
1	10	,	O
1	11	CJ	B-PERSON
1	12	bats	O
1	13	5th	O
1	14	.	O
2	15	If	O
2	16	you	O
2	17	are	O
2	18	staying	O
2	19	in	O
2	20	Gainesville	B-GEO-LOC
2	21	,	O
2	22	come	O
2	23	check	O
2	24	out	O
2	25	Costa	B-FACILITY
2	26	Lounge	I-FACILITY
2	27	TONIGHT	O
2	28	!	O
3	29	Say	O
3	30	you	O
3	31	are	O
3	32	with	O
3	33	salsa	B-PERSON
3	34	caliente	I-PERSON
3	35	and	O
3	36	get	O
3	37	in	O
3	38	...	O
4	39	JV	B-SPORTSTEAM
4	40	soccer	I-SPORTSTEAM
4	41	leads	O
4	42	4-1	O
4	43	after	O
4	44	Benitez	B-PERSON
4	45	scores	O
4	46	again	O
4	47	,	O
4	48	less	O
4	49	than	O
4	50	7	O
4	51	mins	O
4	52	to	O
4	53	play	O
4	54	Ah	O
4	55	a	O
4	56	Friday	O
4	57	night	O
4	58	free	O
4	59	!	O
5	60	Avin	O
5	61	a	O
5	62	drink	O
5	63	with	O
5	64	friends	O
5	65	.	O
6	66	Lent	O
6	67	the	O
6	68	T4	O
6	69	to	O
6	70	friend	O
6	71	to	O
6	72	camp	O
6	73	in	O
6	74	.	O
7	75	Off	O
7	76	camping	O
7	77	to	O
7	78	Robinhoods	B-GEO-LOC
7	79	bay	I-GEO-LOC
7	80	In	O
7	81	Jasmin	B-GEO-LOC
7	82	.	O
8	83	Good	O
8	84	weekend	O
8	85	Last	O
8	86	film	O
8	87	I	O
8	88	can	O
8	89	watch	O
8	90	on	O
8	91	a	O
8	92	decent	O
8	93	telly	O
8	94	for	O
8	95	a	O
8	96	while	O
8	97	tonight	O
8	98	.	O
9	99	Kick-Ass	B-MOVIE
9	100	is	O
9	101	very	O
9	102	tempting	O
9	103	indeed	O
9	104	.	O
10	105	After	O
10	106	I	O
10	107	pet	O
10	108	a	O
10	109	kitten	O
10	110	on	O
10	111	JFK	B-PERSON
10	112	,	O
10	113	the	O
10	114	owners	O
10	115	informed	O
10	116	me	O
10	117	it	O
10	118	's	O
10	119	double-pawed	O
10	120	polydactyl	O
10	121	,	O
10	122	which	O
10	123	is	O
10	124	a	O
10	125	form	O
10	126	of	O
10	127	retardation	O
10	128	in	O
10	129	the	O
10	130	animal	O
10	131	kingdom	O
10	132	Ah	O
10	133	I	O
10	134	know	O
10	135	!	O
11	136	She	O
11	137	is	O
11	138	simply	O
11	139	the	O
11	140	best	O
11	141	in	O
11	142	The	O
11	143	Sept	O
11	144	Issue	O
11	145	.	O
12	146	My	O
12	147	boyfriend	O
12	148	's	O
12	149	aunt	O
12	150	worked	O
12	151	for	O
12	152	Anna	B-PERSON
12	153	Wintor	I-PERSON
12	154	in	O
12	155	NY	O
12	156	.	O
13	157	Time	O
13	158	to	O
13	159	begin	O
13	160	looking	O
13	161	for	O
13	162	somewhere	O
13	163	to	O
13	164	live	O
13	165	around	O
13	166	Coolum	B-GEO-LOC
13	167	.	O
14	168	Sun	O
14	169	,	O
14	170	sand	O
14	171	,	O
14	172	surf	O
14	173	and	O
14	174	bikinis	O
14	175	.	O
15	176	Looking	O
15	177	forward	O
15	178	to	O
15	179	my	O
15	180	new	O
15	181	phase	O
15	182	in	O
15	183	life	O
15	184	.	O
16	185	Costa	O
16	186	Rican	O
16	187	group	O
16	188	CocoFunka	B-MUSICARTIST
16	189	power	O
16	190	this	O
16	191	week	O
16	192	's	O
16	193	Indiesent	B-TVSHOW
16	194	Exposure	I-TVSHOW
16	195	by	O
16	196	on	O
16	197	and	O
16	198	i	O
16	199	also	O
16	200	loved	O
16	201	the	O
16	202	last	O
16	203	years	O
16	204	eurovision	O
16	205	entry	O
16	206	!!	O
17	207	hoppaa	O
17	208	!	O
18	209	they	O
18	210	were	O
18	211	cool	O
18	212	too	O
18	213	!!	O
19	214	ha	O
19	215	ye	O
19	216	theyr	O
19	217	may	O
19	218	be	O
19	219	severe	O
19	220	consiquences	O
19	221	of	O
19	222	our	O
19	223	meeting	O
19	224	like	O
19	225	the	O
19	226	waypeople	O
19	227	talk	O
19	228	bout	O
19	229	theday	O
19	230	sum1	O
19	231	told	O
19	232	adolf	O
19	233	he	O
19	234	wasnt	O
19	235	blond	O
19	236	enuf	O
19	237	S	O
19	238	When	O
19	239	the	O
19	240	last	O
19	241	time	O
19	242	you	O
19	243	ran	O
19	244	into	O
19	245	Rick	B-PERSON
19	246	Ross	I-PERSON
19	247	and	O
19	248	Drake	B-PERSON
19	249	twice	O
19	250	in	O
19	251	the	O
19	252	same	O
19	253	day	O
19	254	at	O
19	255	2	O
19	256	diff	O
19	257	video	O
19	258	shoot	O
19	259	locations	O
19	260	.	O
20	261	Today	O
20	262	I	O
20	263	did	O
20	264	!	O
21	265	Aggressive	O
21	266	Kids	O
21	267	With	O
21	268	ADHD	B-OTHER
21	269	May	O
21	270	Not	O
21	271	Need	O
21	272	Antipsychotic	O
21	273	Meds	O
21	274	Today	O
21	275	I	O
21	276	got	O
21	277	a	O
21	278	promotion	O
21	279	at	O
21	280	work	O
21	281	,	O
21	282	and	O
21	283	tomorrow	O
21	284	I	O
21	285	'm	O
21	286	going	O
21	287	home	O
21	288	to	O
21	289	Wisconsin	B-GEO-LOC
21	290	for	O
21	291	a	O
21	292	few	O
21	293	days	O
21	294	.	O
22	295	So	O
22	296	content	O
22	297	with	O
22	298	life	O
22	299	right	O
22	300	now	O
22	301	.	O
23	302	:)	O
24	303	Columbus	B-GEO-LOC
24	304	,	O
24	305	GA	B-GEO-LOC
24	306	and	O
24	307	'll	O
24	308	be	O
24	309	mixing	O
24	310	an	O
24	311	80	O
24	312	's	O
24	313	and	O
24	314	other	O
24	315	throwbacks	O
24	316	dance	O
24	317	party	O
24	318	tonight	O
24	319	at	O
24	320	eighty-five	O
24	321	.	O
25	322	Come	O
25	323	kickit	O
25	324	!	O
26	325	Oh	O
26	326	before	O
26	327	I	O
26	328	forget	O
26	329	good	O
26	330	luck	O
26	331	also	O
26	332	to	O
26	333	the	O
26	334	cherry	O
26	335	and	O
26	336	whites	O
26	337	against	O
26	338	London	B-SPORTSTEAM
26	339	Irish	I-SPORTSTEAM
26	340	.	O
27	341	Only	O
27	342	a	O
27	343	win	O
27	344	will	O
27	345	do	O
27	346	.	O
28	347	Gives	O
28	348	me	O
28	349	more	O
28	350	excuses	O
28	351	to	O
28	352	celebrate	O
28	353	!	O
29	354	Yo	O
29	355	kids	O
29	356	!	O
30	357	Today	O
30	358	's	O
30	359	ACF	B-OTHER
30	360	Friday	I-OTHER
30	361	Large	I-OTHER
30	362	Group	I-OTHER
30	363	is	O
30	364	at	O
30	365	PITT	B-FACILITY
30	366	University	I-FACILITY
30	367	!	O
31	368	It	O
31	369	's	O
31	370	at	O
31	371	Cathedral	B-FACILITY
31	372	of	I-FACILITY
31	373	Learning	I-FACILITY
31	374	G24	I-FACILITY
31	375	at	O
31	376	7pm	O
31	377	!	O
32	378	Be	O
32	379	sure	O
32	380	to	O
32	381	check	O
32	382	it	O
32	383	out	O
32	384	!	O
33	385	dude	O
33	386	got	O
33	387	gucci	B-COMPANY
33	388	symbol	O
33	389	tatted	O
33	390	all	O
33	391	over	O
33	392	his	O
33	393	face	O
33	394	RT	O
33	395	Yayaayayay	O
33	396	kings	B-MUSICARTIST
33	397	of	I-MUSICARTIST
33	398	leon	I-MUSICARTIST
33	399	tonight	O
33	400	!!!	O
34	401	RT	O
34	402	Just	O
34	403	saw	O
34	404	the	O
34	405	worst	O
34	406	movie	O
34	407	in	O
34	408	years	O
34	409	...	O
35	410	Piranha	B-MOVIE
35	411	3D	I-MOVIE
35	412	just	O
35	413	exceeded	O
35	414	the	O
35	415	limits	O
35	416	of	O
35	417	crappyness	O
35	418	.	O
36	419	|	O
36	420	Glad	O
36	421	you	O
36	422	enjoyed	O
36	423	it	O
36	424	.	O
37	425	Add	O
37	426	a	O
37	427	little	O
37	428	Belanger	O
37	429	,	O
37	430	and	O
37	431	you	O
37	432	've	O
37	433	got	O
37	434	it	O
37	435	!	O
38	436	Of	O
38	437	course	O
38	438	...	O
39	439	after	O
39	440	his	O
39	441	household	O
39	442	items	O
39	443	arrive	O
39	444	from	O
39	445	D	O
39	446	.	O
40	447	C	O
40	448	.	O
41	449	We	O
41	450	should	O
41	451	've	O
41	452	scheduled	O
41	453	a	O
41	454	meeting	O
41	455	with	O
41	456	Trisha	B-PERSON
41	457	in	O
41	458	Paris	B-GEO-LOC
41	459	for	O
41	460	this	O
41	461	week	O
41	462	...	O
42	463	100-	O
42	464	Tim	B-PERSON
42	465	Bulmer	I-PERSON
42	466	had	O
42	467	a	O
42	468	100%	O
42	469	likelihood	O
42	470	of	O
42	471	getting	O
42	472	his	O
42	473	YPF	O
42	474	detail	O
42	475	form	O
42	476	in	O
42	477	this	O
42	478	week	O
42	479	.	O
43	480	Punctuality	O
43	481	.	O
44	482	RT	O
44	483	Today	O
44	484	's	O
44	485	the	O
44	486	102nd	O
44	487	birthday	O
44	488	of	O
44	489	the	O
44	490	American	B-OTHER
44	491	Professional	I-OTHER
44	492	Football	I-OTHER
44	493	Association	I-OTHER
44	494	we	O
44	495	call	O
44	496	it	O
44	497	the	O
44	498	NFL	B-OTHER
44	499	.	O
45	500	First	O
45	501	draft	O
45	502	choice	O
45	503	Brett	B-PERSON
45	504	Favre	I-PERSON
45	505	.	O
46	506	A	O
46	507	FUN	O
46	508	movie	O
46	509	for	O
46	510	the	O
46	511	kids-	O
46	512	Alpha	B-MOVIE
46	513	&	I-MOVIE
46	514	Omega	I-MOVIE
46	515	PG	O
46	516	Friday	O
46	517	5:00	O
46	518	,	O
46	519	7:00	O
46	520	,	O
46	521	8:45	O
46	522	,	O
46	523	Saturday-	O
46	524	1:30	O
46	525	,	O
46	526	3:15	O
46	527	,	O
46	528	5:00	O
46	529	,	O
46	530	7:00	O
46	531	,	O
46	532	8:45	O
46	533	,...	O
47	534	I	O
47	535	may	O
47	536	have	O
47	537	been	O
47	538	wrong	O
47	539	about	O
47	540	Murkowski	B-PERSON
47	541	,	O
47	542	look	O
47	543	like	O
47	544	she	O
47	545	's	O
47	546	going	O
47	547	to	O
47	548	turn	O
47	549	Friday	O
47	550	news	O
47	551	dump	O
47	552	on	O
47	553	its	O
47	554	head	O
47	555	.	O
48	556	three-way	O
48	557	race	O
48	558	reportedly	O
48	559	ahead	O
48	560	in	O
48	561	AK	B-GEO-LOC
48	562	.	O
49	563	RT	O
49	564	Thousands	O
49	565	of	O
49	566	angry	O
49	567	masturbators	O
49	568	marched	O
49	569	against	O
49	570	Christine	B-PERSON
49	571	O'Donnell	I-PERSON
49	572	today	O
49	573	Seriously	O
49	574	.	O
50	575	Beer	O
50	576	after	O
50	577	golf	O
50	578	??	O
51	579	Give	O
51	580	me	O
51	581	a	O
51	582	hell	O
51	583	yeah	O
51	584	!!	O
52	585	White	B-FACILITY
52	586	Eagle	I-FACILITY
52	587	RT	O
52	588	Ladbrokes	O
52	589	Labour	O
52	590	Leadership	O
52	591	Market-	O
52	592	Ed	B-PERSON
52	593	Miliband	I-PERSON
52	594	's	O
52	595	odds	O
52	596	have	O
52	597	shortened	O
52	598	significantly	O
52	599	in	O
52	600	the	O
52	601	last	O
52	602	week	O
52	603	.	O
53	604	;	O
53	605	I	O
53	606	can	O
53	607	upgrade	O
53	608	to	O
53	609	a	O
53	610	BlackBerry	B-PRODUCT
53	611	in	O
53	612	November	O
53	613	!!	O
54	614	Yesss	O
54	615	.	O
55	616	3	O
55	617	BB	B-PRODUCT
55	618	Bold	I-PRODUCT
55	619	,	O
55	620	here	O
55	621	I	O
55	622	come	O
55	623	!	O
56	624	Driving	O
56	625	,	O
56	626	driving	O
56	627	,	O
56	628	driving	O
56	629	away	O
56	630	to	O
56	631	Phil	B-GEO-LOC
56	632	.	O
57	633	Tasty	O
57	634	dinner	O
57	635	tonight	O
57	636	with	O
57	637	the	O
57	638	Society	B-OTHER
57	639	of	I-OTHER
57	640	Mining	I-OTHER
57	641	and	I-OTHER
57	642	Metallurgy	I-OTHER
57	643	Engineers	I-OTHER
57	644	.	O
58	645	moving	O
58	646	to	O
58	647	the	O
58	648	UK	B-GEO-LOC
58	649	in	O
58	650	approx	O
58	651	12	O
58	652	days	O
58	653	Lingerie	B-OTHER
58	654	football	I-OTHER
58	655	league	I-OTHER
58	656	come	O
58	657	on	O
58	658	tonight	O
58	659	On	O
58	660	Thanksgiving	B-OTHER
58	661	after	O
58	662	you	O
58	663	done	O
58	664	eating	O
58	665	its	O
58	666	unless	O
58	667	you	O
58	668	wanna	O
58	669	help	O
58	670	with	O
58	671	the	O
58	672	dishes	O
58	673	I	O
58	674	want	O
58	675	it	O
58	676	NOW	O
58	677	!	O
59	678	;)	O
60	679	RT	O
60	680	Pumpkin	B-PRODUCT
60	681	Moonshine	I-PRODUCT
60	682	has	O
60	683	arrived	O
60	684	in	O
60	685	Nashville	B-GEO-LOC
60	686	Give	O
60	687	it	O
60	688	a	O
60	689	week	O
60	690	to	O
60	691	get	O
60	692	it	O
60	693	in	O
60	694	stores	O
60	695	.	O
61	696	KY	B-GEO-LOC
61	697	ships	O
61	698	next	O
61	699	week	O
61	700	!	O
62	701	Check	O
62	702	this	O
62	703	video	O
62	704	out	O
62	705	Three	B-MUSICARTIST
62	706	Days	I-MUSICARTIST
62	707	Grace	I-MUSICARTIST
62	708	-	O
62	709	Break	O
62	710	Official	O
62	711	Music	O
62	712	Video	O
62	713	HQ	O
62	714	via	O
62	715	The	B-FACILITY
62	716	Metro	I-FACILITY
62	717	Sept	O
62	718	26	O
62	719	Mannie	B-PERSON
62	720	Fresh	I-PERSON
62	721	and	O
62	722	Jermaine	B-PERSON
62	723	Dupri	I-PERSON
62	724	fa	O
62	725	da	O
62	726	after	O
62	727	party	O
62	728	,	O
62	729	holla	O
62	730	at	O
62	731	me	O
62	732	fa	O
62	733	ur	O
62	734	tickets	O
62	735	Yahoo	B-COMPANY
62	736	Jackie	B-PERSON
62	737	joins	O
62	738	Twitter	B-COMPANY
62	739	50	O
62	740	years	O
62	741	after	O
62	742	JFK	B-PERSON
62	743	campaign	O
62	744	Had	O
62	745	Twitter	B-COMPANY
62	746	been	O
62	747	an	O
62	748	option	O
62	749	in	O
62	750	1960	O
62	751	,	O
62	752	a	O
62	753	pregnant	O
62	754	Jacquelin	B-PERSON
62	755	...	O
63	756	Cant	O
63	757	wait	O
63	758	for	O
63	759	the	O
63	760	ravens	B-SPORTSTEAM
63	761	game	O
63	762	tomorrow	O
63	763	....	O
64	764	go	O
64	765	ray	B-PERSON
64	766	rice	I-PERSON
64	767	!!!!!!!	O
65	768	Always	O
65	769	kinda	O
65	770	awkward	O
65	771	when	O
65	772	you	O
65	773	get	O
65	774	the	O
65	775	chat	O
65	776	group	O
65	777	wrong	O
65	778	in	O
65	779	WoW	B-PRODUCT
65	780	.	O
66	781	Sometimes	O
66	782	you	O
66	783	don't	O
66	784	want	O
66	785	the	O
66	786	tank	O
66	787	to	O
66	788	know	O
66	789	you're	O
66	790	dissin	O
66	791	him	O
66	792	.	O
67	793	Oops	O
67	794	.	O
68	795	Wtf	O
68	796	do	O
68	797	i	O
68	798	have	O
68	799	a	O
68	800	stupid	O
68	801	3hr	O
68	802	shift	O
68	803	tonight	O
68	804	!!	O
69	805	I	O
69	806	wanna	O
69	807	go	O
69	808	out	O
69	809	and	O
69	810	have	O
69	811	fun	O
69	812	:(	O
70	813	Oh	O
70	814	well	O
70	815	time	O
70	816	to	O
70	817	watch	O
70	818	some	O
70	819	Jersey	B-TVSHOW
70	820	Shore	I-TVSHOW
70	821	haha	O
70	822	At	O
70	823	7pm	O
70	824	we'll	O
70	825	show	O
70	826	the	O
70	827	Awarded	O
70	828	movie	O
70	829	Agora	B-MOVIE
70	830	by	O
70	831	Spanish	O
70	832	director	O
70	833	Alex	B-PERSON
70	834	Amenabar	I-PERSON
70	835	who	O
70	836	directed	O
70	837	Mar	B-MOVIE
70	838	Adentro	I-MOVIE
70	839	The	B-MOVIE
70	840	Sea	I-MOVIE
70	841	Inside	I-MOVIE
70	842	.	O
71	843	W/Rachel	B-PERSON
71	844	Weisz	I-PERSON
71	845	.	O
72	846	Men	O
72	847	's	O
72	848	soccer	O
72	849	vs	O
72	850	.	O
73	851	Crown	B-SPORTSTEAM
73	852	College	I-SPORTSTEAM
73	853	at	O
73	854	home	O
73	855	tomorrow	O
73	856	at	O
73	857	2	O
73	858	pm	O
73	859	.	O
74	860	Come	O
74	861	support	O
74	862	your	O
74	863	Eagles	B-SPORTSTEAM
74	864	!	O
75	865	Praying	O
75	866	for	O
75	867	you	O
75	868	guys	O
75	869	!	O
76	870	RT	O
76	871	Bear	O
76	872	Sun	O
76	873	,	O
76	874	17	O
76	875	Oct	O
76	876	2010	O
76	877	at	O
76	878	10:28	O
76	879	am	O
76	880	The	O
76	881	Tunnels	O
76	882	Carnegies	O
76	883	Brae	O
76	884	Aberdeen	O
76	885	Un	O
76	886	...	O
77	887	Checking	O
77	888	out	O
77	889	this	O
77	890	weeks	O
77	891	tell	O
77	892	em	O
77	893	Steve	B-PERSON
77	894	Dave	I-PERSON
77	895	Podcast	O
77	896	good	O
77	897	luck	O
77	898	at	O
77	899	Elliot	O
77	900	Miner	O
77	901	:D	O
78	902	yous	O
78	903	were	O
78	904	greaaaat	O
78	905	tonight	O
78	906	3	O
78	907	xx	O
78	908	When	O
78	909	Pepsi	B-COMPANY
78	910	to	O
78	911	ring	O
78	912	usually	O
78	913	confirm	O
78	914	to	O
78	915	,	O
78	916	winning	O
78	917	a	O
78	918	Nokia	B-PRODUCT
78	919	5800	I-PRODUCT
78	920	?	O
79	921	Exclusive	O
79	922	Rep	O
79	923	.	O
80	924	Steve	B-PERSON
80	925	King	I-PERSON
80	926	on	O
80	927	ObamaCare	O
80	928	,	O
80	929	Tea	O
80	930	Party	O
80	931	,	O
80	932	and	O
80	933	Constitution	B-OTHER
80	934	Day	I-OTHER
80	935	The	O
80	936	inclusion	O
80	937	of	O
80	938	the	O
80	939	Tenth	O
80	940	Amendment	O
80	941	in	O
80	942	...	O
81	943	Google	B-PRODUCT
81	944	Music	I-PRODUCT
81	945	Rumors	O
81	946	Labels	O
81	947	Happy	O
81	948	About	O
81	949	iTunes	B-COMPANY
81	950	Alternative	O
81	951	?	O
82	952	-	O
82	953	Techland	B-COMPANY
82	954	-	O
82	955	TIME	O
82	956	.	O
83	957	com	O
83	958	I	O
83	959	liked	O
83	960	a	O
83	961	YouTube	B-COMPANY
83	962	video	O
83	963	Family	B-TVSHOW
83	964	Guy	I-TVSHOW
83	965	-	O
83	966	Songs	O
83	967	Named	O
83	968	After	O
83	969	a	O
83	970	Girl	O
83	971	In	O
83	972	bed	O
83	973	watching	O
83	974	Day	O
83	975	51	O
83	976	HLs	O
83	977	.	O
84	978	Awaiting	O
84	979	Marcus	B-PERSON
84	980	Bentley	I-PERSON
84	981	!	O
85	982	Small	O
85	983	Biz	O
85	984	Tech	O
85	985	Tour	O
85	986	2010	O
85	987	Launches	O
85	988	Five	O
85	989	City	O
85	990	Tour	O
85	991	MONTCLAIR	B-GEO-LOC
85	992	N.J.	B-GEO-LOC
86	993	...:	O
87	994	The	O
87	995	all	O
87	996	day	O
87	997	event	O
87	998	features	O
87	999	America's...	O
88	1000	After	O
88	1001	a	O
88	1002	great	O
88	1003	two	O
88	1004	days	O
88	1005	of	O
88	1006	meetings	O
88	1007	with	O
88	1008	Houston	B-GEO-LOC
88	1009	,	O
88	1010	Fes	B-PERSON
88	1011	is	O
88	1012	back	O
88	1013	in	O
88	1014	Salt	B-GEO-LOC
88	1015	Lake	I-GEO-LOC
88	1016	.	O
89	1017	Find	O
89	1018	us	O
89	1019	at	O
89	1020	Tipitina	B-FACILITY
89	1021	's	O
89	1022	tonight	O
89	1023	and	O
89	1024	mention	O
89	1025	that	O
89	1026	you're	O
89	1027	following	O
89	1028	us	O
89	1029	on	O
89	1030	Twitter	B-COMPANY
89	1031	and	O
89	1032	get	O
89	1033	a	O
89	1034	FREE	O
89	1035	Fried	O
89	1036	Mac	O
89	1037	N	O
89	1038	Cheese	O
89	1039	ball	O
89	1040	with	O
89	1041	any	O
89	1042	order	O
89	1043	!	O
90	1044	Not	O
90	1045	only	O
90	1046	is	O
90	1047	it	O
90	1048	's	O
90	1049	32nd	O
90	1050	Anniversary	O
90	1051	,	O
90	1052	tonite	O
90	1053	is	O
90	1054	the	O
90	1055	3rd	O
90	1056	season	O
90	1057	premiere	O
90	1058	of	O
90	1059	!!	O
91	1060	You	O
91	1061	Get	O
91	1062	What	O
91	1063	You	O
91	1064	Give	O
91	1065	~	O
91	1066	Zac	B-MUSICARTIST
91	1067	Brown	I-MUSICARTIST
91	1068	Band	I-MUSICARTIST
91	1069	40	O
91	1070	days	O
91	1071	in	O
91	1072	the	O
91	1073	top	O
91	1074	100	O
91	1075	Release	O
91	1076	Date	O
91	1077	September	O
91	1078	21	O
91	1079	,	O
91	1080	2010Buy	O
91	1081	new	O
91	1082	$	O
91	1083	18.98	O
92	1084	$	O
92	1085	...	O
93	1086	Greek	B-OTHER
93	1087	Festival	I-OTHER
93	1088	at	O
93	1089	St	B-GEO-LOC
93	1090	Johns	I-GEO-LOC
93	1091	before	O
93	1092	ASPEN	B-GEO-LOC
93	1093	Snooth	O
93	1094	Talk	O
93	1095	Zinfandel	O
93	1096	Port	O
93	1097	This	O
93	1098	week	O
93	1099	is	O
93	1100	all	O
93	1101	about	O
93	1102	Zinfandel	O
93	1103	,	O
93	1104	and	O
93	1105	just	O
93	1106	last	O
93	1107	night	O
93	1108	I	O
93	1109	released	O
93	1110	a	O
93	1111	post	O
93	1112	on	O
93	1113	Zinfandel	O
93	1114	...	O
94	1115	After	B-PRODUCT
94	1116	Eventide	I-PRODUCT
94	1117	Kindle	B-PRODUCT
94	1118	EditionBy	O
94	1119	Catherine	B-PERSON
94	1120	Olson	I-PERSON
94	1121	Buy	O
94	1122	new	O
94	1123	$	O
94	1124	6.49	O
95	1125	Customer	O
95	1126	R	O
95	1127	...	O
96	1128	Jessica	B-PERSON
96	1129	Simpson	I-PERSON
96	1130	is	O
96	1131	PREGNANT	O
96	1132	!?!:	O
97	1133	Jessica	B-PERSON
97	1134	Simpson	I-PERSON
97	1135	is	O
97	1136	pregnant	O
97	1137	??	O
98	1138	Simpson	B-PERSON
98	1139	is	O
98	1140	pregnant	O
98	1141	with	O
98	1142	her	O
98	1143	barely	O
98	1144	4-month	O
98	1145	boyfrien	O
98	1146	...	O
99	1147	Don	B-PERSON
99	1148	Mattingly	I-PERSON
99	1149	will	O
99	1150	replace	O
99	1151	Joe	B-PERSON
99	1152	Torre	I-PERSON
99	1153	as	O
99	1154	LA	B-SPORTSTEAM
99	1155	Dodgers	I-SPORTSTEAM
99	1156	manager	O
99	1157	after	O
99	1158	this	O
99	1159	season	O
99	1160	last	O
99	1161	day	O
99	1162	of	O
99	1163	sorting	O
99	1164	pope	B-PERSON
99	1165	visit	O
99	1166	to	O
99	1167	birmingham	B-GEO-LOC
99	1168	stuff	O
99	1169	out	O
99	1170	.....	O
100	1171	hope	O
100	1172	it	O
100	1173	goes	O
100	1174	ok	O
100	1175	on	O
100	1176	sunday	O
100	1177	!!	O
101	1178	QUAKE	O
101	1179	Mag	O
101	1180	4.5	O
102	1181	,	O
102	1182	Saturday	O
102	1183	,	O
102	1184	September	O
102	1185	18	O
102	1186	2010	O
102	1187	at	O
102	1188	10:03	O
102	1189	am	O
102	1190	NZST	O
102	1191	,	O
102	1192	20	O
102	1193	km	O
102	1194	south-west	O
102	1195	of	O
102	1196	Christchurch	B-GEO-LOC
102	1197	.	O
103	1198	Day	O
103	1199	three	O
103	1200	of	O
103	1201	St	B-OTHER
103	1202	John	I-OTHER
103	1203	's	I-OTHER
103	1204	wort	I-OTHER
103	1205	tea	O
103	1206	for	O
103	1207	anxiety	O
103	1208	.	O
104	1209	So	O
104	1210	far	O
104	1211	today	O
104	1212	I	O
104	1213	havent	O
104	1214	had	O
104	1215	a	O
104	1216	panic	O
104	1217	attack...we'll	O
105	1218	see	O
105	1219	if	O
105	1220	this	O
105	1221	works	O
105	1222	!	O
106	1223	PLANO	B-OTHER
106	1224	BALLOON	I-OTHER
106	1225	FESTIVAL	I-OTHER
106	1226	2010	I-OTHER
106	1227	TO	O
106	1228	START	O
106	1229	TODAY	O
106	1230	The	B-OTHER
106	1231	31st	I-OTHER
106	1232	annual	I-OTHER
106	1233	Plano	I-OTHER
106	1234	Balloon	I-OTHER
106	1235	Festival	I-OTHER
106	1236	,	O
106	1237	Plano	B-OTHER
106	1238	Balloon	I-OTHER
106	1239	Festival	I-OTHER
106	1240	2	O
106	1241	...	O
107	1242	Amber	B-PERSON
107	1243	Le	I-PERSON
107	1244	Bon	I-PERSON
107	1245	is	O
107	1246	to	O
107	1247	walk	O
107	1248	in	O
107	1249	Giles	B-PERSON
107	1250	Deacon	I-PERSON
107	1251	's	O
107	1252	Monday	O
107	1253	LFW	O
107	1254	show	O
107	1255	Xbox	B-PRODUCT
107	1256	360	I-PRODUCT
107	1257	Enslaved	B-PRODUCT
107	1258	Odyssey	I-PRODUCT
107	1259	to	I-PRODUCT
107	1260	the	I-PRODUCT
107	1261	West	I-PRODUCT
107	1262	Demo	O
107	1263	Coming	O
107	1264	to	O
107	1265	PlayStation	B-PRODUCT
107	1266	Network	I-PRODUCT
107	1267	on	O
107	1268	September	O
107	1269	...	O
108	1270	Home	O
108	1271	made	O
108	1272	cod	O
108	1273	&	O
108	1274	chips	O
108	1275	+	O
108	1276	bottle	O
108	1277	of	O
108	1278	Microsoft	B-COMPANY
108	1279	provided	O
108	1280	champagne	O
108	1281	=	O
108	1282	top	O
108	1283	class	O
108	1284	Friday	O
108	1285	;-	O
108	1286	Is	O
108	1287	all	O
108	1288	done	O
108	1289	getting	O
108	1290	things	O
108	1291	set	O
108	1292	up	O
108	1293	for	O
108	1294	the	O
108	1295	Ultimate	B-OTHER
108	1296	Magic	I-OTHER
108	1297	playtest	O
108	1298	that	O
108	1299	starts	O
108	1300	on	O
108	1301	Monday	O
108	1302	.	O
109	1303	Ca	O
109	1304	n't	O
109	1305	wait	O
109	1306	to	O
109	1307	see	O
109	1308	what	O
109	1309	people	O
109	1310	think	O
109	1311	.	O
110	1312	The	B-MUSICARTIST
110	1313	Maccabees	I-MUSICARTIST
110	1314	are	O
110	1315	the	O
110	1316	love	O
110	1317	of	O
110	1318	my	O
110	1319	life	O
110	1320	.	O
111	1321	one	O
111	1322	day	O
111	1323	i	O
111	1324	will	O
111	1325	be	O
111	1326	married	O
111	1327	to	O
111	1328	all	O
111	1329	of	O
111	1330	them	O
111	1331	.	O
112	1332	Mayday	O
112	1333	Parade	O
112	1334	&	O
112	1335	The	O
112	1336	Maine	O
112	1337	in	O
112	1338	like	O
112	1339	16	O
112	1340	days	O
112	1341	,	O
112	1342	excitedddd	O
112	1343	.	O
113	1344	All	O
113	1345	time	O
113	1346	low	O
113	1347	next	O
113	1348	year	O
113	1349	,	O
113	1350	maybe	O
113	1351	.	O
114	1352	Amazon	B-COMPANY
114	1353	U.K.	I-COMPANY
115	1354	Offering	O
115	1355	HTC	B-PRODUCT
115	1356	Desire	I-PRODUCT
115	1357	Z	I-PRODUCT
115	1358	Unlocked	O
115	1359	October	O
115	1360	11	O
115	1361	We	O
115	1362	just	O
115	1363	got	O
115	1364	official	O
115	1365	word	O
115	1366	of	O
115	1367	the	O
115	1368	HTC	B-PRODUCT
115	1369	Desire	I-PRODUCT
115	1370	Z	I-PRODUCT
115	1371	earlier	O
115	1372	in	O
115	1373	Lo	O
115	1374	...	O
116	1375	Me	O
116	1376	neither	O
116	1377	.	O
117	1378	It	O
117	1379	's	O
117	1380	tough	O
117	1381	to	O
117	1382	get	O
117	1383	away	O
117	1384	.	O
118	1385	There	O
118	1386	is	O
118	1387	one	O
118	1388	Tuesday	O
118	1389	in	O
118	1390	AUS	B-GEO-LOC
118	1391	and	O
118	1392	the	O
118	1393	one	O
118	1394	in	O
118	1395	RR	B-GEO-LOC
118	1396	on	O
118	1397	Friday	O
118	1398	.	O
119	1399	We	O
119	1400	should	O
119	1401	go	O
119	1402	so	O
119	1403	I	O
119	1404	have	O
119	1405	a	O
119	1406	friend	O
119	1407	!	O
120	1408	RT	O
120	1409	Today	O
120	1410	,	O
120	1411	I	O
120	1412	saw	O
120	1413	a	O
120	1414	guy	O
120	1415	driving	O
120	1416	a	O
120	1417	Pepsi	B-COMPANY
120	1418	truck	O
120	1419	,	O
120	1420	drinking	O
120	1421	a	O
120	1422	Coke	B-PRODUCT
120	1423	.	O
121	1424	MLIA	O
121	1425	I	O
121	1426	've	O
121	1427	just	O
121	1428	watched	O
121	1429	first	O
121	1430	four	O
121	1431	episodes	O
121	1432	of	O
121	1433	K-On	B-TVSHOW
121	1434	for	O
121	1435	the	O
121	1436	first	O
121	1437	time	O
121	1438	!	O
122	1439	3	O
122	1440	AI	O
122	1441	DEMAND	O
122	1442	RELEASE	O
122	1443	FOR	O
122	1444	SYRIAN	O
122	1445	BLOGGER	O
122	1446	17-9-2010Tal	O
122	1447	al-Mallohi	B-PERSON
122	1448	,	O
122	1449	a	O
122	1450	19-year-old	O
122	1451	Syrian	O
122	1452	woman	O
122	1453	,	O
122	1454	has	O
122	1455	been	O
122	1456	held	O
122	1457	incommun	O
122	1458	...	O
123	1459	Y	B-MUSICARTIST
123	1460	La	I-MUSICARTIST
123	1461	Bamba	I-MUSICARTIST
123	1462	Playing	O
123	1463	a	O
123	1464	show	O
123	1465	in	O
123	1466	Portland	B-GEO-LOC
123	1467	,	O
123	1468	OR	O
123	1469	at	O
123	1470	9:00	O
123	1471	PM	O
123	1472	today	O
123	1473	at	O
123	1474	Mississippi	B-FACILITY
123	1475	Studios	I-FACILITY
123	1476	we	O
123	1477	beat	O
123	1478	kilkenny	B-GEO-LOC
123	1479	after	O
123	1480	they	O
123	1481	beat	O
123	1482	us	O
123	1483	for	O
123	1484	the	O
123	1485	last	O
123	1486	4	O
123	1487	years	O
123	1488	in	O
123	1489	the	O
123	1490	hurling	O
123	1491	.	O
124	1492	Woo	O
124	1493	!!!	O
125	1494	Rock	O
125	1495	to	O
125	1496	SECTION	O
125	1497	204	O
125	1498	tonight	O
125	1499	!!!!	O
126	1500	Israel	B-GEO-LOC
126	1501	grinds	O
126	1502	to	O
126	1503	a	O
126	1504	halt	O
126	1505	for	O
126	1506	Yom	B-OTHER
126	1507	Kippur	I-OTHER
126	1508	fasting	O
126	1509	day	O
126	1510	wwrn.org	O
127	1511	Honored	O
127	1512	Double	O
127	1513	Diaomond	O
127	1514	as	O
127	1515	well	O
127	1516	Jan	B-PERSON
127	1517	Bloom	I-PERSON
127	1518	...	O
128	1519	her	O
128	1520	two	O
128	1521	beautiful	O
128	1522	daughters	O
128	1523	surprised	O
128	1524	her	O
128	1525	on	O
128	1526	stage	O
128	1527	,	O
128	1528	it	O
128	1529	was	O
128	1530	just	O
128	1531	sooo	O
128	1532	...	O
129	1533	Cowboy	O
129	1534	fans	O
129	1535	remember	O
129	1536	when	O
129	1537	Da	B-SPORTSTEAM
129	1538	Bears	I-SPORTSTEAM
129	1539	demolished	O
129	1540	you	O
129	1541	guys	O
129	1542	44-0	O
129	1543	in	O
129	1544	your	O
129	1545	own	O
129	1546	home	O
129	1547	in	O
129	1548	1985	O
129	1549	??	O
130	1550	same	O
130	1551	year	O
130	1552	we	O
130	1553	won	O
130	1554	the	O
130	1555	superbowl	O
130	1556	!	O
131	1557	Season	O
131	1558	opener	O
131	1559	for	O
131	1560	Bradley	B-SPORTSTEAM
131	1561	Soccer	I-SPORTSTEAM
131	1562	tonight	O
131	1563	!	O
132	1564	USM	B-OTHER
132	1565	get	O
132	1566	ready	O
132	1567	yours	O
132	1568	truly	O
132	1569	tonight	O
132	1570	at	O
132	1571	frat	B-FACILITY
132	1572	house	I-FACILITY
132	1573	Hattiesburg	I-FACILITY
132	1574	on	O
132	1575	the	O
132	1576	1s	O
132	1577	n	O
132	1578	2s	O
132	1579	!!	O
133	1580	Can	O
133	1581	your	O
133	1582	CMS	O
133	1583	guarantee	O
133	1584	pixel-precise	O
133	1585	output	O
133	1586	when	O
133	1587	compared	O
133	1588	to	O
133	1589	our	O
133	1590	MS-Paint	O
133	1591	designs	O
133	1592	?	O
134	1593	For	O
134	1594	code	O
134	1595	I	O
134	1596	've	O
134	1597	written	O
134	1598	since	O
134	1599	Sept	O
134	1600	9	O
134	1601	,	O
134	1602	the	O
134	1603	delay	O
134	1604	between	O
134	1605	commit	O
134	1606	to	O
134	1607	SCM	O
134	1608	and	O
134	1609	running	O
134	1610	on	O
134	1611	customer	O
134	1612	hardware	O
134	1613	has	O
134	1614	been	O
134	1615	about	O
134	1616	10	O
134	1617	days	O
134	1618	.	O
135	1619	Pls	O
135	1620	RT	O
135	1621	-	O
135	1622	NIGHT	O
135	1623	golf	O
135	1624	tournament	O
135	1625	9/25	O
135	1626	to	O
135	1627	benefit	O
135	1628	3	O
135	1629	year	O
135	1630	old	O
135	1631	Penny	B-PERSON
135	1632	of	O
135	1633	Mesa	B-GEO-LOC
135	1634	,	O
135	1635	AZ	B-GEO-LOC
135	1636	who	O
135	1637	had	O
135	1638	heart	O
135	1639	transplant	O
135	1640	.	O
136	1641	www.flancers.com	O
137	1642	4	O
137	1643	info	O
137	1644	RT	O
137	1645	We're	O
137	1646	playing	O
137	1647	a	O
137	1648	show	O
137	1649	with	O
137	1650	KISS	B-MUSICARTIST
137	1651	tomorrow	O
137	1652	.	O
138	1653	Can't	O
138	1654	say	O
138	1655	I	O
138	1656	saw	O
138	1657	that	O
138	1658	coming	O
138	1659	5	O
138	1660	years	O
138	1661	ago	O
138	1662	...	O
139	1663	Business	B-COMPANY
139	1664	Alliance	I-COMPANY
139	1665	will	O
139	1666	save	O
139	1667	you	O
139	1668	time	O
139	1669	and	O
139	1670	money	O
139	1671	and	O
139	1672	most	O
139	1673	importantly	O
139	1674	,	O
139	1675	match	O
139	1676	you	O
139	1677	with	O
139	1678	the	O
139	1679	right	O
139	1680	franchise	O
139	1681	.	O
140	1682	check	O
140	1683	out	O
140	1684	at	O
140	1685	before	O
140	1686	the	O
140	1687	season	O
140	1688	even	O
140	1689	starts	O
140	1690	i	O
140	1691	will	O
140	1692	not	O
140	1693	respond	O
140	1694	to	O
140	1695	any	O
140	1696	new	O
140	1697	found	O
140	1698	miami	B-SPORTSTEAM
140	1699	heat	I-SPORTSTEAM
140	1700	fans	O
140	1701	...	O
141	1702	Winner	O
141	1703	will	O
141	1704	be	O
141	1705	chosen	O
141	1706	Monday	O
141	1707	morning	O
141	1708	.	O
142	1709	Get	O
142	1710	your	O
142	1711	caption	O
142	1712	in	O
142	1713	the	O
142	1714	funny	O
142	1715	photo	O
142	1716	caption	O
142	1717	contest-	O
142	1718	Nadal	B-PERSON
142	1719	and	O
142	1720	Novak	B-PERSON
142	1721	in	O
142	1722	the	O
142	1723	tub	O
142	1724	Been	O
142	1725	trying	O
142	1726	to	O
142	1727	find	O
142	1728	a	O
142	1729	copy	O
142	1730	of	O
142	1731	Nostalgia	B-PRODUCT
142	1732	for	O
142	1733	years	O
142	1734	.	O
143	1735	I	O
143	1736	position	O
143	1737	to	O
143	1738	Manchester	B-GEO-LOC
143	1739	tomorrow	O
143	1740	on	O
143	1741	BA	O
143	1742	2910	O
143	1743	and	O
143	1744	fly	O
143	1745	to	O
143	1746	Barbados	B-GEO-LOC
143	1747	on	O
143	1748	Sunday	O
143	1749	Dems	B-OTHER
143	1750	to	O
143	1751	voters	O
143	1752	You	O
143	1753	may	O
143	1754	hate	O
143	1755	us	O
143	1756	,	O
143	1757	but	O
143	1758	GOP	B-OTHER
143	1759	is	O
143	1760	worse	O
143	1761	AP	B-OTHER
143	1762	Yahoo	B-COMPANY
143	1763	!	O
144	1764	Share	O
144	1765	With	O
144	1766	Friends	O
144	1767	|	O
144	1768	Latest	O
144	1769	Top	O
144	1770	Ne	O
144	1771	...	O
145	1772	Jupiter	B-GEO-LOC
145	1773	Closest	O
145	1774	Approach	O
145	1775	in	O
145	1776	Nearly	O
145	1777	50	O
145	1778	years	O
145	1779	.	O
146	1780	Catch	O
146	1781	it	O
146	1782	nxt	O
146	1783	week	O
146	1784	.	O
147	1785	It	O
147	1786	wnt	O
147	1787	B	O
147	1788	that	O
147	1789	big	O
147	1790	or	O
147	1791	bright	O
147	1792	again	O
147	1793	til	O
147	1794	2022	O
147	1795	I	O
147	1796	just	O
147	1797	took	O
147	1798	When	O
147	1799	your	O
147	1800	mom	O
147	1801	makes	O
147	1802	you	O
147	1803	go	O
147	1804	live	O
147	1805	with	O
147	1806	your	O
147	1807	dad	O
147	1808	Scooter	B-PERSON
147	1809	Braun	I-PERSON
147	1810	,	O
147	1811	your	O
147	1812	life	O
147	1813	"..."""	O
148	1814	and	O
148	1815	got	O
148	1816	Part	O
148	1817	7	O
148	1818	!	O
149	1819	Try	O
149	1820	it	O
149	1821	What	O
149	1822	Do	O
149	1823	S.F.	B-GEO-LOC
150	1824	Rabbis	O
150	1825	Eat	O
150	1826	Before	O
150	1827	and	O
150	1828	After	O
150	1829	Yom	B-OTHER
150	1830	Kippur	I-OTHER
150	1831	?	O
151	1832	We	O
151	1833	Asked	O
151	1834	Five	O
151	1835	to	O
151	1836	Enlighten	O
151	1837	Us	O
151	1838	!	O
152	1839	via	O
152	1840	Pope	B-PERSON
152	1841	Benedict	I-PERSON
152	1842	trip	O
152	1843	Why	O
152	1844	move	O
152	1845	John	B-PERSON
152	1846	Henry	I-PERSON
152	1847	Newman	I-PERSON
152	1848	toward	O
152	1849	sainthood	O
152	1850	?:	O
153	1851	Pope	B-PERSON
153	1852	Benedict	I-PERSON
153	1853	XVI	I-PERSON
153	1854	plans	O
153	1855	on	O
153	1856	Sunday	O
153	1857	during	O
153	1858	his	O
153	1859	sta	O
153	1860	...	O
154	1861	Hopefully	O
154	1862	the	O
154	1863	Force	O
154	1864	will	O
154	1865	be	O
154	1866	VERY	O
154	1867	strong	O
154	1868	with	O
154	1869	the	O
154	1870	tonight	O
154	1871	.	O
155	1872	We	O
155	1873	NEED	O
155	1874	a	O
155	1875	win	O
155	1876	.	O
156	1877	Gotta	O
156	1878	love	O
156	1879	the	O
156	1880	bumper	O
156	1881	stickers	O
156	1882	of	O
156	1883	Fayette	B-GEO-LOC
156	1884	County	I-GEO-LOC
156	1885	Ever	O
156	1886	wonder	O
156	1887	if	O
156	1888	there	O
156	1889	is	O
156	1890	life	O
156	1891	after	O
156	1892	death	O
156	1893	?	O
157	1894	Touch	O
157	1895	my	O
157	1896	truck	O
157	1897	and	O
157	1898	'll	O
157	1899	find	O
157	1900	out	O
157	1901	"."""	O
158	1902	I	O
158	1903	split	O
158	1904	my	O
158	1905	time	O
158	1906	now	O
158	1907	btwn	O
158	1908	SF	B-GEO-LOC
158	1909	and	O
158	1910	San	B-GEO-LOC
158	1911	Mateo	I-GEO-LOC
158	1912	-CHANGE	O
158	1913	OF	O
158	1914	ROOM	O
158	1915	!	O
159	1916	-	O
159	1917	FATHER'S	O
159	1918	DAY	O
159	1919	auditions	O
159	1920	Sept	O
159	1921	25	O
159	1922	CANWEST	B-FACILITY
159	1923	Center	I-FACILITY
159	1924	for	O
159	1925	Theater	O
159	1926	and	O
159	1927	Film	O
159	1928	U	B-GEO-LOC
159	1929	of	I-GEO-LOC
159	1930	W	I-GEO-LOC
159	1931	ROOM	O
159	1932	0T15	O
159	1933	11:30	O
159	1934	am	O
159	1935	-	O
159	1936	4:00	O
159	1937	PM	O
159	1938	.	O
160	1939	Bloggers	O
160	1940	Who	O
160	1941	are	O
160	1942	you	O
160	1943	writing	O
160	1944	for	O
160	1945	?	O
161	1946	|	O
161	1947	Social	O
161	1948	Media	O
161	1949	Today	O
161	1950	5	O
161	1951	Things	O
161	1952	You	O
161	1953	Need	O
161	1954	To	O
161	1955	Do	O
161	1956	Before	O
161	1957	Contacting	O
161	1958	A	O
161	1959	Professional	O
161	1960	Photographer	O
161	1961	got	O
161	1962	mine	O
161	1963	in	O
161	1964	bbt	O
161	1965	aintree	B-GEO-LOC
161	1966	today	O
161	1967	.	O
162	1968	Played	O
162	1969	table	O
162	1970	tennis	O
162	1971	on	O
162	1972	it	O
162	1973	in	O
162	1974	store	O
162	1975	!	O
163	1976	V	O
163	1977	impressed	O
163	1978	.	O
164	1979	Did	O
164	1980	you	O
164	1981	get	O
164	1982	analogue	O
164	1983	controller	O
164	1984	2	O
164	1985	?	O
165	1986	Balloon	O
165	1987	glowing	O
165	1988	?	O
166	1989	We'd	O
166	1990	love	O
166	1991	to	O
166	1992	see	O
166	1993	you	O
166	1994	before	O
166	1995	or	O
166	1996	after	O
166	1997	at	O
166	1998	Pi	B-GEO-LOC
166	1999	!	O
167	2000	CWE	B-GEO-LOC
167	2001	and	O
167	2002	Delmar	B-GEO-LOC
167	2003	are	O
167	2004	around	O
167	2005	the	O
167	2006	corner	O
167	2007	,	O
167	2008	Kirkwood	B-GEO-LOC
167	2009	&	O
167	2010	...	O
168	2011	Have	O
168	2012	a	O
168	2013	practice	O
168	2014	session	O
168	2015	Field	O
168	2016	today	O
168	2017	at	O
168	2018	6pm	O
168	2019	.	O
169	2020	Hope	O
169	2021	i	O
169	2022	shine	O
169	2023	well	O
169	2024	and	O
169	2025	start	O
169	2026	the	O
169	2027	next	O
169	2028	game	O
169	2029	.	O
170	2030	:)	O
171	2031	GaGa	B-PERSON
171	2032	played	O
171	2033	here	O
171	2034	a	O
171	2035	few	O
171	2036	weeks	O
171	2037	back	O
171	2038	.	O
172	2039	She	O
172	2040	spoke	O
172	2041	out	O
172	2042	against	O
172	2043	SB1070	B-PRODUCT
172	2044	during	O
172	2045	the	O
172	2046	show	O
172	2047	.	O
173	2048	God	O
173	2049	bless	O
173	2050	her	O
173	2051	for	O
173	2052	that	O
173	2053	.	O
174	2054	Still	O
174	2055	dislike	O
174	2056	Early	O
174	2057	Decision	O
174	2058	for	O
174	2059	most	O
174	2060	kids	O
174	2061	,	O
174	2062	but	O
174	2063	Early	O
174	2064	Action	O
174	2065	can	O
174	2066	be	O
174	2067	great	O
174	2068	when	O
174	2069	used	O
174	2070	thoughtfully	O
174	2071	.	O
175	2072	From	O
175	2073	Green	O
175	2074	Newsfeed	O
175	2075	AHFA	B-OTHER
175	2076	extends	O
175	2077	deadline	O
175	2078	for	O
175	2079	Sage	B-OTHER
175	2080	Award	I-OTHER
175	2081	to	O
175	2082	Nov	O
175	2083	.	O
176	2084	5	O
176	2085	just	O
176	2086	about	O
176	2087	off	O
176	2088	work	O
176	2089	!	O
177	2090	going	O
177	2091	to	O
177	2092	alderwood	B-GEO-LOC
177	2093	again	O
177	2094	:)	O
178	2095	yay	O
178	2096	.	O
179	2097	hopefully	O
179	2098	we	O
179	2099	got	O
179	2100	cody	O
179	2101	's	O
179	2102	ipod	B-PRODUCT
179	2103	in	O
179	2104	the	O
179	2105	mail	O
179	2106	today	O
179	2107	.	O
180	2108	Adam	B-PERSON
180	2109	Beyer	I-PERSON
180	2110	Swedish	O
180	2111	Techno	O
180	2112	Pioneer	O
180	2113	When	O
180	2114	it	O
180	2115	comes	O
180	2116	to	O
180	2117	his	O
180	2118	own	O
180	2119	DJing	O
180	2120	and	O
180	2121	sound	O
180	2122	,	O
180	2123	he	O
180	2124	's	O
180	2125	slightly	O
180	2126	more	O
180	2127	diverse	O
180	2128	and	O
180	2129	likes	O
180	2130	...	O
181	2131	RT	O
181	2132	Playing	O
181	2133	the	O
181	2134	world	O
181	2135	exclusive	O
181	2136	of	O
181	2137	remix	O
181	2138	of	O
181	2139	-	O
181	2140	Miami	B-OTHER
181	2141	2	I-OTHER
181	2142	Ibiza	I-OTHER
181	2143	on	O
181	2144	the	O
181	2145	show	O
181	2146	tonight	O
181	2147	.	O
182	2148	Tune	O
182	2149	i	O
182	2150	...	O
183	2151	ok	O
183	2152	bed	O
183	2153	time	O
183	2154	.	O
184	2155	I	O
184	2156	think	O
184	2157	i'ma	O
184	2158	curl	O
184	2159	up	O
184	2160	and	O
184	2161	watch	O
184	2162	Sabrina	B-TVSHOW
184	2163	!!!	O
185	2164	Thanks	O
185	2165	!!!	O
186	2166	x	O
186	2167	RT	O
186	2168	Before	O
186	2169	Hurricane	B-OTHER
186	2170	Earl	I-OTHER
186	2171	comes	O
186	2172	,	O
186	2173	stock	O
186	2174	up	O
186	2175	on	O
186	2176	Polar	O
186	2177	Orange	O
186	2178	Dry	O
186	2179	!	O
187	2180	:)	O
188	2181	DJ	O
188	2182	set	O
188	2183	at	O
188	2184	The	B-FACILITY
188	2185	Standard	I-FACILITY
188	2186	in	O
188	2187	LA	B-GEO-LOC
188	2188	tonight	O
188	2189	!	O
189	2190	I	O
189	2191	have	O
189	2192	chance	O
189	2193	with	O
189	2194	you	O
189	2195	?	O
190	2196	webcam	O
190	2197	enters	O
190	2198	Sunday	O
190	2199	7:00	O
190	2200	pm	O
190	2201	?	O
191	2202	please	O
191	2203	?	O
192	2204	to	O
192	2205	talk	O
192	2206	right	O
192	2207	!	O
193	2208	kisses	O
193	2209	on	O
193	2210	the	O
193	2211	chin	O
193	2212	...	O
194	2213	four	O
194	2214	fucking	O
194	2215	years	O
194	2216	I	O
194	2217	've	O
194	2218	been	O
194	2219	configuring	O
194	2220	iBGP	B-OTHER
194	2221	and	O
194	2222	eBGP	B-OTHER
194	2223	on	O
194	2224	Cisco	B-COMPANY
194	2225	AND	O
194	2226	Juniper	B-COMPANY
194	2227	routers	O
194	2228	for	O
194	2229	America	B-GEO-LOC
194	2230	's	O
194	2231	largest	O
194	2232	wireless	O
194	2233	ISP	O
194	2234	...	O
195	2235	and	O
195	2236	I	O
195	2237	get	O
195	2238	a	O
195	2239	612	O
195	2240	Facebook	B-COMPANY
195	2241	Job-Hunting	O
195	2242	App	O
195	2243	BranchOut	B-PRODUCT
195	2244	Raises	O
195	2245	$6	O
195	2246	Million	O
195	2247	From	O
195	2248	Accel	B-COMPANY
195	2249	And	O
195	2250	Super	O
195	2251	Angels	O
195	2252	When	O
195	2253	you	O
195	2254	want	O
195	2255	to	O
195	2256	hang	O
195	2257	out	O
195	2258	...	O
196	2259	CyberNation	O
196	2260	Sky	B-COMPANY
196	2261	3D	I-COMPANY
196	2262	enlists	O
196	2263	Stephen	B-PERSON
196	2264	Fry	I-PERSON
196	2265	to	O
196	2266	explain	O
196	2267	the	O
196	2268	technology	O
196	2269	ahead	O
196	2270	of	O
196	2271	its	O
196	2272	October	O
196	2273	1	O
196	2274	launch	O
196	2275	video	O
196	2276	With	O
196	2277	the	O
196	2278	o	O
196	2279	...	O
197	2280	'll	O
197	2281	be	O
197	2282	back	O
197	2283	in	O
197	2284	LA	B-GEO-LOC
197	2285	tomorrow	O
197	2286	night	O
197	2287	!	O
198	2288	yaaaay	O
198	2289	!	O
199	2290	Was	O
199	2291	hard	O
199	2292	work	O
199	2293	going	O
199	2294	to	O
199	2295	the	O
199	2296	gym	O
199	2297	on	O
199	2298	my	O
199	2299	own	O
199	2300	tonight	O
199	2301	but	O
199	2302	managed	O
199	2303	a	O
199	2304	30	O
199	2305	min	O
199	2306	run	O
199	2307	and	O
199	2308	plenty	O
199	2309	of	O
199	2310	weights	O
199	2311	.	O
200	2312	Catching	O
200	2313	up	O
200	2314	on	O
200	2315	ufc	B-COMPANY
200	2316	now	O
200	2317	Let	O
200	2318	's	O
200	2319	go	O
200	2320	to	O
200	2321	New	B-GEO-LOC
200	2322	York	I-GEO-LOC
200	2323	tomorrow	O
200	2324	with	O
200	2325	Blakehurst	B-OTHER
200	2326	.	O
201	2327	Contact	O
201	2328	us	O
201	2329	about	O
201	2330	your	O
201	2331	fall/winter	O
201	2332	trave	O
201	2333	410-336-3234	O
201	2334	A	O
201	2335	week	O
201	2336	in	O
201	2337	New	B-GEO-LOC
201	2338	Jersey	I-GEO-LOC
201	2339	,	O
201	2340	of	O
201	2341	all	O
201	2342	places	O
201	2343	,	O
201	2344	and	O
201	2345	I	O
201	2346	never	O
201	2347	want	O
201	2348	to	O
201	2349	hear	O
201	2350	a	O
201	2351	*Boston*	B-GEO-LOC
201	2352	accent	O
201	2353	again	O
201	2354	.	O
202	2355	Preventing	O
202	2356	Public	O
202	2357	Health	O
202	2358	Disasters	O
202	2359	The	O
202	2360	Pump	O
202	2361	Handle	O
202	2362	Earlier	O
202	2363	this	O
202	2364	week	O
202	2365	,	O
202	2366	FDA	B-OTHER
202	2367	Commissioner	O
202	2368	Margaret	B-PERSON
202	2369	Hamburg	I-PERSON
202	2370	present	O
202	2371	...	O
203	2372	Halo	B-PRODUCT
203	2373	Reach	I-PRODUCT
203	2374	was	O
203	2375	a	O
203	2376	bit	O
203	2377	crap	O
203	2378	tonight	O
203	2379	Marvin	B-PERSON
203	2380	Gaye	I-PERSON
203	2381	Day	O
203	2382	'Come	O
203	2383	to	O
203	2384	MRB	B-OTHER
203	2385	61	I-OTHER
203	2386	Roadhouse	I-OTHER
203	2387	BBQ	I-OTHER
203	2388	Sunday	O
203	2389	,	O
203	2390	October	O
203	2391	10	O
203	2392	from	O
203	2393	12:00	O
203	2394	pm	O
203	2395	to	O
203	2396	4:00	O
203	2397	pm	O
203	2398	.	O
204	2399	We	O
204	2400	are	O
204	2401	playing	O
204	2402	for	O
204	2403	the	O
204	2404	61	O
204	2405	Roadhouse	O
204	2406	...	O
205	2407	Day	O
205	2408	at	O
205	2409	T	O
205	2410	.	O
206	2411	epic	O
206	2412	interview	O
206	2413	and	O
206	2414	photo	O
206	2415	shoot	O
206	2416	with	O
206	2417	Marie	B-COMPANY
206	2418	Clair	I-COMPANY
206	2419	.	O
207	2420	You	O
207	2421	all	O
207	2422	need	O
207	2423	to	O
207	2424	know	O
207	2425	justin	B-PERSON
207	2426	isnt	O
207	2427	the	O
207	2428	innocent	O
207	2429	16	O
207	2430	year	O
207	2431	old	O
207	2432	boy	O
207	2433	you	O
207	2434	think	O
207	2435	he	O
207	2436	is	O
207	2437	he	O
207	2438	has	O
207	2439	to	O
207	2440	be	O
207	2441	like	O
207	2442	that	O
207	2443	and	O
207	2444	love	O
207	2445	his	O
207	2446	fans	O
207	2447	so	O
207	2448	...	O
208	2449	Soulja	B-PERSON
208	2450	Boy	I-PERSON
208	2451	|	O
208	2452	TheDeAndreWay	O
208	2453	.	O
209	2454	com	O
209	2455	-	O
209	2456	The	O
209	2457	DeAndre	O
209	2458	Way	O
209	2459	in	O
209	2460	stores	O
209	2461	Nov	O
209	2462	.	O
210	2463	2	O
210	2464	,	O
210	2465	2010	O
210	2466	via	O
210	2467	Is	O
210	2468	Joaquin	B-PERSON
210	2469	Phoenix	I-PERSON
210	2470	Our	O
210	2471	Modern	O
210	2472	Day	O
210	2473	Andy	B-PERSON
210	2474	Kaufman	I-PERSON
210	2475	?:	O
211	2476	...	O
212	2477	the	O
212	2478	bizarre	O
212	2479	events	O
212	2480	leading	O
212	2481	up	O
212	2482	to	O
212	2483	this	O
212	2484	moment	O
212	2485	,	O
212	2486	the	O
212	2487	movie	O
212	2488	could	O
212	2489	...	O
213	2490	I	O
213	2491	like	O
213	2492	songs	O
213	2493	after	O
213	2494	a	O
213	2495	few	O
213	2496	drinks	O
213	2497	800	O
213	2498	miles	O
213	2499	to	O
213	2500	see	O
213	2501	clients	O
213	2502	,	O
213	2503	3	O
213	2504	ACC	O
213	2505	candidate/commissioner	O
213	2506	meetings	O
213	2507	,	O
213	2508	big	O
213	2509	press	O
213	2510	release	O
213	2511	,	O
213	2512	making	O
213	2513	it	O
213	2514	to	O
213	2515	Friday	O
213	2516	..	O
214	2517	PRICELESS	O
214	2518	!	O
215	2519	talking	O
215	2520	about	O
215	2521	as	O
215	2522	far	O
215	2523	as	O
215	2524	shooting	O
215	2525	for	O
215	2526	location	O
215	2527	its	O
215	2528	going	O
215	2529	to	O
215	2530	be	O
215	2531	on	O
215	2532	so	O
215	2533	by	O
215	2534	the	O
215	2535	end	O
215	2536	of	O
215	2537	the	O
215	2538	month	O
215	2539	i	O
215	2540	should	O
215	2541	know	O
215	2542	something	O
215	2543	Branching	O
215	2544	out	O
215	2545	from	O
215	2546	Lincoln	B-PRODUCT
215	2547	park	I-PRODUCT
215	2548	after	I-PRODUCT
215	2549	dark	I-PRODUCT
215	2550	...	O
216	2551	Hello	O
216	2552	Russian	B-PRODUCT
216	2553	navy	I-PRODUCT
216	2554	it	O
216	2555	's	O
216	2556	like	O
216	2557	the	O
216	2558	same	O
216	2559	thing	O
216	2560	but	O
216	2561	with	O
216	2562	glitter	O
216	2563	!	O
217	2564	where	O
217	2565	can	O
217	2566	I	O
217	2567	get	O
217	2568	the	O
217	2569	official	O
217	2570	set	O
217	2571	list	O
217	2572	to	O
217	2573	the	O
217	2574	show	O
217	2575	at	O
217	2576	Berkeley	B-GEO-LOC
217	2577	in	O
217	2578	Oct	O
217	2579	6th	O
217	2580	?!	O
218	2581	LOL	O
218	2582	A-W-E-S-O-M-E	O
218	2583	!!	O
219	2584	btw	O
219	2585	,	O
219	2586	totally	O
219	2587	agree	O
219	2588	RT	O
219	2589	Fall	B-MUSICARTIST
219	2590	Out	I-MUSICARTIST
219	2591	Boy	I-MUSICARTIST
219	2592	is	O
219	2593	gay	O
219	2594	I	O
219	2595	'm	O
219	2596	secretly	O
219	2597	a	O
219	2598	big	O
219	2599	time	O
219	2600	fan	O
219	2601	.	O
220	2602	GigaOM	O
220	2603	DRM	O
220	2604	FAIL	O
220	2605	Five	O
220	2606	Broken	O
220	2607	Copy	O
220	2608	Protection	O
220	2609	Schemes	O
220	2610	This	O
220	2611	week	O
220	2612	,	O
220	2613	we	O
220	2614	learned	O
220	2615	that	O
220	2616	the	O
220	2617	HDCP	O
220	2618	copy	O
220	2619	protection	O
220	2620	scheme	O
220	2621	...	O
221	2622	OMG	O
221	2623	!	O
222	2624	Miley	B-PERSON
222	2625	Cyrus	I-PERSON
222	2626	Has	O
222	2627	A	O
222	2628	14-Year-Old	O
222	2629	Stalker	O
222	2630	!:	O
223	2631	First	O
223	2632	Paris	B-PERSON
223	2633	Hilton	I-PERSON
223	2634	,	O
223	2635	now	O
223	2636	Miley	B-PERSON
223	2637	Cyrus	I-PERSON
223	2638	!	O
224	2639	Cops	O
224	2640	responded	O
224	2641	to	O
224	2642	a	O
224	2643	break	O
224	2644	in	O
224	2645	cal	O
224	2646	...	O
225	2647	I	O
225	2648	got	O
225	2649	slapped	O
225	2650	in	O
225	2651	the	O
225	2652	face	O
225	2653	the	O
225	2654	other	O
225	2655	day	O
225	2656	by	O
225	2657	a	O
225	2658	few	O
225	2659	DT	B-MUSICARTIST
225	2660	fans	O
225	2661	because	O
225	2662	I	O
225	2663	said	O
225	2664	you	O
225	2665	were	O
225	2666	awesome	O
225	2667	for	O
225	2668	joining	O
225	2669	A7X	O
225	2670	.	O
226	2671	So	O
226	2672	worth	O
226	2673	it	O
226	2674	.	O
227	2675	foREVer	O
227	2676	!	O
228	2677	CT/Rad	O
228	2678	Tech	O
228	2679	-	O
228	2680	PRN	O
228	2681	TX-Fort	O
228	2682	Worth	O
228	2683	,	O
228	2684	When	O
228	2685	physicians	O
228	2686	own	O
228	2687	the	O
228	2688	hospital	O
228	2689	,	O
228	2690	the	O
228	2691	latest	O
228	2692	advances	O
228	2693	in	O
228	2694	medical	O
228	2695	s	O
228	2696	...	O
229	2697	I	O
229	2698	have	O
229	2699	a	O
229	2700	strong	O
229	2701	hunch	O
229	2702	Adam	B-PERSON
229	2703	will	O
229	2704	be	O
229	2705	a	O
229	2706	story	O
229	2707	on	O
229	2708	TMZ	B-TVSHOW
229	2709	tonight	O
229	2710	.	O
230	2711	Gulp	O
230	2712	.	O
231	2713	Rep	O
231	2714	.	O
232	2715	Bono	B-PERSON
232	2716	Mack	I-PERSON
232	2717	to	O
232	2718	criticize	O
232	2719	fellow	O
232	2720	desert	O
232	2721	dweller	O
232	2722	Barbara	B-PERSON
232	2723	Boxer	I-PERSON
232	2724	at	O
232	2725	event	O
232	2726	today	O
232	2727	.	O
233	2728	LIVESTRONG	B-OTHER
233	2729	Day	I-OTHER
233	2730	is	O
233	2731	10-02-10	O
233	2732	around	O
233	2733	the	O
233	2734	world	O
233	2735	.	O
234	2736	Apparently	O
234	2737	40	O
234	2738	days	O
234	2739	,	O
234	2740	1	O
234	2741	hour	O
234	2742	,	O
234	2743	49	O
234	2744	mins	O
234	2745	and	O
234	2746	36	O
234	2747	seconds	O
234	2748	to	O
234	2749	Doha	B-GEO-LOC
234	2750	....	O
235	2751	It	O
235	2752	's	O
235	2753	official	O
235	2754	.	O
236	2755	Next	O
236	2756	book	O
236	2757	club	O
236	2758	selection	O
236	2759	is	O
236	2760	Not	B-OTHER
236	2761	a	I-OTHER
236	2762	Genuine	I-OTHER
236	2763	Black	I-OTHER
236	2764	Man	I-OTHER
236	2765	by	O
236	2766	I	O
236	2767	saw	O
236	2768	the	O
236	2769	show	O
236	2770	a	O
236	2771	few	O
236	2772	years	O
236	2773	ago	O
236	2774	and	O
236	2775	it	O
236	2776	was	O
236	2777	fantastic	O
236	2778	.	O
237	2779	Buffs	O
237	2780	FB	O
237	2781	Giddings	B-GEO-LOC
237	2782	faces	O
237	2783	Elgin	B-GEO-LOC
237	2784	tonite	O
237	2785	Wildcat	B-FACILITY
237	2786	Stadium	I-FACILITY
237	2787	7:30	O
237	2788	.	O
238	2789	The	B-SPORTSTEAM
238	2790	Buffs	I-SPORTSTEAM
238	2791	will	O
238	2792	try	O
238	2793	to	O
238	2794	re-group	O
238	2795	after	O
238	2796	two	O
238	2797	straight	O
238	2798	losses	O
238	2799	.	O
239	2800	Updates	O
239	2801	on	O
239	2802	LCL	B-COMPANY
239	2803	I	O
239	2804	have	O
239	2805	n't	O
239	2806	tried	O
239	2807	MAC	B-COMPANY
239	2808	.	O
240	2809	Next	O
240	2810	time	O
240	2811	!	O
241	2812	super	B-PRODUCT
241	2813	nintendo	I-PRODUCT
241	2814	sega	B-PRODUCT
241	2815	genesis	I-PRODUCT
241	2816	,	O
241	2817	when	O
241	2818	i	O
241	2819	was	O
241	2820	dead	O
241	2821	broke	O
241	2822	man	O
241	2823	i	O
241	2824	couldn't	O
241	2825	picture	O
241	2826	this	O
241	2827	!	O
242	2828	Juicy	O
242	2829	by	O
242	2830	Biggie	O
242	2831	watching	O
242	2832	the	O
242	2833	VMA	B-TVSHOW
242	2834	pre-show	O
242	2835	again	O
242	2836	lol	O
242	2837	it	O
242	2838	was	O
242	2839	n't	O
242	2840	even	O
242	2841	a	O
242	2842	good	O
242	2843	show	O
242	2844	the	O
242	2845	first	O
242	2846	time	O
242	2847	...	O
243	2848	so	O
243	2849	bored	O
243	2850	!	O
244	2851	Haven't	O
244	2852	tweeted	O
244	2853	since	O
244	2854	june	O
244	2855	wow	O
244	2856	.......................	O
245	2857	but	O
245	2858	I	O
245	2859	did	O
245	2860	get	O
245	2861	a	O
245	2862	facebook	B-COMPANY
245	2863	so	O
245	2864	who	O
245	2865	cares	O
245	2866	about	O
245	2867	twitter	B-COMPANY
245	2868	RT	O
245	2869	What	O
245	2870	a	O
245	2871	day	O
245	2872	in	O
245	2873	!	O
246	2874	Watch	O
246	2875	at	O
246	2876	6	O
246	2877	for	O
246	2878	details	O
246	2879	on	O
246	2880	the	O
246	2881	latest	O
246	2882	growhouse	O
246	2883	bust	O
246	2884	and	O
246	2885	the	O
246	2886	county	O
246	2887	's	O
246	2888	first-ever	O
246	2889	West	O
246	2890	Nile	O
246	2891	d	O
246	2892	...	O
247	2893	30	O
247	2894	Mosques	O
247	2895	in	O
247	2896	30	O
247	2897	Days	O
247	2898	A	O
247	2899	Trip	O
247	2900	Through	O
247	2901	Islamic	O
247	2902	America	O
247	2903	Best	O
247	2904	in	O
247	2905	tonight	O
247	2906	with	O
247	2907	the	O
247	2908	return	O
247	2909	of	O
247	2910	Breaking	B-MUSICARTIST
247	2911	&	I-MUSICARTIST
247	2912	Entering	I-MUSICARTIST
247	2913	.	O
248	2914	Be	O
248	2915	sure	O
248	2916	to	O
248	2917	come	O
248	2918	down	O
248	2919	to	O
248	2920	Hi	B-FACILITY
248	2921	Pac	I-FACILITY
248	2922	and	O
248	2923	check	O
248	2924	it	O
248	2925	out	O
248	2926	!	O
249	2927	3	O
249	2928	tour	O
249	2929	coaches	O
249	2930	with	O
249	2931	a	O
249	2932	police	O
249	2933	escort	O
249	2934	in	O
249	2935	Chapel	B-GEO-LOC
249	2936	Hill	I-GEO-LOC
249	2937	...	O
250	2938	game	O
250	2939	tonight	O
250	2940	?	O
251	2941	Let	O
251	2942	's	O
251	2943	hope	O
251	2944	the	O
251	2945	Serie	B-OTHER
251	2946	A	I-OTHER
251	2947	continues	O
251	2948	to	O
251	2949	be	O
251	2950	on	O
251	2951	the	O
251	2952	tv	O
251	2953	schedule	O
251	2954	next	O
251	2955	week	O
251	2956	.	O
252	2957	This	O
252	2958	strike	O
252	2959	has	O
252	2960	fans	O
252	2961	of	O
252	2962	Calcio	B-GEO-LOC
252	2963	worried	O
252	2964	....	O
253	2965	I	O
253	2966	just	O
253	2967	took	O
253	2968	After	O
253	2969	getting	O
253	2970	trampled	O
253	2971	at	O
253	2972	a	O
253	2973	Justin	B-PERSON
253	2974	Bieber	I-PERSON
253	2975	concert	O
253	2976	,	O
253	2977	yoiu	O
253	2978	wake	O
253	2979	up	O
253	2980	and	O
253	2981	"..."""	O
254	2982	and	O
254	2983	got	O
254	2984	Part	O
254	2985	6	O
254	2986	:)	O
255	2987	!	O
256	2988	Try	O
256	2989	it	O
256	2990	anyone	O
256	2991	else	O
256	2992	ever	O
256	2993	have	O
256	2994	a	O
256	2995	problem	O
256	2996	moving	O
256	2997	a	O
256	2998	Hyper	B-OTHER
256	2999	V	I-OTHER
256	3000	guest	O
256	3001	from	O
256	3002	a	O
256	3003	server	B-PRODUCT
256	3004	2008	I-PRODUCT
256	3005	to	O
256	3006	server	B-PRODUCT
256	3007	2008	I-PRODUCT
256	3008	R2	I-PRODUCT
256	3009	host	O
256	3010	?	O
257	3011	Having	O
257	3012	strange	O
257	3013	lock	O
257	3014	up	O
257	3015	after	O
257	3016	the	O
257	3017	move	O
257	3018	..	O
258	3019	...	O
259	3020	ive	O
259	3021	been	O
259	3022	to	O
259	3023	13	O
259	3024	30stm	B-MUSICARTIST
259	3025	concerts	O
259	3026	now	O
259	3027	and	O
259	3028	you	O
259	3029	never	O
259	3030	got	O
259	3031	me	O
259	3032	on	O
259	3033	stage	O
259	3034	during/before	O
259	3035	kings	B-MUSICARTIST
259	3036	and	I-MUSICARTIST
259	3037	queens	I-MUSICARTIST
259	3038	:(	O
260	3039	Time	B-COMPANY
260	3040	Warner	I-COMPANY
260	3041	Cable	I-COMPANY
260	3042	Boycotting	O
260	3043	Epix	B-OTHER
260	3044	Movie	I-OTHER
260	3045	Channel	I-OTHER
260	3046	Because	O
260	3047	It	O
260	3048	Did	O
260	3049	A	O
260	3050	Deal	O
260	3051	With	O
260	3052	Netflix	B-COMPANY
260	3053	RT	O
260	3054	Headed	O
260	3055	to	O
260	3056	Shreveport	B-GEO-LOC
260	3057	then	O
260	3058	Lake	B-GEO-LOC
260	3059	Charles	I-GEO-LOC
260	3060	-might	O
260	3061	as	O
260	3062	well	O
260	3063	shoot	O
260	3064	through	O
260	3065	dat	O
260	3066	after	O
260	3067	the	O
260	3068	slab	O
260	3069	show	O
260	3070	in	O
260	3071	Lake	B-GEO-LOC
260	3072	Charles	I-GEO-LOC
260	3073	..	O
261	3074	Bestfriend	O
261	3075	HouseTonight	O
261	3076	Til	O
261	3077	Sunday	O
261	3078	Route	O
261	3079	66	O
261	3080	Tomarrow	O
261	3081	Wit	O
261	3082	The	O
261	3083	Cuhzans	O
261	3084	,	O
261	3085	Bestfriend<Ride	O
261	3086	Or	O
261	3087	Die	O
261	3088	.	O
262	3089	Fuxx	O
262	3090	Widd	O
262	3091	IHT	O
262	3092	MODEL'$$	O
262	3093	Repp	O
262	3094	:)	O
263	3095	RT	O
263	3096	Eyeopener	B-SPORTSTEAM
263	3097	vs	O
263	3098	.	O
264	3099	Ryerson	B-SPORTSTEAM
264	3100	Quidditch	I-SPORTSTEAM
264	3101	team	O
264	3102	this	O
264	3103	Sunday	O
264	3104	at	O
264	3105	4	O
264	3106	p.m.	O
265	3107	Anyone	O
265	3108	know	O
265	3109	where	O
265	3110	to	O
265	3111	get	O
265	3112	cheap	O
265	3113	brooms	O
265	3114	?	O
266	3115	Lots	O
266	3116	of	O
266	3117	Merlot	B-PRODUCT
266	3118	on	O
266	3119	Thursday	O
266	3120	night	O
266	3121	means	O
266	3122	tired	O
266	3123	London	O
266	3124	Ladies	O
266	3125	are	O
266	3126	in	O
266	3127	bed	O
266	3128	by	O
266	3129	23.19	O
267	3130	on	O
267	3131	the	O
267	3132	Friday	O
267	3133	.	O
268	3134	Listening	O
268	3135	to	O
268	3136	the	O
268	3137	arts	O
268	3138	show	O
268	3139	on	O
268	3140	.	O
269	3141	That	O
269	3142	's	O
269	3143	nothing	O
269	3144	compared	O
269	3145	to	O
269	3146	the	O
269	3147	LaserDiscs	O
269	3148	I	O
269	3149	picked	O
269	3150	up	O
269	3151	at	O
269	3152	goodwill	O
269	3153	the	O
269	3154	other	O
269	3155	day	O
269	3156	.	O
270	3157	Completely	O
270	3158	useless	O
270	3159	those	O
270	3160	.	O
271	3161	Really	O
271	3162	hope	O
271	3163	I	O
271	3164	can	O
271	3165	get	O
271	3166	to	O
271	3167	for	O
271	3168	Winter	B-MOVIE
271	3169	's	I-MOVIE
271	3170	Bone	I-MOVIE
271	3171	-	O
271	3172	need	O
271	3173	to	O
271	3174	get	O
271	3175	on	O
271	3176	with	O
271	3177	job	O
271	3178	applications	O
271	3179	tonight	O
271	3180	then	O
271	3181	!	O
272	3182	Trailer	O
272	3183	DITR	O
272	3184	REI	O
272	3185	Update	O
272	3186	California	B-GEO-LOC
272	3187	Home	O
272	3188	Sales	O
272	3189	Decline	O
272	3190	Year-Over-Year	O
272	3191	By	O
272	3192	Michael	B-PERSON
272	3193	Kraus	I-PERSON
272	3194	on	O
272	3195	September	O
272	3196	17	O
272	3197	...	O
273	3198	Why	O
273	3199	do	O
273	3200	that	O
273	3201	to	O
273	3202	begin	O
273	3203	with	O
273	3204	?	O
274	3205	lols	O
274	3206	.	O
275	3207	When	O
275	3208	on	O
275	3209	vacation	O
275	3210	in	O
275	3211	Cebu	B-GEO-LOC
275	3212	,	O
275	3213	you	O
275	3214	do	O
275	3215	not	O
275	3216	sniff	O
275	3217	your	O
275	3218	roommate	O
275	3219	's	O
275	3220	boxers	O
275	3221	.	O
276	3222	RT	O
276	3223	Episodes	O
276	3224	1-10	O
276	3225	of	O
276	3226	Pretty	B-TVSHOW
276	3227	Little	I-TVSHOW
276	3228	Liars	I-TVSHOW
276	3229	will	O
276	3230	air	O
276	3231	in	O
276	3232	the	O
276	3233	UK	B-GEO-LOC
276	3234	on	O
276	3235	October	O
276	3236	18	O
276	3237	!	O
277	3238	Playboy	B-COMPANY
277	3239	-	O
277	3240	10	O
277	3241	October	O
277	3242	2010	O
277	3243	Slovenia	B-GEO-LOC
277	3244	Playboy	B-COMPANY
277	3245	-	O
277	3246	10	O
277	3247	October	O
277	3248	2010	O
277	3249	SloveniaSlovene	O
277	3250	|	O
277	3251	138	O
277	3252	pages	O
277	3253	|	O
277	3254	PDF	O
277	3255	|	O
277	3256	39.45	O
278	3257	Mb	O
278	3258	Looking	O
278	3259	for	O
278	3260	something	O
278	3261	to	O
278	3262	do	O
278	3263	tonight	O
278	3264	?	O
279	3265	Samuel	B-PERSON
279	3266	Savoirfaire	I-PERSON
279	3267	Williams	I-PERSON
279	3268	at	O
279	3269	Potbelly	B-FACILITY
279	3270	Lincoln	I-FACILITY
279	3271	Park	I-FACILITY
279	3272	in	O
279	3273	Chicago	B-GEO-LOC
279	3274	,	O
279	3275	IL	B-GEO-LOC
279	3276	Who	O
279	3277	do	O
279	3278	you	O
279	3279	film	O
279	3280	for	O
279	3281	?	O
280	3282	I	O
280	3283	was	O
280	3284	on	O
280	3285	SKY	B-OTHER
280	3286	news	I-OTHER
280	3287	2	O
280	3288	weeks	O
280	3289	ago	O
280	3290	BORDER	B-MUSICARTIST
280	3291	LINEA	I-MUSICARTIST
280	3292	IS	O
280	3293	TONIGHT	O
280	3294	!	O
281	3295	9	O
281	3296	p.m.	O
282	3297	to	O
282	3298	2	O
282	3299	a.m.	O
283	3300	NO	O
283	3301	COVER	O
283	3302	.	O
284	3303	Come	O
284	3304	by	O
284	3305	and	O
284	3306	see	O
284	3307	local	O
284	3308	musicians	O
284	3309	and	O
284	3310	artists	O
284	3311	showcased	O
284	3312	at	O
284	3313	Limelight	B-FACILITY
284	3314	on	O
284	3315	St	B-GEO-LOC
284	3316	.	I-GEO-LOC
285	3317	Mary's.	I-GEO-LOC
286	3318	I	O
286	3319	've	O
286	3320	got	O
286	3321	a	O
286	3322	theory	O
286	3323	that	O
286	3324	if	O
286	3325	you	O
286	3326	give	O
286	3327	100%	O
286	3328	all	O
286	3329	of	O
286	3330	the	O
286	3331	time	O
286	3332	,	O
286	3333	somehow	O
286	3334	things	O
286	3335	will	O
286	3336	work	O
286	3337	out	O
286	3338	in	O
286	3339	the	O
286	3340	end	O
286	3341	.	O
287	3342	-Larry	B-PERSON
287	3343	Bird	I-PERSON
287	3344	preciso	O
287	3345	de	O
287	3346	um	O
287	3347	BG	O
287	3348	do	O
287	3349	all	O
287	3350	time	O
287	3351	low	O
287	3352	ou	O
287	3353	do	O
287	3354	the	O
287	3355	maine	O
287	3356	Good	O
287	3357	golly	O
287	3358	.	O
288	3359	Who	O
288	3360	left	O
288	3361	the	O
288	3362	candy	O
288	3363	in	O
288	3364	the	O
288	3365	lunchroom	O
288	3366	.	O
289	3367	May	O
289	3368	set	O
289	3369	a	O
289	3370	world	O
289	3371	record	O
289	3372	for	O
289	3373	the	O
289	3374	most	O
289	3375	Sour	B-PRODUCT
289	3376	Patch	I-PRODUCT
289	3377	kids	I-PRODUCT
289	3378	eaten	O
289	3379	by	O
289	3380	an	O
289	3381	individual	O
289	3382	!	O
290	3383	Football	O
290	3384	game	O
290	3385	tonight	O
290	3386	with	O
290	3387	mariaelena	B-PERSON
290	3388	,	O
290	3389	sarah	B-PERSON
290	3390	,	O
290	3391	and	O
290	3392	brittany	B-PERSON
290	3393	!	O
291	3394	Mood	O
291	3395	excited	O
291	3396	!!	O
292	3397	GOO	O
292	3398	WB	B-SPORTSTEAM
292	3399	WILDCATS	I-SPORTSTEAM
292	3400	!	O
293	3401	I	O
293	3402	called	O
293	3403	my	O
293	3404	sister	O
293	3405	and	O
293	3406	she	O
293	3407	asked	O
293	3408	why	O
293	3409	i	O
293	3410	want	O
293	3411	a	O
293	3412	mcdonalds	B-COMPANY
293	3413	at	O
293	3414	this	O
293	3415	time	O
293	3416	of	O
293	3417	nigh	O
293	3418	t.i	O
294	3419	said	O
294	3420	blame	O
294	3421	rose	B-PERSON
294	3422	she	O
294	3423	said	O
294	3424	who	O
294	3425	's	O
294	3426	rose	B-PERSON
294	3427	?'	O
295	3428	lmao	O
295	3429	Blades	B-SPORTSTEAM
295	3430	trade	O
295	3431	Travis	B-PERSON
295	3432	Toomey	I-PERSON
295	3433	to	O
295	3434	Seattle	B-GEO-LOC
295	3435	for	O
295	3436	4th	O
295	3437	Rd	O
295	3438	Pick	O
295	3439	in	O
295	3440	11	B-OTHER
295	3441	Bantam	I-OTHER
295	3442	Draft	I-OTHER
295	3443	.	O
296	3444	7	O
296	3445	20-year	O
296	3446	olds	O
296	3447	remain	O
296	3448	.	O
297	3449	RT	O
297	3450	Every	O
297	3451	time	O
297	3452	I	O
297	3453	look	O
297	3454	I	O
297	3455	just	O
297	3456	be	O
297	3457	lost	O
297	3458	for	O
297	3459	words	O
297	3460	damn	O
297	3461	!	O
298	3462	Kid	B-PERSON
298	3463	Cudi	I-PERSON
298	3464	Opens	O
298	3465	Up	O
298	3466	About	O
298	3467	Cocaine	O
298	3468	Use	O
298	3469	,	O
298	3470	Failed	O
298	3471	Lady	O
298	3472	Gaga	O
298	3473	Tour	O
298	3474	by	O
298	3475	Mariel	B-PERSON
298	3476	Concepcion	I-PERSON
298	3477	,	O
298	3478	NY	B-GEO-LOC
298	3479	|	O
298	3480	September	O
298	3481	1	O
298	3482	...	O
299	3483	Now	O
299	3484	off	O
299	3485	for	O
299	3486	Sushi	O
299	3487	before	O
299	3488	Sundown	O
299	3489	YOU	O
299	3490	CAN	O
299	3491	DO	O
299	3492	IT	O
299	3493	!	O
300	3494	Just	O
300	3495	start	O
300	3496	with	O
300	3497	one	O
300	3498	task	O
300	3499	at	O
300	3500	a	O
300	3501	time	O
300	3502	.	O
301	3503	SO	O
301	3504	PROUD	O
301	3505	.	O
302	3506	also	O
302	3507	I	O
302	3508	haven't	O
302	3509	written	O
302	3510	a	O
302	3511	word	O
302	3512	since	O
302	3513	Sunday	O
302	3514	night	O
302	3515	.	O
303	3516	=(	O
304	3517	I	O
304	3518	wrote	O
304	3519	500	O
304	3520	on	O
304	3521	the	O
304	3522	plane	O
304	3523	.	O
305	3524	Yes	O
305	3525	,	O
305	3526	chapter	O
305	3527	five	O
305	3528	!	O
306	3529	lol	O
306	3530	;)	O
307	3531	RT	O
307	3532	RT	O
307	3533	this	O
307	3534	if	O
307	3535	you	O
307	3536	want	O
307	3537	me	O
307	3538	to	O
307	3539	go	O
307	3540	back	O
307	3541	live	O
307	3542	on	O
307	3543	Ustream	ORGANIZATION
307	3544	later	O
307	3545	tonight	O
307	3546	'I	O
307	3547	just	O
307	3548	took	O
307	3549	When	O
307	3550	your	O
307	3551	mom	O
307	3552	makes	O
307	3553	you	O
307	3554	go	O
307	3555	live	O
307	3556	with	O
307	3557	your	O
307	3558	dad	O
307	3559	Scooter	PERSON
307	3560	Braun	PERSON
307	3561	,	O
307	3562	your	O
307	3563	life	O
307	3564	turns	O
307	3565	"..."""	O
308	3566	and	O
308	3567	got	O
308	3568	Part	O
308	3569	1	O
308	3570	!	O
309	3571	Try	O
309	3572	it	O
309	3573	It	O
309	3574	's	O
309	3575	time	O
309	3576	to	O
309	3577	CELEBRATE	O
309	3578	!!!!!!	O
310	3579	YESSSSS	O
310	3580	!!!	O
311	3581	We	O
311	3582	going	O
311	3583	in	O
311	3584	tonight	O
311	3585	!!!!	O
312	3586	is	O
312	3587	there	O
312	3588	actually	O
312	3589	anything	O
312	3590	on	O
312	3591	UK	LOCATION
312	3592	tv	O
312	3593	tonight	O
312	3594	!	O
313	3595	I'll	O
313	3596	be	O
313	3597	gone	O
313	3598	till	O
313	3599	november	O
313	3600	,	O
313	3601	but	O
313	3602	I	O
313	3603	ain't	O
313	3604	even	O
313	3605	trippin	O
313	3606	cause	O
313	3607	I	O
313	3608	know	O
313	3609	drizzy	O
313	3610	gonna	O
313	3611	kill	O
313	3612	em	O
313	3613	!	O
314	3614	pig	O
314	3615	pinata	O
314	3616	for	O
314	3617	the	O
314	3618	big	O
314	3619	day	O
314	3620	?	O
315	3621	i'm	O
315	3622	off	O
315	3623	to	O
315	3624	bed	O
315	3625	!	O
316	3626	tomorrow	O
316	3627	i'll	O
316	3628	go	O
316	3629	to	O
316	3630	Nijverdal	LOCATION
316	3631	and	O
316	3632	meet	O
316	3633	there	O
316	3634	,	O
316	3635	on	O
316	3636	her	O
316	3637	sweeeet16	O
316	3638	check	O
316	3639	out	O
316	3640	auction	O
316	3641	starts	O
316	3642	tonight	O
316	3643	!	O
317	3644	Dreaming	O
317	3645	Storm	O
317	3646	argrgrgr	O
317	3647	hy	O
317	3648	is	O
317	3649	it	O
317	3650	already	O
317	3651	midway	O
317	3652	through	O
317	3653	sep	O
317	3654	!!!!	O
318	3655	:(	O
319	3656	tonight	O
319	3657	at	O
319	3658	The	LOCATION
319	3659	Lodge	LOCATION
319	3660	braised	O
319	3661	bison	O
319	3662	shortribs	O
319	3663	,	O
319	3664	kabocha	O
319	3665	squash	O
319	3666	risotto	O
319	3667	Thanks	O
319	3668	for	O
319	3669	all	O
319	3670	you	O
319	3671	do	O
319	3672	,	O
319	3673	,	O
319	3674	,	O
319	3675	.	O
320	3676	You	O
320	3677	bolstered	O
320	3678	my	O
320	3679	week	O
320	3680	.	O
321	3681	THAT	O
321	3682	is	O
321	3683	exactly	O
321	3684	how	O
321	3685	I	O
321	3686	am	O
321	3687	feelin	O
321	3688	!	O
322	3689	Just	O
322	3690	under	O
322	3691	1	O
322	3692	hour	O
322	3693	2	O
322	3694	go	O
322	3695	&	O
322	3696	still	O
322	3697	unsure	O
322	3698	.	O
323	3699	Havent	O
323	3700	slept	O
323	3701	in	O
323	3702	days	O
323	3703	thinkin	O
323	3704	about	O
323	3705	wat	O
323	3706	I	O
323	3707	wd	O
323	3708	wear	O
323	3709	and	O
323	3710	say	O
323	3711	!	O
324	3712	i	O
324	3713	decided	O
324	3714	im	O
324	3715	gonna	O
324	3716	sleep	O
324	3717	at	O
324	3718	my	O
324	3719	mommys	O
324	3720	tonight	O
324	3721	and	O
324	3722	hang	O
324	3723	out	O
324	3724	there	O
324	3725	after	O
324	3726	filming	O
324	3727	tomorrow	O
324	3728	morning	O
324	3729	till	O
324	3730	i	O
324	3731	work	O
324	3732	.	O
325	3733	oh	O
325	3734	the	O
325	3735	sacrafices	O
325	3736	i	O
325	3737	make	O
325	3738	.	O
326	3739	imma	O
326	3740	tell	O
326	3741	you	O
326	3742	one	O
326	3743	time	O
326	3744	!	O
327	3745	JUTHTIN	PERSON
327	3746	BEAVERRRR	PERSON
327	3747	!!!!	O
328	3748	All	O
328	3749	Night	O
328	3750	Skate	O
328	3751	Session	O
328	3752	tomorrow	O
328	3753	night	O
328	3754	!	O
329	3755	Hope	O
329	3756	to	O
329	3757	see	O
329	3758	you	O
329	3759	all	O
329	3760	there	O
329	3761	!	O
330	3762	sunny	O
330	3763	friday	O
330	3764	:)	O
331	3765	they	O
331	3766	giving	O
331	3767	the	O
331	3768	nigga	O
331	3769	a	O
331	3770	realllllll	O
331	3771	hard	O
331	3772	time	O
331	3773	about	O
331	3774	it	O
331	3775	lmfaoo	O
331	3776	as	O
331	3777	they	O
331	3778	should	O
331	3779	and	O
331	3780	now	O
331	3781	his	O
331	3782	feelings	O
331	3783	are	O
331	3784	hurt	O
331	3785	...	O
332	3786	i	O
332	3787	like	O
332	3788	him	O
332	3789	tho	O
332	3790	LMAO	O
332	3791	lol	O
332	3792	.	O
333	3793	Try	O
333	3794	cudos	O
333	3795	!	O
334	3796	I	O
334	3797	neva	O
334	3798	been	O
334	3799	round	O
334	3800	this	O
334	3801	time	O
334	3802	doe	O
334	3803	.	O
335	3804	CamelBak	MISC
335	3805	BPA-Free	MISC
335	3806	Better	MISC
335	3807	Bottle	MISC
335	3808	with	MISC
335	3809	Bite	MISC
335	3810	Valve	MISC
335	3811	by	O
335	3812	Camelbak	ORGANIZATION
335	3813	93	O
335	3814	days	O
335	3815	in	O
335	3816	the	O
335	3817	top	O
335	3818	100	O
335	3819	494Buy	O
335	3820	new	O
335	3821	$	O
335	3822	4.99	O
336	3823	-	O
336	3824	$1	O
336	3825	...	O
337	3826	Shoutout	O
337	3827	to	O
337	3828	for	O
337	3829	his	O
337	3830	help	O
337	3831	with	O
337	3832	DADT	MISC
337	3833	.	O
338	3834	Thanks	O
338	3835	for	O
338	3836	following	O
338	3837	.	O
339	3838	Good	O
339	3839	luck	O
339	3840	on	O
339	3841	Tuesday	O
339	3842	!	O
340	3843	lmao	O
340	3844	Sunday	O
340	3845	can	O
340	3846	be	O
340	3847	done	O
340	3848	Trust	O
340	3849	me	O
340	3850	!	O
341	3851	im	O
341	3852	gonna	O
341	3853	be	O
341	3854	bringing	O
341	3855	out	O
341	3856	music	O
341	3857	like	O
341	3858	theres	O
341	3859	no	O
341	3860	tomorrow	O
341	3861	,	O
341	3862	Be	O
341	3863	doing	O
341	3864	pure	O
341	3865	blog	O
341	3866	videos	O
341	3867	&	O
341	3868	freestyle	O
341	3869	videos	O
341	3870	!	O
342	3871	Whats	O
342	3872	the	O
342	3873	Plan	O
342	3874	For	O
342	3875	tonight	O
342	3876	??	O
343	3877	Whos	O
343	3878	Goin	O
343	3879	to	O
343	3880	the	LOCATION
343	3881	BLAST	LOCATION
343	3882	I	O
343	3883	should	O
343	3884	not	O
343	3885	be	O
343	3886	awake	O
343	3887	at	O
343	3888	this	O
343	3889	hour	O
343	3890	on	O
343	3891	a	O
343	3892	Saturday	O
343	3893	.	O
344	3894	Blerghhhhh	O
344	3895	.	O
345	3896	Good	O
345	3897	cause	O
345	3898	though	O
345	3899	.	O
346	3900	I	O
346	3901	hope	O
346	3902	.	O
347	3903	Baseball	O
347	3904	Tips	O
347	3905	On	O
347	3906	Hitting	O
347	3907	How	O
347	3908	To	O
347	3909	Approach	O
347	3910	The	O
347	3911	Flame	O
347	3912	Throwers	O
347	3913	!	O
348	3914	select	O
348	3915	league	O
348	3916	Follow	O
348	3917	Friday	O
348	3918	..	O
349	3919	yes	O
349	3920	i	O
349	3921	do	O
349	3922	..	O
350	3923	scouts	O
350	3924	dont	O
350	3925	smoke	O
350	3926	week	O
350	3927	I	O
350	3928	ain't	O
350	3929	necessary	O
350	3930	listenin	O
350	3931	to	O
350	3932	the	O
350	3933	lyrics	O
350	3934	but	O
350	3935	the	O
350	3936	beat	O
350	3937	got	O
350	3938	head	O
350	3939	rockin'.	O
351	3940	It	MISC
351	3941	's	MISC
351	3942	Gucci	MISC
351	3943	Time	MISC
351	3944	"!"""	O
352	3945	I	O
352	3946	fucks	O
352	3947	with	O
352	3948	every	O
352	3949	now	O
352	3950	&	O
352	3951	then	O
352	3952	...	O
353	3953	Do	O
353	3954	you	O
353	3955	ever	O
353	3956	have	O
353	3957	fights	O
353	3958	with	O
353	3959	your	O
353	3960	running	O
353	3961	shoes	O
353	3962	?	O
354	3963	You	O
354	3964	know	O
354	3965	,	O
354	3966	when	O
354	3967	your	O
354	3968	shoes	O
354	3969	want	O
354	3970	to	O
354	3971	exercise	O
354	3972	but	O
354	3973	you	O
354	3974	don't.	O
355	3975	Well	O
355	3976	...	O
356	3977	10	O
356	3978	Things	O
356	3979	You	O
356	3980	May	O
356	3981	Have	O
356	3982	Missed	O
356	3983	On	O
356	3984	TV	O
356	3985	This	O
356	3986	Week	O
356	3987	Mixed	O
356	3988	Bag	O
356	3989	i	O
356	3990	didnt	O
356	3991	sseee	O
356	3992	you	O
356	3993	today	O
356	3994	:(	O
357	3995	I'm	O
357	3996	shattered	O
357	3997	!!	O
358	3998	I'm	O
358	3999	looking	O
358	4000	forward	O
358	4001	to	O
358	4002	having	O
358	4003	a	O
358	4004	nice	O
358	4005	long	O
358	4006	lay	O
358	4007	in	O
358	4008	,	O
358	4009	in	O
358	4010	the	O
358	4011	morning	O
358	4012	:D	O
359	4013	lol	O
359	4014	I'm	O
359	4015	not	O
359	4016	up	O
359	4017	to	O
359	4018	much	O
359	4019	I'm	O
359	4020	just	O
359	4021	off	O
359	4022	to	O
359	4023	bed	O
359	4024	lol	O
359	4025	had	O
359	4026	a	O
359	4027	long	O
359	4028	day	O
359	4029	cht	O
359	4030	tumoz	O
359	4031	:)	O
360	4032	On	O
360	4033	the	O
360	4034	amusing	O
360	4035	side	O
360	4036	....:	O
361	4037	When	O
361	4038	we	O
361	4039	-	O
361	4040	with	O
361	4041	dozens	O
361	4042	of	O
361	4043	other	O
361	4044	journalists	O
361	4045	-	O
361	4046	were	O
361	4047	at	O
361	4048	the	O
361	4049	event	O
361	4050	waiting	O
361	4051	to	O
361	4052	see	O
361	4053	if	O
361	4054	...	O
362	4055	I	O
362	4056	heart	O
362	4057	you	O
362	4058	.	O
363	4059	Even	O
363	4060	if	O
363	4061	I	O
363	4062	haven't	O
363	4063	seen	O
363	4064	u	O
363	4065	in	O
363	4066	months	O
363	4067	...	O
364	4068	SEND	O
364	4069	A	O
364	4070	PIC	O
364	4071	!	O
365	4072	Lederhosen	O
365	4073	,	O
365	4074	lederhosen	O
365	4075	,	O
365	4076	you're	O
365	4077	so	O
365	4078	delicious	O
365	4079	,	O
365	4080	I	O
365	4081	love	O
365	4082	you	O
365	4083	more	O
365	4084	than	O
365	4085	...	O
366	4086	all	O
366	4087	the	O
366	4088	other	O
366	4089	foreign	O
366	4090	pants	O
366	4091	that	O
366	4092	I	O
366	4093	need	O
366	4094	to	O
366	4095	borrow	O
366	4096	for	O
366	4097	a	O
366	4098	single	O
366	4099	day	O
366	4100	.	O
367	4101	After	O
367	4102	work	O
367	4103	nap	O
367	4104	time	O
367	4105	;	O
367	4106	Shhhhhhh	O
367	4107	*Do	O
367	4108	not	O
367	4109	disturb*	O
367	4110	RT	O
367	4111	Bear	O
367	4112	Sun	O
367	4113	,	O
367	4114	17	O
367	4115	Oct	O
367	4116	2010	O
367	4117	at	O
367	4118	10:28	O
367	4119	am	O
367	4120	The	O
367	4121	Tunnels	O
367	4122	Carnegies	O
367	4123	Brae	O
367	4124	Aberdeen	O
367	4125	Un	O
367	4126	...	O
368	4127	After	O
368	4128	work	O
368	4129	I'm	O
368	4130	breaking	O
368	4131	glass	O
368	4132	against	O
368	4133	my	O
368	4134	house	O
368	4135	and	O
368	4136	then	O
368	4137	doing	O
368	4138	yoga	O
368	4139	.	O
369	4140	RT	O
369	4141	surprise	O
369	4142	,	O
369	4143	surprise	O
369	4144	...	O
370	4145	Frost	O
370	4146	WARNINGS	O
370	4147	in	O
370	4148	effect	O
370	4149	for	O
370	4150	pretty	O
370	4151	much	O
370	4152	all	O
370	4153	of	O
370	4154	Ctl	O
370	4155	&	O
370	4156	N	O
370	4157	Alta	O
370	4158	again	O
370	4159	tonight	O
370	4160	.	O
371	4161	that	O
371	4162	includes	O
371	4163	the	O
371	4164	c	O
371	4165	...	O
372	4166	have	O
372	4167	to	O
372	4168	sleep	O
372	4169	now	O
372	4170	!	O
373	4171	gym	O
373	4172	,	O
373	4173	facial	O
373	4174	,	O
373	4175	then	O
373	4176	SUPAHFEST	MISC
373	4177	tonight	O
373	4178	i	O
373	4179	need	O
373	4180	my	O
373	4181	kuya	O
373	4182	's	O
373	4183	driver	O
373	4184	...	O
374	4185	MOSH	O
374	4186	PIT	O
374	4187	VIP	O
374	4188	common	O
374	4189	'WHEN	O
374	4190	HE	O
374	4191	SAY	O
374	4192	iS	O
374	4193	YOU	O
374	4194	CHEATiN	O
374	4195	ON	O
374	4196	ME	O
374	4197	THAT	O
374	4198	JUST	O
374	4199	,	O
374	4200	HE	O
374	4201	ALREADY	O
374	4202	CHEATiN	O
374	4203	!'	O
375	4204	"'"""	O
375	4205	We	O
375	4206	still	O
375	4207	need	O
375	4208	eachother	O
375	4209	when	O
375	4210	we	O
375	4211	stumble	O
375	4212	and	O
375	4213	fall	O
375	4214	".."""	O
376	4215	We	O
376	4216	both	O
376	4217	know	O
376	4218	our	O
376	4219	heart	O
376	4220	is	O
376	4221	breaking	O
376	4222	,	O
376	4223	can	O
376	4224	we	O
376	4225	learn	O
376	4226	from	O
376	4227	our	O
376	4228	mistakess	O
376	4229	"?""'"	O
377	4230	Facebook	ORGANIZATION
377	4231	Job-Hunting	O
377	4232	App	O
377	4233	BranchOut	MISC
377	4234	Raises	O
377	4235	$6	O
377	4236	Million	O
377	4237	From	O
377	4238	Accel	ORGANIZATION
377	4239	And	O
377	4240	Super	O
377	4241	Angels	O
377	4242	When	O
377	4243	you	O
377	4244	want	O
377	4245	to	O
377	4246	hang	O
377	4247	out	O
377	4248	...	O
378	4249	It	O
378	4250	is	O
378	4251	.	O
379	4252	It	O
379	4253	's	O
379	4254	getting	O
379	4255	across	O
379	4256	London	LOCATION
379	4257	that	O
379	4258	's	O
379	4259	the	O
379	4260	killer	O
379	4261	.	O
380	4262	Still	O
380	4263	miss	O
380	4264	it	O
380	4265	,	O
380	4266	though	O
380	4267	.	O
381	4268	Lived	O
381	4269	there	O
381	4270	for	O
381	4271	20	O
381	4272	years	O
381	4273	.	O
382	4274	im	O
382	4275	doin	O
382	4276	the	O
382	4277	most	O
382	4278	Homework	O
382	4279	on	O
382	4280	a	O
382	4281	friday	O
382	4282	NEW	LOCATION
382	4283	ORLEANS	LOCATION
382	4284	!	O
383	4285	-	O
383	4286	Tonight	O
383	4287	at	O
383	4288	Republic	LOCATION
383	4289	!	O
384	4290	How	O
384	4291	many	O
384	4292	times	O
384	4293	.	O
385	4294	Can	O
385	4295	you	O
385	4296	possibly	O
385	4297	.	O
386	4298	Make	O
386	4299	an	O
386	4300	excuse	O
386	4301	.	O
387	4302	To	O
387	4303	play	O
387	4304	a	O
387	4305	goddamn	O
387	4306	banjo	O
387	4307	.	O
388	4308	In	O
388	4309	an	O
388	4310	hour-long	O
388	4311	show	O
388	4312	.	O
389	4313	A	O
389	4314	show	O
389	4315	that	O
389	4316	has	O
389	4317	nothing	O
389	4318	to	O
389	4319	do	O
389	4320	with	O
389	4321	banjos	O
389	4322	.	O
390	4323	LOL	O
390	4324	PROBABLY	O
390	4325	.	O
391	4326	I	O
391	4327	JUST	O
391	4328	SPENT	O
391	4329	A	O
391	4330	FEW	O
391	4331	MINUTES	O
391	4332	SHELTER-STALKING	O
391	4333	BEFORE	O
391	4334	REALIZING	O
391	4335	THAT	O
391	4336	I	O
391	4337	HAVE	O
391	4338	3	O
391	4339	LEGENDARY/NOVELTIES	O
391	4340	ALREADY	O
391	4341	.	O
392	4342	GuitarNews	MISC
392	4343	RockHouse	MISC
392	4344	The	O
392	4345	Weekend	O
392	4346	Read	O
392	4347	For	O
392	4348	Sept	O
392	4349	.	O
393	4350	17th	O
393	4351	2010	O
393	4352	-	O
393	4353	Guitar	O
393	4354	Lessons	O
393	4355	,	O
393	4356	Articles	O
393	4357	and	O
393	4358	More	O
393	4359	CAFE	LOCATION
393	4360	NINE	LOCATION
393	4361	TONIGHT	O
393	4362	AT	O
393	4363	11	O
393	4364	!!	O
394	4365	Information	MISC
394	4366	Underground	MISC
394	4367	This	O
394	4368	Week	O
394	4369	on	O
394	4370	Information	MISC
394	4371	Underground	MISC
394	4372	para	O
394	4373	com	O
394	4374	isso	O
394	4375	ce	O
394	4376	o	O
394	4377	neymar	O
394	4378	ser	O
394	4379	afastado	O
394	4380	o	O
394	4381	time	O
394	4382	acaba	O
394	4383	Good	O
394	4384	prospects	O
394	4385	for	O
394	4386	dabigatran	MISC
394	4387	on	O
394	4388	Monday	O
394	4389	.	O
395	4390	RT	O
395	4391	FDA	MISC
395	4392	Suggests	O
395	4393	Drug	O
395	4394	Okay	O
395	4395	Even	O
395	4396	Before	O
395	4397	Vote	O
395	4398	Whomever	O
395	4399	said	O
395	4400	,	O
395	4401	M&M	MISC
395	4402	's	O
395	4403	melt	O
395	4404	in	O
395	4405	your	O
395	4406	mouth	O
395	4407	,	O
395	4408	not	O
395	4409	in	O
395	4410	your	O
395	4411	hand	O
395	4412	never	O
395	4413	had	O
395	4414	a	O
395	4415	1/4	O
395	4416	of	O
395	4417	a	O
395	4418	bag	O
395	4419	in	O
395	4420	their	O
395	4421	hand	O
395	4422	at	O
395	4423	one	O
395	4424	time	O
395	4425	*sighs*	O
395	4426	Studying	O
395	4427	for	O
395	4428	a	O
395	4429	exam	O
395	4430	coming	O
395	4431	up	O
395	4432	soon	O
395	4433	.	O
396	4434	*huffs	O
396	4435	before	O
396	4436	smiling*	O
396	4437	Wanna	O
396	4438	go	O
396	4439	out	O
396	4440	tonight	O
396	4441	?	O
397	4442	LMAO	O
397	4443	I	O
397	4444	honestly	O
397	4445	thought	O
397	4446	today	O
397	4447	-	O
397	4448	Alright	O
397	4449	,	O
397	4450	I'll	O
397	4451	get	O
397	4452	there	O
397	4453	around	O
397	4454	that	O
397	4455	time	O
397	4456	.	O
398	4457	I'll	O
398	4458	call/text	O
398	4459	you	O
398	4460	when	O
398	4461	I	O
398	4462	arrive	O
398	4463	.	O
399	4464	Did	O
399	4465	drop	O
399	4466	his	O
399	4467	Good	MISC
399	4468	Friday	MISC
399	4469	song	O
399	4470	yet	O
399	4471	today	O
399	4472	?	O
400	4473	100-	O
400	4474	Tim	PERSON
400	4475	Bulmer	PERSON
400	4476	had	O
400	4477	a	O
400	4478	100%	O
400	4479	likelihood	O
400	4480	of	O
400	4481	getting	O
400	4482	his	O
400	4483	YPF	O
400	4484	detail	O
400	4485	form	O
400	4486	in	O
400	4487	this	O
400	4488	week	O
400	4489	.	O
401	4490	Punctuality	O
401	4491	.	O
402	4492	headin	O
402	4493	to	O
402	4494	get	O
402	4495	shitty	O
402	4496	in	O
402	4497	a	O
402	4498	few	O
402	4499	...	O
403	4500	1st	O
403	4501	n	O
403	4502	summit	O
403	4503	...	O
404	4504	then	O
404	4505	rehab	O
404	4506	...	O
405	4507	my	O
405	4508	life	O
405	4509	will	O
405	4510	be	O
405	4511	a	O
405	4512	blur	O
405	4513	after	O
405	4514	this	O
405	4515	night	O
405	4516	You	O
405	4517	think	O
405	4518	I'm	O
405	4519	pretty	O
405	4520	without	O
405	4521	any	O
405	4522	makeup	O
405	4523	on	O
405	4524	,	O
405	4525	you	O
405	4526	think	O
405	4527	I'm	O
405	4528	funny	O
405	4529	when	O
405	4530	I	O
405	4531	tell	O
405	4532	the	O
405	4533	punchline	O
405	4534	wrong	O
405	4535	.	O
406	4536	Know	O
406	4537	you	O
406	4538	get	O
406	4539	me	O
406	4540	so	O
406	4541	I	O
406	4542	let	O
406	4543	my	O
406	4544	walls	O
406	4545	come	O
406	4546	down	O
406	4547	RT	O
406	4548	One	O
406	4549	reason	O
406	4550	a	O
406	4551	dog	O
406	4552	can	O
406	4553	be	O
406	4554	such	O
406	4555	a	O
406	4556	comfort	O
406	4557	when	O
406	4558	you're	O
406	4559	feeling	O
406	4560	blue	O
406	4561	is	O
406	4562	that	O
406	4563	he	O
406	4564	doesn't	O
406	4565	try	O
406	4566	to	O
406	4567	find	O
406	4568	out	O
406	4569	why	O
406	4570	.	O
407	4571	~Author	O
407	4572	Unknown	O
407	4573	RT	O
407	4574	If	O
407	4575	you	O
407	4576	feel	O
407	4577	as	O
407	4578	though	O
407	4579	your	O
407	4580	company	O
407	4581	is	O
407	4582	having	O
407	4583	problems	O
407	4584	generating	O
407	4585	sales	O
407	4586	,	O
407	4587	it	O
407	4588	might	O
407	4589	be	O
407	4590	time	O
407	4591	to	O
407	4592	bring	O
407	4593	in	O
407	4594	a	O
407	4595	sales	O
407	4596	training	O
407	4597	speaker	O
407	4598	.	O
408	4599	'Science	O
408	4600	and	O
408	4601	the	O
408	4602	media	O
408	4603	11	O
408	4604	-	O
408	4605	17	O
408	4606	September	O
408	4607	Under	O
408	4608	the	O
408	4609	headline	O
408	4610	China	LOCATION
408	4611	needs	O
408	4612	to	O
408	4613	elaborate	O
408	4614	on	O
408	4615	plans	O
408	4616	to	O
408	4617	modernize	O
408	4618	its	O
408	4619	f	O
408	4620	...	O
409	4621	e	O
409	4622	tem	O
409	4623	mais	O
409	4624	....	O
410	4625	Robinho	O
410	4626	no	O
410	4627	meu	O
410	4628	time	O
410	4629	eh	O
410	4630	banco	O
410	4631	,	O
410	4632	mesmo	O
410	4633	com	O
410	4634	o	O
410	4635	Pato	O
410	4636	machucado	O
410	4637	!	O
411	4638	Tenho	O
411	4639	dito	O
411	4640	!	O
412	4641	I've	O
412	4642	suffered	O
412	4643	through	O
412	4644	the	O
412	4645	era	O
412	4646	of	O
412	4647	HSM	O
412	4648	popularity	O
412	4649	.	O
413	4650	I've	O
413	4651	wanted	O
413	4652	a	O
413	4653	riff	O
413	4654	for	O
413	4655	the	O
413	4656	damn	O
413	4657	thing	O
413	4658	for	O
413	4659	years	O
413	4660	.	O
414	4661	You've	O
414	4662	made	O
414	4663	me	O
414	4664	very	O
414	4665	happy	O
414	4666	estonia	LOCATION
414	4667	tomorrow	O
414	4668	with	O
414	4669	and	O
414	4670	the	O
414	4671	rest	O
414	4672	of	O
414	4673	our	O
414	4674	team	O
414	4675	!	O
415	4676	ready	O
415	4677	for	O
415	4678	some	O
415	4679	good	O
415	4680	practice	O
415	4681	games	O
415	4682	!	O
416	4683	:)	O
417	4684	I	O
417	4685	gotta	O
417	4686	admit	O
417	4687	,	O
417	4688	Alex	PERSON
417	4689	sounds	O
417	4690	hot	O
417	4691	when	O
417	4692	he	O
417	4693	talks	O
417	4694	in	O
417	4695	spanish	O
417	4696	during	O
417	4697	the	O
417	4698	Alejandro	MISC
417	4699	Cover	O
417	4700	-via	O
417	4701	someone	O
417	4702	's	O
417	4703	tumblr	ORGANIZATION
417	4704	depends	O
417	4705	what	O
417	4706	Leo	PERSON
417	4707	's	O
417	4708	revamped	O
417	4709	D	O
417	4710	can	O
417	4711	do	O
417	4712	to	O
417	4713	him	O
417	4714	on	O
417	4715	Sunday	O
417	4716	.	O
418	4717	Go	O
418	4718	Lions	ORGANIZATION
418	4719	!!	O
419	4720	omg	O
419	4721	yayyy	O
419	4722	I	O
419	4723	got	O
419	4724	mine	O
419	4725	today	O
419	4726	too	O
419	4727	!!!!!	O
420	4728	:D	O
421	4729	didn't	O
421	4730	have	O
421	4731	time	O
421	4732	to	O
421	4733	try	O
421	4734	it	O
421	4735	on	O
421	4736	tho	O
421	4737	!!	O
422	4738	I	O
422	4739	was	O
422	4740	running	O
422	4741	out	O
422	4742	the	O
422	4743	door	O
422	4744	to	O
422	4745	go	O
422	4746	to	O
422	4747	the	O
422	4748	concert	O
422	4749	!:	O
423	4750	Change	O
423	4751	of	O
423	4752	Plans	O
423	4753	on	O
423	4754	Saturday	O
423	4755	!	O
424	4756	We'll	O
424	4757	be	O
424	4758	Glover	LOCATION
424	4759	Park	LOCATION
424	4760	farmers	O
424	4761	market	O
424	4762	,	O
424	4763	9-1	O
424	4764	in	O
424	4765	DC	LOCATION
424	4766	.	O
425	4767	Come	O
425	4768	by	O
425	4769	and	O
425	4770	try	O
425	4771	some	O
425	4772	old	O
425	4773	favorites	O
425	4774	&	O
425	4775	crazy	O
425	4776	new	O
425	4777	flavors	O
425	4778	!	O
426	4779	have	O
426	4780	a	O
426	4781	fun	O
426	4782	day	O
426	4783	of	O
426	4784	freedom	O
426	4785	California	LOCATION
426	4786	Woman	O
426	4787	Dies	O
426	4788	in	O
426	4789	Accident	O
426	4790	Hours	O
426	4791	Before	O
426	4792	DUI	O
426	4793	Class	O
426	4794	Woman	O
426	4795	was	O
426	4796	drinking	O
426	4797	until	O
426	4798	early	O
426	4799	morning	O
426	4800	before	O
426	4801	court	O
426	4802	orde	O
426	4803	...	O
427	4804	Just	O
427	4805	stressing	O
427	4806	about	O
427	4807	the	O
427	4808	fitted	O
427	4809	ones	O
427	4810	though	O
427	4811	-	O
427	4812	opro	O
427	4813	were	O
427	4814	in	O
427	4815	school	O
427	4816	today	O
427	4817	and	O
427	4818	I	O
427	4819	had	O
427	4820	forgotten	O
427	4821	to	O
427	4822	register	O
427	4823	him	O
427	4824	for	O
427	4825	fitting	O
427	4826	...	O
428	4827	whoops	O
428	4828	Turn	O
428	4829	your	O
428	4830	phone	O
428	4831	off	O
428	4832	tomorrow	O
428	4833	!	O
429	4834	RT	O
429	4835	I	O
429	4836	got	O
429	4837	another	O
429	4838	account	O
429	4839	...	O
430	4840	someone	O
430	4841	else	O
430	4842	will	O
430	4843	tweet	O
430	4844	when	O
430	4845	they	O
430	4846	think	O
430	4847	I	O
430	4848	would	O
430	4849	!	O
431	4850	|	O
431	4851	Although	O
431	4852	will	O
431	4853	probably	O
431	4854	figure	O
431	4855	that	O
431	4856	out	O
431	4857	$$	O
431	4858	Forex	ORGANIZATION
431	4859	Articles	O
431	4860	for	O
431	4861	the	O
431	4862	Weekend	O
431	4863	September	O
431	4864	18lo	O
431	4865	Ok	O
431	4866	yall	O
431	4867	work	O
431	4868	day	O
431	4869	over	O
431	4870	Damn	O
431	4871	do	O
431	4872	I	O
431	4873	ever	O
431	4874	sleep	O
431	4875	Naw	O
431	4876	fuck	O
431	4877	dat	O
431	4878	when	O
431	4879	I	O
431	4880	die	O
431	4881	I'll	O
431	4882	sleep	O
431	4883	4ever	O
431	4884	until	O
431	4885	than	O
431	4886	sleep	O
431	4887	money	O
431	4888	don't	O
431	4889	cont	O
431	4890	you	O
431	4891	made	O
431	4892	Nina	PERSON
431	4893	's	O
431	4894	day	O
431	4895	.	O
432	4896	Sweet	O
432	4897	surprises	O
432	4898	for	O
432	4899	you	O
432	4900	.	O
433	4901	Mandy	PERSON
433	4902	when	O
433	4903	you	O
433	4904	and	O
433	4905	Miley	PERSON
433	4906	will	O
433	4907	upgrade	O
433	4908	Miley	MISC
433	4909	and	MISC
433	4910	Mandy	MISC
433	4911	show	MISC
433	4912	?	O
434	4913	I	O
434	4914	miss	O
434	4915	the	O
434	4916	videos	O
434	4917	.	O
435	4918	I	O
435	4919	will	O
435	4920	be	O
435	4921	smacked	O
435	4922	when	O
435	4923	I	O
435	4924	see	O
435	4925	u	O
435	4926	tonite	O
435	4927	:)	O
436	4928	Quick	O
436	4929	Question	O
436	4930	Chink-A-Link	O
436	4931	Have	O
436	4932	You	O
436	4933	Ever	O
436	4934	Scratched	O
436	4935	Before	O
436	4936	?	O
437	4937	Lls	O
437	4938	:D	O
438	4939	how	O
438	4940	is	O
438	4941	fer	O
438	4942	today	O
438	4943	??	O
439	4944	Sooo	O
439	4945	plans	O
439	4946	for	O
439	4947	tomorrow	O
439	4948	night	O
439	4949	?	O
440	4950	I	O
440	4951	gotta	O
440	4952	do	O
440	4953	something	O
440	4954	.	O
441	4955	I	O
441	4956	need	O
441	4957	a	O
441	4958	night	O
441	4959	out	O
441	4960	.	O
442	4961	RT	O
442	4962	IF	O
442	4963	U	O
442	4964	GETTN	O
442	4965	FUCKED	O
442	4966	UP	O
442	4967	TONIGHT	O
442	4968	....	O
443	4969	argh	O
443	4970	my	O
443	4971	hands	O
443	4972	are	O
443	4973	dying	O
443	4974	.	O
444	4975	i	O
444	4976	definitely	O
444	4977	need	O
444	4978	to	O
444	4979	take	O
444	4980	gloves	O
444	4981	next	O
444	4982	time	O
444	4983	.	O
445	4984	were	O
445	4985	's	O
445	4986	John	PERSON
445	4987	and	O
445	4988	Edward	PERSON
445	4989	...	O
446	4990	there	O
446	4991	Tweets	O
446	4992	make	O
446	4993	my	O
446	4994	day	O
446	4995	...	O
447	4996	now	O
447	4997	what	O
447	4998	am	O
447	4999	i	O
447	5000	supposed	O
447	5001	to	O
447	5002	do	O
447	5003	:'	O
447	5004	COME	O
447	5005	BACK	O
447	5006	TO	O
447	5007	USSS	O
447	5008	3	O
447	5009	It	O
447	5010	's	O
447	5011	Friday	O
447	5012	...	O
448	5013	and	O
448	5014	it	O
448	5015	's	O
448	5016	ScuttleButton	O
448	5017	time	O
448	5018	!	O
449	5019	Analogy	O
449	5020	time	O
449	5021	!	O
450	5022	Loyola	LOCATION
450	5023	Chicago	LOCATION
450	5024	Alexei	PERSON
450	5025	::	O
450	5026	Philadelphia	ORGANIZATION
450	5027	Eagles	ORGANIZATION
450	5028	Donovan	PERSON
450	5029	McNabb	PERSON
450	5030	even	O
450	5031	b4	O
450	5032	the	O
450	5033	trade	O
450	5034	.	O
451	5035	Vai	O
451	5036	no	O
451	5037	Garotos	O
451	5038	Podres	O
451	5039	+	O
451	5040	No	O
451	5041	Milk	O
451	5042	Today	O
451	5043	hoje	O
451	5044	?	O
452	5045	test	O
452	5046	came	O
452	5047	out	O
452	5048	positive	O
452	5049	?	O
453	5050	Sorry	O
453	5051	lil	O
453	5052	buddy	O
453	5053	.....	O
454	5054	At	O
454	5055	least	O
454	5056	medicine	O
454	5057	these	O
454	5058	days	O
454	5059	can	O
454	5060	keep	O
454	5061	it	O
454	5062	in	O
454	5063	control	O
454	5064	.	O
455	5065	Don't	O
455	5066	forget	O
455	5067	to	O
455	5068	come	O
455	5069	and	O
455	5070	see	O
455	5071	us	O
455	5072	at	O
455	5073	the	O
455	5074	football	O
455	5075	game	O
455	5076	tomorrow	O
455	5077	afternoon	O
455	5078	!	O
456	5079	Go	O
456	5080	Reivers	ORGANIZATION
456	5081	!	O
457	5082	RT	O
457	5083	Y	O
457	5084	does	O
457	5085	Pinky	PERSON
457	5086	have	O
457	5087	a	O
457	5088	music	O
457	5089	video	O
457	5090	?	O
458	5091	Thats	O
458	5092	3	O
458	5093	porn	O
458	5094	star	O
458	5095	rappers	O
458	5096	in	O
458	5097	the	O
458	5098	last	O
458	5099	month	O
458	5100	.	O
459	5101	This	O
459	5102	is	O
459	5103	y	O
459	5104	rap	O
459	5105	is	O
459	5106	doing	O
459	5107	so	O
459	5108	bad	O
459	5109	,	O
459	5110	ppl	O
459	5111	actual	O
459	5112	...	O
460	5113	EVENT	O
460	5114	-	O
460	5115	Tonight	O
460	5116	at	O
460	5117	Primal	LOCATION
460	5118	Its	O
460	5119	,	O
460	5120	&	O
460	5121	Taking	O
460	5122	Over	O
460	5123	!	O
461	5124	TxT	O
461	5125	Names	O
461	5126	to	O
461	5127	678-223-3699	O
461	5128	by	O
461	5129	6:59	O
461	5130	pm	O
461	5131	Buffs	O
461	5132	FB	O
461	5133	Giddings	LOCATION
461	5134	faces	O
461	5135	Elgin	LOCATION
461	5136	tonite	O
461	5137	Wildcat	LOCATION
461	5138	Stadium	LOCATION
461	5139	7:30	O
461	5140	.	O
462	5141	The	ORGANIZATION
462	5142	Buffs	ORGANIZATION
462	5143	will	O
462	5144	try	O
462	5145	to	O
462	5146	re-group	O
462	5147	after	O
462	5148	two	O
462	5149	straight	O
462	5150	losses	O
462	5151	.	O
463	5152	Updates	O
463	5153	on	O
463	5154	LCL	ORGANIZATION
463	5155	yey	O
463	5156	:D	O
464	5157	thank	O
464	5158	you	O
464	5159	so	O
464	5160	much	O
464	5161	.	O
465	5162	How're	O
465	5163	you	O
465	5164	?	O
466	5165	I	O
466	5166	proper	O
466	5167	need	O
466	5168	a	O
466	5169	day	O
466	5170	in	O
466	5171	town	O
466	5172	shopping	O
466	5173	haha	O
466	5174	xx	O
466	5175	EuroVPS	ORGANIZATION
466	5176	celebrates	O
466	5177	its	O
466	5178	6	O
466	5179	Year	O
466	5180	Anniversary	O
466	5181	with	O
466	5182	special	O
466	5183	Promotion	O
466	5184	.	O
467	5185	Buy	O
467	5186	1	O
467	5187	VPS	O
467	5188	and	O
467	5189	get	O
467	5190	a	O
467	5191	second	O
467	5192	VPS	O
467	5193	FREE	O
467	5194	!	O
468	5195	Damn	O
468	5196	.	O
469	5197	Is	O
469	5198	he	O
469	5199	in	O
469	5200	town	O
469	5201	tonite	O
469	5202	?	O
470	5203	Am	O
470	5204	thinking	O
470	5205	i	O
470	5206	may	O
470	5207	steal	O
470	5208	this	O
470	5209	awesome	O
470	5210	idea	O
470	5211	from	O
470	5212	.	O
471	5213	I	O
471	5214	think	O
471	5215	it	O
471	5216	would	O
471	5217	be	O
471	5218	awesome	O
471	5219	in	O
471	5220	our	O
471	5221	stairwells	O
471	5222	!	O
472	5223	yep	O
472	5224	well	O
472	5225	..	O
473	5226	i	O
473	5227	know	O
473	5228	mcfly	PERSON
473	5229	told	O
473	5230	me	O
473	5231	they	O
473	5232	were	O
473	5233	going	O
473	5234	to	O
473	5235	come	O
473	5236	back	O
473	5237	here	O
473	5238	when	O
473	5239	i	O
473	5240	met	O
473	5241	em	O
473	5242	but	O
473	5243	anyway	O
473	5244	:)	O
474	5245	so	O
474	5246	,	O
474	5247	how	O
474	5248	was	O
474	5249	your	O
474	5250	day	O
474	5251	?	O
475	5252	-Been	O
475	5253	Sore	O
475	5254	For	O
475	5255	The	O
475	5256	Past	O
475	5257	Days	O
475	5258	From	O
475	5259	Workin	O
475	5260	Out	O
475	5261	.	O
476	5262	what	O
476	5263	to	O
476	5264	do	O
476	5265	,	O
476	5266	what	O
476	5267	to	O
476	5268	do	O
476	5269	...	O
477	5270	gross	O
477	5271	sushi	O
477	5272	for	O
477	5273	dinner	O
477	5274	but	O
477	5275	time	O
477	5276	with	O
477	5277	family	O
477	5278	from	O
477	5279	delaware	LOCATION
477	5280	,	O
477	5281	or	O
477	5282	leftover	O
477	5283	pizza	O
477	5284	and	O
477	5285	alone	O
477	5286	time	O
477	5287	to	O
477	5288	write	O
477	5289	and	O
477	5290	relax	O
477	5291	.	O
478	5292	RT	O
478	5293	VMB	MISC
478	5294	awards	MISC
478	5295	last	O
478	5296	night	O
478	5297	were	O
478	5298	super	O
478	5299	fun	O
478	5300	-	O
478	5301	we	O
478	5302	won	O
478	5303	best	O
478	5304	bossa	O
478	5305	nova	O
478	5306	act	O
478	5307	!	O
479	5308	off	O
479	5309	to	O
479	5310	HSBC	LOCATION
479	5311	center	LOCATION
479	5312	to	O
479	5313	soundcheck	O
479	5314	for	O
479	5315	epic	O
479	5316	show	O
479	5317	tonight	O
479	5318	..	O
480	5319	...	O
481	5320	I	O
481	5321	wished	O
481	5322	I'd	O
481	5323	school	O
481	5324	tomorrow	O
481	5325	so	O
481	5326	I	O
481	5327	could	O
481	5328	get	O
481	5329	outta	O
481	5330	this	O
481	5331	house	O
481	5332	.	O
482	5333	would	O
482	5334	have	O
482	5335	started	O
482	5336	mine	O
482	5337	a	O
482	5338	year	O
482	5339	earlier-	O
482	5340	2002ish	O
482	5341	,	O
482	5342	when	O
482	5343	I	O
482	5344	first	O
482	5345	got	O
482	5346	to	O
482	5347	college	O
482	5348	awww	O
482	5349	he	O
482	5350	's	O
482	5351	in	O
482	5352	the	O
482	5353	rocky	MISC
482	5354	horror	MISC
482	5355	show	MISC
482	5356	next	O
482	5357	week	O
482	5358	which	O
482	5359	means	O
482	5360	he	O
482	5361	's	O
482	5362	gotta	O
482	5363	wear	O
482	5364	stockings	O
482	5365	an	O
482	5366	suspenders	O
482	5367	lol	O
482	5368	:P	O
482	5369	Thanks	O
482	5370	to	O
482	5371	all	O
482	5372	who	O
482	5373	tuned	O
482	5374	in	O
482	5375	to	O
482	5376	my	O
482	5377	show	O
482	5378	on	O
482	5379	the	O
482	5380	last	O
482	5381	two	O
482	5382	days	O
482	5383	.	O
483	5384	Ending	O
483	5385	with	O
483	5386	Herbie	PERSON
483	5387	&	O
483	5388	Freddie	PERSON
483	5389	!	O
484	5390	It	O
484	5391	didn't	O
484	5392	stop	O
484	5393	me	O
484	5394	when	O
484	5395	there	O
484	5396	was	O
484	5397	4	O
484	5398	of	O
484	5399	yous	O
484	5400	at	O
484	5401	me	O
484	5402	!!!	O
485	5403	Quite	O
485	5404	enjoyed	O
485	5405	it	O
485	5406	tbh	O
485	5407	!!!	O
486	5408	Lol	O
486	5409	3	O
486	5410	tour	O
486	5411	coaches	O
486	5412	with	O
486	5413	a	O
486	5414	police	O
486	5415	escort	O
486	5416	in	O
486	5417	Chapel	LOCATION
486	5418	Hill	LOCATION
486	5419	...	O
487	5420	game	O
487	5421	tonight	O
487	5422	?	O
488	5423	Our	O
488	5424	Favorite	O
488	5425	YouTube	ORGANIZATION
488	5426	Videos	O
488	5427	This	O
488	5428	Week	O
488	5429	The	O
488	5430	Drama	O
488	5431	Edition	O
488	5432	Small	MISC
488	5433	Biz	MISC
488	5434	Tech	MISC
488	5435	Tour	MISC
488	5436	2010	MISC
488	5437	Launches	O
488	5438	Five	O
488	5439	City	O
488	5440	Tour	O
488	5441	MONTCLAIR	LOCATION
488	5442	N.J.	LOCATION
489	5443	...:	O
490	5444	The	O
490	5445	all	O
490	5446	day	O
490	5447	event	O
490	5448	features	O
490	5449	America's...	O
491	5450	WIN	O
491	5451	FREE	O
491	5452	PAMPERS	ORGANIZATION
491	5453	FOR	O
491	5454	A	O
491	5455	YEAR	O
491	5456	!!!	O
492	5457	And	O
492	5458	more	O
492	5459	...	O
493	5460	Preventing	O
493	5461	Public	O
493	5462	Health	O
493	5463	Disasters	O
493	5464	The	O
493	5465	Pump	O
493	5466	Handle	O
493	5467	Earlier	O
493	5468	this	O
493	5469	week	O
493	5470	,	O
493	5471	FDA	MISC
493	5472	Commissioner	O
493	5473	Margaret	PERSON
493	5474	Hamburg	PERSON
493	5475	present	O
493	5476	...	O
494	5477	RT	O
494	5478	Eyeopener	ORGANIZATION
494	5479	vs	O
494	5480	.	O
495	5481	Ryerson	ORGANIZATION
495	5482	Quidditch	ORGANIZATION
495	5483	team	ORGANIZATION
495	5484	this	O
495	5485	Sunday	O
495	5486	at	O
495	5487	4	O
495	5488	p.m.	O
496	5489	Anyone	O
496	5490	know	O
496	5491	where	O
496	5492	to	O
496	5493	get	O
496	5494	cheap	O
496	5495	brooms	O
496	5496	?	O
497	5497	RT	O
497	5498	As	O
497	5499	an	O
497	5500	romance	O
497	5501	is	O
497	5502	n't	O
497	5503	about	O
497	5504	what	O
497	5505	you	O
497	5506	're	O
497	5507	after	O
497	5508	it	O
497	5509	's	O
497	5510	about	O
497	5511	taking	O
497	5512	chances	O
497	5513	,	O
497	5514	exploring	O
497	5515	and	O
497	5516	keeping	O
497	5517	an	O
497	5518	...	O
498	5519	I	O
498	5520	have	O
498	5521	lost	O
498	5522	everything	O
498	5523	importing	O
498	5524	in	O
498	5525	my	O
498	5526	life	O
498	5527	within	O
498	5528	the	O
498	5529	past	O
498	5530	week	O
498	5531	anything	O
498	5532	that	O
498	5533	i	O
498	5534	loved	O
498	5535	is	O
498	5536	now	O
498	5537	gone	O
498	5538	RT	O
498	5539	Sony/Bud	O
498	5540	Light	O
498	5541	3D	O
498	5542	tailgate	O
498	5543	parties	O
498	5544	on	O
498	5545	Saturday	O
498	5546	-	O
498	5547	Clemson	LOCATION
498	5548	party	O
498	5549	at	O
498	5550	;	O
498	5551	Auburn	LOCATION
498	5552	party	O
498	5553	at	O
498	5554	.	O
499	5555	...	O
500	5556	RT	O
500	5557	You	O
500	5558	basically	O
500	5559	can	O
500	5560	say	O
500	5561	anything	O
500	5562	to	O
500	5563	someone	O
500	5564	on	O
500	5565	an	O
500	5566	email	O
500	5567	or	O
500	5568	text	O
500	5569	as	O
500	5570	long	O
500	5571	as	O
500	5572	you	O
500	5573	put	O
500	5574	LOL	O
500	5575	at	O
500	5576	the	O
500	5577	end	O
500	5578	talking	O
500	5579	about	O
500	5580	as	O
500	5581	far	O
500	5582	as	O
500	5583	shooting	O
500	5584	for	O
500	5585	location	O
500	5586	its	O
500	5587	going	O
500	5588	to	O
500	5589	be	O
500	5590	on	O
500	5591	so	O
500	5592	by	O
500	5593	the	O
500	5594	end	O
500	5595	of	O
500	5596	the	O
500	5597	month	O
500	5598	i	O
500	5599	should	O
500	5600	know	O
500	5601	something	O
500	5602	I	O
500	5603	've	O
500	5604	got	O
500	5605	a	O
500	5606	theory	O
500	5607	that	O
500	5608	if	O
500	5609	you	O
500	5610	give	O
500	5611	100%	O
500	5612	all	O
500	5613	of	O
500	5614	the	O
500	5615	time	O
500	5616	,	O
500	5617	somehow	O
500	5618	things	O
500	5619	will	O
500	5620	work	O
500	5621	out	O
500	5622	in	O
500	5623	the	O
500	5624	end	O
500	5625	.	O
501	5626	-Larry	PERSON
501	5627	Bird	PERSON
501	5628	What	O
501	5629	about	O
501	5630	the	O
501	5631	site	O
501	5632	could	O
501	5633	be	O
501	5634	changed	O
501	5635	in	O
501	5636	order	O
501	5637	to	O
501	5638	reduce	O
501	5639	the	O
501	5640	time	O
501	5641	required	O
501	5642	for	O
501	5643	you	O
501	5644	to	O
501	5645	provide	O
501	5646	solutions	O
501	5647	?	O
502	5648	If	O
502	5649	that	O
502	5650	auto	O
502	5651	URL	O
502	5652	shortening	O
502	5653	could	O
502	5654	work	O
502	5655	I	O
502	5656	might	O
502	5657	stick	O
502	5658	with	O
502	5659	SD2	MISC
502	5660	for	O
502	5661	a	O
502	5662	while	O
502	5663	-	O
502	5664	that	O
502	5665	saves	O
502	5666	me	O
502	5667	3	O
502	5668	or	O
502	5669	4	O
502	5670	steps	O
502	5671	when	O
502	5672	I	O
502	5673	am	O
502	5674	tweeting	O
502	5675	links	O
502	5676	Kk	O
502	5677	its	O
502	5678	22:48	O
502	5679	friday	O
502	5680	nyt	O
502	5681	:D	O
503	5682	really	O
503	5683	tired	O
503	5684	so	O
503	5685	imma	O
503	5686	go	O
503	5687	to	O
503	5688	sleep	O
503	5689	:)	O
504	5690	good	O
504	5691	nyt	O
504	5692	x	O
504	5693	god	O
504	5694	bles	O
504	5695	xxxxx	O
504	5696	And	O
504	5697	now	O
504	5698	the	O
504	5699	wait	O
504	5700	til	O
504	5701	the	O
504	5702	games	O
504	5703	get	O
504	5704	started	O
504	5705	for	O
504	5706	the	O
504	5707	day	O
504	5708	.	O
505	5709	belles	LOCATION
505	5710	mansion	LOCATION
505	5711	4	O
505	5712	bday	O
505	5713	dinner	O
505	5714	.	O
506	5715	eventhough	O
506	5716	its	O
506	5717	a	O
506	5718	day	O
506	5719	early	O
506	5720	.	O
507	5721	*N*I*K*K*I*	O
507	5722	Kahlua	MISC
507	5723	Coffee	MISC
507	5724	over	O
507	5725	looking	O
507	5726	the	O
507	5727	lake	O
507	5728	is	O
507	5729	just	O
507	5730	what	O
507	5731	the	O
507	5732	doctor	O
507	5733	ordered	O
507	5734	....	O
508	5735	hope	O
508	5736	everyone	O
508	5737	has	O
508	5738	a	O
508	5739	great	O
508	5740	Friday	O
508	5741	night	O
508	5742	!	O
509	5743	I	O
509	5744	just	O
509	5745	took	O
509	5746	After	O
509	5747	getting	O
509	5748	trampled	O
509	5749	at	O
509	5750	a	O
509	5751	Justin	PERSON
509	5752	Bieber	PERSON
509	5753	concert	O
509	5754	,	O
509	5755	yoiu	O
509	5756	wake	O
509	5757	up	O
509	5758	and	O
509	5759	"..."""	O
510	5760	and	O
510	5761	got	O
510	5762	Part	O
510	5763	6	O
510	5764	:)	O
511	5765	!	O
512	5766	Try	O
512	5767	it	O
512	5768	Gotta	O
512	5769	love	O
512	5770	the	O
512	5771	bumper	O
512	5772	stickers	O
512	5773	of	O
512	5774	Fayette	LOCATION
512	5775	County	LOCATION
512	5776	Ever	O
512	5777	wonder	O
512	5778	if	O
512	5779	there	O
512	5780	is	O
512	5781	life	O
512	5782	after	O
512	5783	death	O
512	5784	?	O
513	5785	Touch	O
513	5786	my	O
513	5787	truck	O
513	5788	and	O
513	5789	'll	O
513	5790	find	O
513	5791	out	O
513	5792	"."""	O
514	5793	Going	O
514	5794	to	O
514	5795	start	O
514	5796	on	O
514	5797	Oct	O
514	5798	1	O
514	5799	-	O
514	5800	Check	O
514	5801	it	O
514	5802	out	O
514	5803	on	O
514	5804	Pick	O
514	5805	up	O
514	5806	here	O
514	5807	.	O
515	5808	Deliver	O
515	5809	on	O
515	5810	Dayton	LOCATION
515	5811	NJ	LOCATION
515	5812	tomorrow	O
515	5813	Ball	ORGANIZATION
515	5814	Metal	ORGANIZATION
515	5815	Container	ORGANIZATION
515	5816	RT	O
515	5817	58	O
515	5818	years	O
515	5819	ago	O
515	5820	today	O
515	5821	I	O
515	5822	tumbled	O
515	5823	from	O
515	5824	my	O
515	5825	mother	O
515	5826	's	O
515	5827	womb	O
515	5828	with	O
515	5829	a	O
515	5830	cigarette	O
515	5831	in	O
515	5832	my	O
515	5833	mouth	O
515	5834	and	O
515	5835	a	O
515	5836	chihuahua	O
515	5837	puppy	O
515	5838	under	O
515	5839	each	O
515	5840	arm	O
515	5841	...	O
516	5842	No	O
516	5843	I	O
516	5844	'm	O
516	5845	not	O
516	5846	saying	O
516	5847	I	O
516	5848	'm	O
516	5849	sorry	O
516	5850	One	O
516	5851	day	O
516	5852	,	O
516	5853	maybe	O
516	5854	'll	O
516	5855	meet	O
516	5856	again	O
516	5857	No	O
516	5858	No	O
516	5859	No	O
516	5860	No	O
516	5861	8	O
516	5862	Companies	O
516	5863	fixing	O
516	5864	a	O
516	5865	problem	O
516	5866	that	O
516	5867	's	O
516	5868	wholly	O
516	5869	their	O
516	5870	fault	O
516	5871	and	O
516	5872	calling	O
516	5873	it	O
516	5874	a	O
516	5875	one-time	O
516	5876	courtesy	O
516	5877	is	O
516	5878	insult	O
516	5879	to	O
516	5880	injury	O
516	5881	.	O
517	5882	They	O
517	5883	're	O
517	5884	clearly	O
517	5885	not	O
517	5886	sorry	O
517	5887	!	O
518	5888	Do	O
518	5889	n't	O
518	5890	Have	O
518	5891	Time	O
518	5892	To	O
518	5893	Stop	O
518	5894	In	O
518	5895	???	O
519	5896	Then	O
519	5897	,	O
519	5898	Check	O
519	5899	Out	O
519	5900	Our	O
519	5901	Quick	O
519	5902	Full	O
519	5903	Service	O
519	5904	Drive	O
519	5905	Thru	O
519	5906	Window	O
519	5907	:)	O
520	5908	today	O
520	5909	seems	O
520	5910	like	O
520	5911	a	O
520	5912	good	O
520	5913	day	O
520	5914	to	O
520	5915	chill	O
520	5916	:)	O
521	5917	I	O
521	5918	am	O
521	5919	living	O
521	5920	my	O
521	5921	dream	O
521	5922	,	O
521	5923	winning	O
521	5924	at	O
521	5925	life	O
521	5926	and	O
521	5927	being	O
521	5928	respected	O
521	5929	for	O
521	5930	every	O
521	5931	thing	O
521	5932	I	O
521	5933	do	O
521	5934	.	O
522	5935	And	O
522	5936	its	O
522	5937	about	O
522	5938	fucking	O
522	5939	time	O
522	5940	.	O
523	5941	i'mgoing	O
523	5942	to	O
523	5943	sleep	O
523	5944	,	O
523	5945	not	O
523	5946	feeling	O
523	5947	very	O
523	5948	well	O
523	5949	,	O
523	5950	see	O
523	5951	you	O
523	5952	tomorrow	O
523	5953	Soulja	PERSON
523	5954	Boy	PERSON
523	5955	|	O
523	5956	TheDeAndreWay	O
523	5957	.	O
524	5958	com	O
524	5959	-	O
524	5960	The	O
524	5961	DeAndre	O
524	5962	Way	O
524	5963	in	O
524	5964	stores	O
524	5965	Nov	O
524	5966	2	O
524	5967	,	O
524	5968	2010	O
524	5969	souljaboytellem-iga.ning.com	O
525	5970	via	O
525	5971	!	O
526	5972	I'd	O
526	5973	like	O
526	5974	to	O
526	5975	buy	O
526	5976	this	O
526	5977	,	O
526	5978	but	O
526	5979	i	O
526	5980	have	O
526	5981	a	O
526	5982	hard	O
526	5983	time	O
526	5984	doing	O
526	5985	a	O
526	5986	sit	O
526	5987	up	O
526	5988	...	O
527	5989	RT	O
527	5990	The	O
527	5991	exact	O
527	5992	day	O
527	5993	that	O
527	5994	I	O
527	5995	wear	O
527	5996	shorts	O
527	5997	and	O
527	5998	a	O
527	5999	tee	O
527	6000	shirt	O
527	6001	everyone	O
527	6002	shows	O
527	6003	up	O
527	6004	wearing	O
527	6005	hoodies	O
527	6006	and	O
527	6007	jeans	O
527	6008	.	O
528	6009	-_-	O
528	6010	RT	O
528	6011	When	O
528	6012	I	O
528	6013	Get	O
528	6014	Old	O
528	6015	,	O
528	6016	Imma	O
528	6017	Still	O
528	6018	Be	O
528	6019	Rockin	O
528	6020	Out	O
528	6021	To	O
528	6022	Baby'...Even	O
529	6023	If	O
529	6024	I	O
529	6025	Break	O
529	6026	A	O
529	6027	Hip	O
529	6028	;)	O
530	6029	Stephen	PERSON
530	6030	,	O
530	6031	the	O
530	6032	Intellectual	O
530	6033	.	O
531	6034	I	O
531	6035	bet	O
531	6036	ppl	O
531	6037	that	O
531	6038	design	O
531	6039	book	O
531	6040	covers	O
531	6041	for	O
531	6042	a	O
531	6043	living	O
531	6044	hate	O
531	6045	when	O
531	6046	people	O
531	6047	say	O
531	6048	do	O
531	6049	n't	O
531	6050	judge	O
531	6051	a	O
531	6052	book	O
531	6053	by	O
531	6054	its	O
531	6055	cover	O
531	6056	Not	O
531	6057	feeling	O
531	6058	up	O
531	6059	to	O
531	6060	par	O
531	6061	today	O
531	6062	.	O
532	6063	Wanna	O
532	6064	see	O
532	6065	ya	O
532	6066	bro	O
532	6067	,	O
532	6068	I	O
532	6069	miss	O
532	6070	u	O
532	6071	U	O
532	6072	scared	O
532	6073	me	O
532	6074	to	O
532	6075	hell	O
532	6076	yesterday	O
532	6077	,	O
532	6078	cant	O
532	6079	live	O
532	6080	without	O
532	6081	u	O
532	6082	U	O
532	6083	're	O
532	6084	more	O
532	6085	than	O
532	6086	a	O
532	6087	bro	O
532	6088	u	O
532	6089	're	O
532	6090	Like	O
532	6091	my	O
532	6092	twin	O
532	6093	Need	O
532	6094	u	O
532	6095	,	O
532	6096	come	O
532	6097	home	O
532	6098	Luv	O
532	6099	u	O
532	6100	3	O
532	6101	Man	O
532	6102	i	O
532	6103	been	O
532	6104	eatin	O
532	6105	fastfood	O
532	6106	everyday	O
532	6107	im	O
532	6108	so	O
532	6109	glad	O
532	6110	my	O
532	6111	mommy	O
532	6112	cookin	O
532	6113	today	O
532	6114	...	O
533	6115	It	O
533	6116	might	O
533	6117	just	O
533	6118	be	O
533	6119	me	O
533	6120	but	O
533	6121	when	O
533	6122	males	O
533	6123	text	O
533	6124	K	O
533	6125	or	O
533	6126	cross	O
533	6127	there	O
533	6128	legs	O
533	6129	while	O
533	6130	sitting	O
533	6131	ai	O
533	6132	n't	O
533	6133	cool	O
533	6134	wit	O
533	6135	me	O
533	6136	.	O
534	6137	Have	O
534	6138	DJ	MISC
534	6139	Got	MISC
534	6140	Us	MISC
534	6141	Fallin	MISC
534	6142	in	MISC
534	6143	Love	MISC
534	6144	in	O
534	6145	my	O
534	6146	head	O
534	6147	.	O
535	6148	Cause	O
535	6149	baby	O
535	6150	tonight	O
535	6151	,	O
535	6152	The	O
535	6153	dj	O
535	6154	got	O
535	6155	us	O
535	6156	fallin	O
535	6157	in	O
535	6158	love	O
535	6159	again	O
535	6160	well	O
535	6161	i	O
535	6162	wrote	O
535	6163	you	O
535	6164	like	O
535	6165	6	O
535	6166	times	O
535	6167	this	O
535	6168	week	O
535	6169	!	O
536	6170	urgh	O
536	6171	.	O
537	6172	RACHELLE	PERSON
537	6173	im	O
537	6174	gonnauh	O
537	6175	kill	O
537	6176	YOU	O
537	6177	tonite	O
537	6178	!	O
538	6179	Before	O
538	6180	I	O
538	6181	proceed	O
538	6182	into	O
538	6183	the	O
538	6184	paradise	O
538	6185	,	O
538	6186	let	O
538	6187	's	O
538	6188	not	O
538	6189	forget	O
538	6190	the	O
538	6191	Princess	MISC
538	6192	Lover	MISC
538	6193	OVA	MISC
538	6194	1	MISC
538	6195	teaser	O
538	6196	pic	O
538	6197	,	O
538	6198	SFW	O
538	6199	I	O
538	6200	see	O
538	6201	her	O
538	6202	tomorrow	O
538	6203	3	O
538	6204	so	O
538	6205	yeah~	O
538	6206	ca	O
538	6207	n't	O
538	6208	wait	O
538	6209	Pope	PERSON
538	6210	Benedict	PERSON
538	6211	trip	O
538	6212	Why	O
538	6213	move	O
538	6214	John	PERSON
538	6215	Henry	PERSON
538	6216	Newman	PERSON
538	6217	toward	O
538	6218	sainthood	O
538	6219	?:	O
539	6220	Pope	PERSON
539	6221	Benedict	PERSON
539	6222	XVI	PERSON
539	6223	plans	O
539	6224	on	O
539	6225	Sunday	O
539	6226	during	O
539	6227	his	O
539	6228	sta	O
539	6229	...	O
540	6230	When	O
540	6231	you	O
540	6232	know	O
540	6233	what	O
540	6234	you	O
540	6235	want	O
540	6236	,	O
540	6237	and	O
540	6238	want	O
540	6239	it	O
540	6240	bad	O
540	6241	enough	O
540	6242	,	O
540	6243	you	O
540	6244	will	O
540	6245	find	O
540	6246	a	O
540	6247	way	O
540	6248	to	O
540	6249	get	O
540	6250	it	O
540	6251	.	O
541	6252	-	O
541	6253	Jim	PERSON
541	6254	Rohn	PERSON
541	6255	RT	O
541	6256	last	O
541	6257	day	O
541	6258	of	O
541	6259	sorting	O
541	6260	pope	PERSON
541	6261	visit	O
541	6262	to	O
541	6263	birmingham	LOCATION
541	6264	stuff	O
541	6265	out	O
541	6266	.....	O
542	6267	hope	O
542	6268	it	O
542	6269	goes	O
542	6270	ok	O
542	6271	on	O
542	6272	sunday	O
542	6273	!!	O
543	6274	Is	O
543	6275	Joaquin	PERSON
543	6276	Phoenix	PERSON
543	6277	Our	O
543	6278	Modern	O
543	6279	Day	O
543	6280	Andy	PERSON
543	6281	Kaufman	PERSON
543	6282	?:	O
544	6283	...	O
545	6284	the	O
545	6285	bizarre	O
545	6286	events	O
545	6287	leading	O
545	6288	up	O
545	6289	to	O
545	6290	this	O
545	6291	moment	O
545	6292	,	O
545	6293	the	O
545	6294	movie	O
545	6295	could	O
545	6296	...	O
546	6297	My	O
546	6298	first	O
546	6299	assignment	O
546	6300	was	O
546	6301	a	O
546	6302	medical	O
546	6303	illustration	O
546	6304	job	O
546	6305	through	O
546	6306	a	O
546	6307	friend	O
546	6308	.	O
547	6309	After	O
547	6310	meeting	O
547	6311	with	O
547	6312	the	O
547	6313	surgeon	O
547	6314	,	O
547	6315	I	O
547	6316	comple	O
547	6317	...	O
548	6318	yo	O
548	6319	I	O
548	6320	put	O
548	6321	that	O
548	6322	bitch	O
548	6323	boy	O
548	6324	in	O
548	6325	his	O
548	6326	place	O
548	6327	the	O
548	6328	other	O
548	6329	day	O
548	6330	.	O
549	6331	Do	O
549	6332	n't	O
549	6333	even	O
549	6334	waste	O
549	6335	ya	O
549	6336	time	O
549	6337	wit	O
549	6338	clowns	O
549	6339	I	O
549	6340	have	O
549	6341	chance	O
549	6342	with	O
549	6343	you	O
549	6344	?	O
550	6345	webcam	O
550	6346	enters	O
550	6347	Sunday	O
550	6348	7:00	O
550	6349	pm	O
550	6350	?	O
551	6351	please	O
551	6352	?	O
552	6353	to	O
552	6354	talk	O
552	6355	right	O
552	6356	!	O
553	6357	kisses	O
553	6358	on	O
553	6359	the	O
553	6360	chin	O
553	6361	RT	O
553	6362	the	O
553	6363	day	O
553	6364	Justin	PERSON
553	6365	Bieber	PERSON
553	6366	was	O
553	6367	born	O
553	6368	was	O
553	6369	a	O
553	6370	rainy	O
553	6371	day	O
553	6372	,	O
553	6373	but	O
553	6374	it	O
553	6375	was	O
553	6376	no	O
553	6377	rain	O
553	6378	,	O
553	6379	NO	O
553	6380	!	O
554	6381	the	O
554	6382	heaven	O
554	6383	was	O
554	6384	crying	O
554	6385	cause	O
554	6386	he	O
554	6387	lost	O
554	6388	his	O
554	6389	most	O
554	6390	...	O
555	6391	where	O
555	6392	you	O
555	6393	takin	O
555	6394	me	O
555	6395	tonight	O
555	6396	after	O
555	6397	u	O
555	6398	get	O
555	6399	off	O
555	6400	?	O
556	6401	i	O
556	6402	know	O
556	6403	u	O
556	6404	tryna	O
556	6405	kick	O
556	6406	it	O
556	6407	..	O
557	6408	lol	O
557	6409	dank	O
557	6410	je	O
557	6411	Gert	O
557	6412	Jan	O
557	6413	Exclusive	O
557	6414	Rep	O
557	6415	.	O
558	6416	Steve	PERSON
558	6417	King	PERSON
558	6418	on	O
558	6419	ObamaCare	O
558	6420	,	O
558	6421	Tea	O
558	6422	Party	O
558	6423	,	O
558	6424	and	O
558	6425	Constitution	MISC
558	6426	Day	MISC
558	6427	The	O
558	6428	inclusion	O
558	6429	of	O
558	6430	the	O
558	6431	Tenth	O
558	6432	Amendment	O
558	6433	in	O
558	6434	...	O
559	6435	Long	O
559	6436	18k	O
559	6437	run	O
559	6438	done	O
559	6439	and	O
559	6440	in	O
559	6441	the	O
559	6442	books	O
559	6443	!	O
560	6444	Beauty	O
560	6445	day	O
560	6446	.	O
561	6447	Til	O
561	6448	now	O
561	6449	,	O
561	6450	at	O
561	6451	dentist	O
561	6452	,	O
561	6453	and	O
561	6454	lady	O
561	6455	next	O
561	6456	to	O
561	6457	me	O
561	6458	spilling	O
561	6459	over	O
561	6460	to	O
561	6461	my	O
561	6462	chair	O
561	6463	..	O
562	6464	Just	O
562	6465	belched	O
562	6466	.	O
563	6467	Loudly	O
563	6468	.	O
564	6469	+1	O
564	6470	Lingerie	MISC
564	6471	football	MISC
564	6472	league	MISC
564	6473	come	O
564	6474	on	O
564	6475	tonight	O
564	6476	...	O
565	6477	four	O
565	6478	fucking	O
565	6479	years	O
565	6480	I	O
565	6481	've	O
565	6482	been	O
565	6483	configuring	O
565	6484	iBGP	MISC
565	6485	and	O
565	6486	eBGP	MISC
565	6487	on	O
565	6488	Cisco	ORGANIZATION
565	6489	AND	O
565	6490	Juniper	ORGANIZATION
565	6491	routers	O
565	6492	for	O
565	6493	America	LOCATION
565	6494	's	O
565	6495	largest	O
565	6496	wireless	O
565	6497	ISP	O
565	6498	...	O
566	6499	and	O
566	6500	I	O
566	6501	get	O
566	6502	a	O
566	6503	612	O
566	6504	looking	O
566	6505	forward	O
566	6506	to	O
566	6507	a	O
566	6508	weekend	O
566	6509	resting	O
566	6510	foot	O
566	6511	!!	O
567	6512	oh	O
567	6513	and	O
567	6514	the	O
567	6515	irish	O
567	6516	on	O
567	6517	sunday	O
567	6518	.	O
568	6519	RT	O
568	6520	Fuck	O
568	6521	yeah	O
568	6522	its	O
568	6523	FRIDAY	O
568	6524	!!	O
569	6525	Going	O
569	6526	now	O
569	6527	.	O
570	6528	Be	O
570	6529	back	O
570	6530	later	O
570	6531	tonight	O
570	6532	.	O
571	6533	Thanks	O
571	6534	for	O
571	6535	all	O
571	6536	the	O
571	6537	Friday	O
571	6538	Fucking	O
571	6539	,	O
571	6540	appreciate	O
571	6541	it	O
571	6542	.	O
572	6543	Make	O
572	6544	love	O
572	6545	,	O
572	6546	not	O
572	6547	war	O
572	6548	condoms	O
572	6549	are	O
572	6550	cheaper	O
572	6551	than	O
572	6552	guns	O
572	6553	.	O
573	6554	XOXO	O
573	6555	Day	O
573	6556	at	O
573	6557	T	O
573	6558	.	O
574	6559	epic	O
574	6560	interview	O
574	6561	and	O
574	6562	photo	O
574	6563	shoot	O
574	6564	with	O
574	6565	Marie	ORGANIZATION
574	6566	Clair	ORGANIZATION
574	6567	.	O
575	6568	Sleeping	O
575	6569	later	O
575	6570	and	O
575	6571	later	O
575	6572	everyday	O
575	6573	,	O
575	6574	waking	O
575	6575	up	O
575	6576	earlier	O
575	6577	and	O
575	6578	earlier	O
575	6579	day	O
575	6580	by	O
575	6581	day	O
575	6582	.	O
576	6583	My	O
576	6584	eyes	O
576	6585	are	O
576	6586	getting	O
576	6587	smaller	O
576	6588	and	O
576	6589	smaller	O
576	6590	.	O
577	6591	She	O
577	6592	should	O
577	6593	nom	O
577	6594	me	O
577	6595	when	O
577	6596	she	O
577	6597	gets	O
577	6598	back	O
577	6599	!	O
578	6600	If	O
578	6601	she	O
578	6602	's	O
578	6603	not	O
578	6604	tired	O
578	6605	that	O
578	6606	is	O
578	6607	.	O
579	6608	RT	O
579	6609	Check	O
579	6610	us	O
579	6611	out	O
579	6612	-	O
579	6613	we	O
579	6614	're	O
579	6615	FEATURED	O
579	6616	on	O
579	6617	iTunes	O
579	6618	this	O
579	6619	week	O
579	6620	!	O
580	6621	Make	O
580	6622	sure	O
580	6623	to	O
580	6624	subscribe	O
580	6625	so	O
580	6626	Jobs	O
580	6627	knows	O
580	6628	you	O
580	6629	love	O
580	6630	us	O
580	6631	it	O
580	6632	may	O
580	6633	be	O
580	6634	nasty	O
580	6635	but	O
580	6636	...	O
581	6637	it	O
581	6638	works	O
581	6639	.	O
582	6640	nightmare	MISC
582	6641	before	MISC
582	6642	christmas	MISC
582	6643	!!!	O
583	6644	USM	LOCATION
583	6645	get	O
583	6646	ready	O
583	6647	yours	O
583	6648	truly	O
583	6649	tonight	O
583	6650	at	O
583	6651	frat	LOCATION
583	6652	house	LOCATION
583	6653	Hattiesburg	LOCATION
583	6654	on	O
583	6655	the	O
583	6656	1s	O
583	6657	n	O
583	6658	2s	O
583	6659	!!	O
584	6660	Lots	O
584	6661	of	O
584	6662	Merlot	MISC
584	6663	on	O
584	6664	Thursday	O
584	6665	night	O
584	6666	means	O
584	6667	tired	O
584	6668	London	O
584	6669	Ladies	O
584	6670	are	O
584	6671	in	O
584	6672	bed	O
584	6673	by	O
584	6674	23.19	O
585	6675	on	O
585	6676	the	O
585	6677	Friday	O
585	6678	.	O
586	6679	Listening	O
586	6680	to	O
586	6681	the	O
586	6682	arts	O
586	6683	show	O
586	6684	on	O
586	6685	.	O
587	6686	....	O
588	6687	today	O
588	6688	is	O
588	6689	better	O
588	6690	than	O
588	6691	yesterday	O
588	6692	,	O
588	6693	but	O
588	6694	I	O
588	6695	hope	O
588	6696	tomorrow	O
588	6697	is	O
588	6698	better	O
588	6699	than	O
588	6700	today	O
588	6701	,	O
588	6702	because	O
588	6703	today	O
588	6704	still	O
588	6705	somewhat	O
588	6706	-	O
588	6707	SUCKS	O
588	6708	.	O
589	6709	Told	O
589	6710	you	O
589	6711	!!	O
590	6712	:o	O
591	6713	When	O
591	6714	's	O
591	6715	she	O
591	6716	back	O
591	6717	again	O
591	6718	?	O
592	6719	Observances	O
592	6720	mark	O
592	6721	9/11	O
592	6722	anniversary	O
592	6723	Observances	O
592	6724	in	O
592	6725	Temecula	LOCATION
592	6726	and	O
592	6727	elsewhere	O
592	6728	throughout	O
592	6729	the	O
592	6730	region	O
592	6731	last	O
592	6732	week	O
592	6733	marked	O
592	6734	the	O
592	6735	...	O
593	6736	Honored	O
593	6737	Double	O
593	6738	Diaomond	O
593	6739	as	O
593	6740	well	O
593	6741	Jan	PERSON
593	6742	Bloom	PERSON
593	6743	...	O
594	6744	her	O
594	6745	two	O
594	6746	beautiful	O
594	6747	daughters	O
594	6748	surprised	O
594	6749	her	O
594	6750	on	O
594	6751	stage	O
594	6752	,	O
594	6753	it	O
594	6754	was	O
594	6755	just	O
594	6756	sooo	O
594	6757	...	O
595	6758	RT	O
595	6759	Today	O
595	6760	,	O
595	6761	I	O
595	6762	saw	O
595	6763	a	O
595	6764	guy	O
595	6765	driving	O
595	6766	a	O
595	6767	Pepsi	ORGANIZATION
595	6768	truck	O
595	6769	,	O
595	6770	drinking	O
595	6771	a	O
595	6772	Coke	MISC
595	6773	.	O
596	6774	MLIA	O
596	6775	pulling	O
596	6776	an	O
596	6777	all	O
596	6778	nighter	O
596	6779	tonight	O
596	6780	....	O
597	6781	good	O
597	6782	times	O
597	6783	are	O
597	6784	approaching	O
597	6785	We	O
597	6786	should	O
597	6787	've	O
597	6788	scheduled	O
597	6789	a	O
597	6790	meeting	O
597	6791	with	O
597	6792	Trisha	PERSON
597	6793	in	O
597	6794	Paris	LOCATION
597	6795	for	O
597	6796	this	O
597	6797	week	O
597	6798	...	O
598	6799	Who	O
598	6800	loves	O
598	6801	Friday	O
598	6802	?	O
599	6803	At	O
599	6804	the	O
599	6805	gym	O
599	6806	now	O
599	6807	!	O
600	6808	Excited	O
600	6809	for	O
600	6810	weekend	O
600	6811	plans	O
600	6812	!	O
601	6813	Time	O
601	6814	to	O
601	6815	have	O
601	6816	The	MISC
601	6817	Town	MISC
601	6818	might	O
601	6819	be	O
601	6820	one	O
601	6821	of	O
601	6822	the	O
601	6823	best	O
601	6824	movies	O
601	6825	I	O
601	6826	have	O
601	6827	seen	O
601	6828	all	O
601	6829	year	O
601	6830	.	O
602	6831	So	O
602	6832	,	O
602	6833	so	O
602	6834	good	O
602	6835	.	O
603	6836	And	O
603	6837	do	O
603	6838	n't	O
603	6839	worry	O
603	6840	Ben	PERSON
603	6841	,	O
603	6842	we	O
603	6843	already	O
603	6844	forgave	O
603	6845	you	O
603	6846	for	O
603	6847	Gigli	MISC
603	6848	.	O
604	6849	Really	O
604	6850	.	O
605	6851	it	O
605	6852	's	O
605	6853	not	O
605	6854	supposed	O
605	6855	to	O
605	6856	rain	O
605	6857	till	O
605	6858	Sunday	O
605	6859	night	O
605	6860	.	O
606	6861	Going	O
606	6862	to	O
606	6863	the	O
606	6864	country	O
606	6865	fair	O
606	6866	today	O
606	6867	:)	O
607	6868	Pope	PERSON
607	6869	says	O
607	6870	religion	O
607	6871	marginalized':	O
607	6872	That	O
607	6873	's	O
607	6874	why	O
607	6875	he	O
607	6876	ca	O
607	6877	n't	O
607	6878	get	O
607	6879	a	O
607	6880	headline	O
607	6881	printed	O
607	6882	anywhere	O
607	6883	,	O
607	6884	because	O
607	6885	religion	O
607	6886	is	O
607	6887	so	O
607	6888	mar	O
607	6889	...	O
608	6890	When	O
608	6891	Pepsi	ORGANIZATION
608	6892	to	O
608	6893	ring	O
608	6894	usually	O
608	6895	confirm	O
608	6896	to	O
608	6897	,	O
608	6898	winning	O
608	6899	a	O
608	6900	Nokia	MISC
608	6901	5800	MISC
608	6902	?	O
609	6903	Just	O
609	6904	tried	O
609	6905	to	O
609	6906	watch	O
609	6907	The	MISC
609	6908	Inbetweeners	MISC
609	6909	for	O
609	6910	the	O
609	6911	first	O
609	6912	time	O
609	6913	,	O
609	6914	not	O
609	6915	entirely	O
609	6916	sure	O
609	6917	about	O
609	6918	it	O
609	6919	.	O
610	6920	But	O
610	6921	what	O
610	6922	happens	O
610	6923	when	O
610	6924	karam	O
610	6925	turns	O
610	6926	right	O
610	6927	around	O
610	6928	and	O
610	6929	bites	O
610	6930	you	O
610	6931	?	O
611	6932	And	O
611	6933	everything	O
611	6934	you	O
611	6935	stand	O
611	6936	for	O
611	6937	turns	O
611	6938	on	O
611	6939	you	O
611	6940	despite	O
611	6941	you	O
611	6942	?	O
612	6943	Today	O
612	6944	I	O
612	6945	justt	O
612	6946	felt	O
612	6947	special	O
612	6948	forr	O
612	6949	no	O
612	6950	reason	O
612	6951	3	O
612	6952	.	O
613	6953	It	O
613	6954	wass	O
613	6955	cool	O
613	6956	thou	O
613	6957	i	O
613	6958	think	O
613	6959	it	O
613	6960	's	O
613	6961	better	O
613	6962	to	O
613	6963	go	O
613	6964	to	O
613	6965	bed	O
613	6966	after	O
613	6967	this	O
613	6968	bad	O
613	6969	day	O
613	6970	...	O
614	6971	JV	ORGANIZATION
614	6972	soccer	ORGANIZATION
614	6973	leads	O
614	6974	4-1	O
614	6975	after	O
614	6976	Benitez	PERSON
614	6977	scores	O
614	6978	again	O
614	6979	,	O
614	6980	less	O
614	6981	than	O
614	6982	7	O
614	6983	mins	O
614	6984	to	O
614	6985	play	O
614	6986	i	O
614	6987	know	O
614	6988	..	O
615	6989	i	O
615	6990	need	O
615	6991	to	O
615	6992	stop	O
615	6993	before	O
615	6994	my	O
615	6995	room	O
615	6996	is	O
615	6997	gonna	O
615	6998	get	O
615	6999	filled	O
615	7000	with	O
615	7001	water	O
615	7002	.	O
616	7003	Goin	O
616	7004	to	O
616	7005	my	O
616	7006	BEST	O
616	7007	friends	O
616	7008	birthday	O
616	7009	party	O
616	7010	2day	O
616	7011	.	O
617	7012	As	O
617	7013	u	O
617	7014	can	O
617	7015	see	O
617	7016	her	O
617	7017	name	O
617	7018	is	O
617	7019	taylor	PERSON
617	7020	and	O
617	7021	i	O
617	7022	love	O
617	7023	her	O
617	7024	like	O
617	7025	a	O
617	7026	sister	O
617	7027	!	O
618	7028	~HAPPY	O
618	7029	B-DAY	O
618	7030	TAYLOR	PERSON
618	7031	!!!	O
619	7032	LUVZ	O
619	7033	YA~	O
619	7034	Our	O
619	7035	Favorite	O
619	7036	YouTube	ORGANIZATION
619	7037	Videos	O
619	7038	This	O
619	7039	Week	O
619	7040	The	O
619	7041	Drama	O
619	7042	Edition	O
619	7043	Had	O
619	7044	any	O
619	7045	epic	O
619	7046	meltdowns	O
619	7047	this	O
619	7048	week	O
619	7049	?	O
620	7050	You	O
620	7051	know	O
620	7052	,	O
620	7053	of	O
620	7054	the	O
620	7055	cryin	O
620	7056	...	O
621	7057	Pedigree	ORGANIZATION
621	7058	Donates	O
621	7059	Dog	O
621	7060	Food	O
621	7061	for	O
621	7062	Blog	O
621	7063	Posts	O
621	7064	These	O
621	7065	days	O
621	7066	,	O
621	7067	big	O
621	7068	brands	O
621	7069	usually	O
621	7070	look	O
621	7071	to	O
621	7072	the	O
621	7073	big	O
621	7074	social	O
621	7075	networks	O
621	7076	like	O
621	7077	Face	O
621	7078	...	O
622	7079	A	O
622	7080	day	O
622	7081	late	O
622	7082	but	O
622	7083	thank	O
622	7084	you	O
622	7085	=	O
622	7086	I	O
622	7087	love	O
622	7088	it	O
622	7089	home	O
622	7090	chilling	O
622	7091	guess	O
622	7092	I	O
622	7093	'm	O
622	7094	staying	O
622	7095	in	O
622	7096	2day	O
622	7097	2	O
622	7098	rest	O
622	7099	this	O
622	7100	week	O
622	7101	was	O
622	7102	crazy	O
622	7103	but	O
622	7104	I	O
622	7105	'm	O
622	7106	ready	O
622	7107	for	O
622	7108	dis	O
622	7109	weekend	O
622	7110	Peace	O
622	7111	green	MISC
622	7112	tea	MISC
622	7113	time	O
622	7114	!!	O
623	7115	Happyzone	O
623	7116	!!!!	O
624	7117	:)	O
625	7118	LADY	PERSON
625	7119	GAGA	PERSON
625	7120	IS	O
625	7121	BETTER	O
625	7122	THE	O
625	7123	5th	O
625	7124	TIME	O
625	7125	OH	O
625	7126	BABY	O
625	7127	Good	O
625	7128	start	O
625	7129	for	O
625	7130	sharks	ORGANIZATION
625	7131	tonight	O
625	7132	can	O
625	7133	only	O
625	7134	get	O
625	7135	better	O
625	7136	.	O
626	7137	Played	O
626	7138	with	O
626	7139	short	O
626	7140	bench	O
626	7141	tonight	O
626	7142	.	O
627	7143	Thought	O
627	7144	Rocks	ORGANIZATION
627	7145	well	O
627	7146	in	O
627	7147	game	O
627	7148	early	O
627	7149	though	O
627	7150	until	O
627	7151	unseen	O
627	7152	Okay	O
627	7153	The	O
627	7154	doc	O
627	7155	's	O
627	7156	saying	O
627	7157	Keep	O
627	7158	it	O
627	7159	tamped	O
627	7160	down	O
627	7161	a	O
627	7162	coupla	O
627	7163	days	O
627	7164	then	O
627	7165	bring	O
627	7166	her	O
627	7167	out	O
627	7168	early	O
627	7169	?	O
628	7170	holy	O
628	7171	FUCK	O
628	7172	THIS	O
628	7173	IS	O
628	7174	THE	O
628	7175	MOST	O
628	7176	BORING	O
628	7177	DAY	O
628	7178	EVER	O
628	7179	.	O
629	7180	RT	O
629	7181	THIS	O
629	7182	MONDAY	O
629	7183	7:06	O
629	7184	08pm	O
629	7185	!!!!!	O
630	7186	ROOM	O
630	7187	.	O
631	7188	104	O
631	7189	!!!	O
632	7190	SPECIAL	O
632	7191	PERF	O
632	7192	...	O
633	7193	In	O
633	7194	bed	O
633	7195	watching	O
633	7196	Day	O
633	7197	51	O
633	7198	HLs	O
633	7199	.	O
634	7200	Awaiting	O
634	7201	Marcus	PERSON
634	7202	Bentley	PERSON
634	7203	!	O
635	7204	ya	O
635	7205	but	O
635	7206	it	O
635	7207	would	O
635	7208	have	O
635	7209	to	O
635	7210	go	O
635	7211	down	O
635	7212	Saturday	O
635	7213	morning	O
635	7214	and	O
635	7215	tht	O
635	7216	would	O
635	7217	ntake	O
635	7218	all	O
635	7219	day	O
635	7220	lol	O
635	7221	so	O
635	7222	id	O
635	7223	be	O
635	7224	cutting	O
635	7225	it	O
635	7226	close	O
635	7227	lol	O
635	7228	I	O
635	7229	got	O
635	7230	a	O
635	7231	very	O
635	7232	,	O
635	7233	very	O
635	7234	fun	O
635	7235	item	O
635	7236	from	O
635	7237	FedEx	ORGANIZATION
635	7238	today	O
635	7239	.	O
636	7240	I'm	O
636	7241	so	O
636	7242	excited	O
636	7243	to	O
636	7244	add	O
636	7245	it	O
636	7246	to	O
636	7247	my	O
636	7248	demo	O
636	7249	bag	O
636	7250	!	O
637	7251	.	O
638	7252	RT	O
638	7253	Day	O
638	7254	6	O
638	7255	Win	O
638	7256	1	O
638	7257	of	O
638	7258	10	O
638	7259	iPads	O
638	7260	from	O
638	7261	-	O
638	7262	RT	O
638	7263	to	O
638	7264	enter	O
638	7265	or	O
638	7266	read	O
638	7267	more	O
638	7268	SCOTT	PERSON
638	7269	WEILAND	PERSON
638	7270	Announces	O
638	7271	Memoir	O
638	7272	Release	O
638	7273	-	O
638	7274	Music	MISC
638	7275	News	MISC
638	7276	Net	MISC
638	7277	MUSIC	O
638	7278	NEWS	O
638	7279	-	O
638	7280	Simon	MISC
638	7281	&	MISC
638	7282	Schuster	MISC
638	7283	has	O
638	7284	announced	O
638	7285	a	O
638	7286	March	O
638	7287	8	O
638	7288	,	O
638	7289	20	O
638	7290	...	O
639	7291	The	MISC
639	7292	Maccabees	MISC
639	7293	are	O
639	7294	the	O
639	7295	love	O
639	7296	of	O
639	7297	my	O
639	7298	life	O
639	7299	.	O
640	7300	one	O
640	7301	day	O
640	7302	i	O
640	7303	will	O
640	7304	be	O
640	7305	married	O
640	7306	to	O
640	7307	all	O
640	7308	of	O
640	7309	them	O
640	7310	.	O
641	7311	RT	O
641	7312	When	O
641	7313	the	O
641	7314	eagles	O
641	7315	fly	O
641	7316	high	O
641	7317	,	O
641	7318	they	O
641	7319	make	O
641	7320	all	O
641	7321	the	O
641	7322	smaller	O
641	7323	birds	O
641	7324	jealous	O
641	7325	.	O
642	7326	Yeah	O
642	7327	man	O
642	7328	,	O
642	7329	u	O
642	7330	got	O
642	7331	it	O
642	7332	.	O
643	7333	It	O
643	7334	's	O
643	7335	only	O
643	7336	a	O
643	7337	matter	O
643	7338	of	O
643	7339	time	O
643	7340	.	O
644	7341	Do	O
644	7342	any	O
644	7343	of	O
644	7344	you	O
644	7345	take	O
644	7346	the	O
644	7347	time	O
644	7348	to	O
644	7349	look	O
644	7350	up	O
644	7351	at	O
644	7352	the	O
644	7353	stars	O
644	7354	at	O
644	7355	night	O
644	7356	?	O
645	7357	?	O
646	7358	At	O
646	7359	the	O
646	7360	end	O
646	7361	of	O
646	7362	the	O
646	7363	year	O
646	7364	?	O
647	7365	Sometime	O
647	7366	in	O
647	7367	May	O
647	7368	.	O
648	7369	They	O
648	7370	are	O
648	7371	just	O
648	7372	starting	O
648	7373	at	O
648	7374	the	O
648	7375	beginning	O
648	7376	of	O
648	7377	August	O
648	7378	now	O
648	7379	instead	O
648	7380	of	O
648	7381	the	O
648	7382	middle	O
648	7383	.	O
649	7384	Eastern	LOCATION
649	7385	Bloc	LOCATION
649	7386	25th	O
649	7387	b'day	O
649	7388	party	O
649	7389	kicking	O
649	7390	off	O
649	7391	now	O
649	7392	!	O
650	7393	Get	O
650	7394	your	O
650	7395	tweets	O
650	7396	up	O
650	7397	,	O
650	7398	using	O
650	7399	the	O
650	7400	tag	O
650	7401	I'm	O
650	7402	too	O
650	7403	busy	O
650	7404	asking	O
650	7405	formspring	O
650	7406	questions	O
650	7407	,	O
650	7408	I	O
650	7409	may	O
650	7410	get	O
650	7411	around	O
650	7412	to	O
650	7413	you	O
650	7414	later	O
650	7415	;)	O
651	7416	looking	O
651	7417	forward	O
651	7418	to	O
651	7419	a	O
651	7420	weekend	O
651	7421	resting	O
651	7422	foot	O
651	7423	!!	O
652	7424	oh	O
652	7425	and	O
652	7426	the	O
652	7427	irish	O
652	7428	on	O
652	7429	sunday	O
652	7430	.	O
653	7431	~~~	O
653	7432	this	O
653	7433	is	O
653	7434	the	O
653	7435	second	O
653	7436	time	O
653	7437	they	O
653	7438	have	O
653	7439	messed	O
653	7440	up	O
653	7441	....	O
654	7442	about	O
654	7443	to	O
654	7444	give	O
654	7445	up	O
654	7446	on	O
654	7447	them	O
654	7448	Of	O
654	7449	course	O
654	7450	,	O
654	7451	I	O
654	7452	was	O
654	7453	stunned	O
654	7454	.	O
655	7455	This	O
655	7456	,	O
655	7457	after	O
655	7458	all	O
655	7459	,	O
655	7460	was	O
655	7461	an	O
655	7462	inanimate	O
655	7463	object	O
655	7464	.	O
656	7465	30	O
656	7466	Mosques	O
656	7467	in	O
656	7468	30	O
656	7469	Days	O
656	7470	A	O
656	7471	Trip	O
656	7472	Through	O
656	7473	Islamic	O
656	7474	America	O
656	7475	We	O
656	7476	must	O
656	7477	have	O
656	7478	been	O
656	7479	in	O
656	7480	the	O
656	7481	same	O
656	7482	bathroom	O
656	7483	today	O
656	7484	.	O
657	7485	RT	O
657	7486	every	O
657	7487	minute	O
657	7488	,	O
657	7489	every	O
657	7490	second	O
657	7491	,	O
657	7492	every	O
657	7493	hour	O
657	7494	of	O
657	7495	the	O
657	7496	day	O
657	7497	iyiyi	O
657	7498	think	O
657	7499	of	O
657	7500	you143	O
657	7501	3	O
657	7502	OMG	O
657	7503	OMG	O
657	7504	OMG	O
657	7505	!	O
658	7506	Thank	O
658	7507	you	O
658	7508	for	O
658	7509	tumblring	O
658	7510	it	O
658	7511	to	O
658	7512	me	O
658	7513	,	O
658	7514	I	O
658	7515	so	O
658	7516	wasn't	O
658	7517	expecting	O
658	7518	them	O
658	7519	today	O
658	7520	.	O
659	7521	OMG	O
659	7522	!	O
660	7523	Flikken	MISC
660	7524	is	O
660	7525	geweldig	O
660	7526	!	O
661	7527	Ik	O
661	7528	kan	O
661	7529	niet	O
661	7530	wachten	O
661	7531	tot	O
661	7532	de	O
661	7533	nieuwe	O
661	7534	serie	O
661	7535	in	O
661	7536	november	O
661	7537	..	O
662	7538	geloof	O
662	7539	ik	O
662	7540	Dit	O
662	7541	jaar	O
662	7542	alles	O
662	7543	gezien	O
662	7544	via	O
662	7545	uitzendinggemist	O
662	7546	.	O
663	7547	RT	O
663	7548	lol	O
663	7549	!	O
664	7550	yeah	O
664	7551	aint	O
664	7552	nothing	O
664	7553	there	O
664	7554	but	O
664	7555	my	O
664	7556	family	O
664	7557	.	O
665	7558	thaz	O
665	7559	really	O
665	7560	it	O
665	7561	now	O
665	7562	..	O
666	7563	to	O
666	7564	b	O
666	7565	honest	O
666	7566	...	O
667	7567	when	O
667	7568	u	O
667	7569	coming	O
667	7570	dwn	O
667	7571	to	O
667	7572	sam	O
667	7573	RT	O
667	7574	I	O
667	7575	need	O
667	7576	all	O
667	7577	my	O
667	7578	followers	O
667	7579	2	O
667	7580	bring	O
667	7581	a	O
667	7582	new	O
667	7583	children	O
667	7584	's	O
667	7585	book	O
667	7586	to	O
667	7587	the	O
667	7588	game	O
667	7589	this	O
667	7590	Sunday	O
667	7591	for	O
667	7592	the	O
667	7593	Redskins	O
667	7594	read	O
667	7595	boo	O
667	7596	...	O
668	7597	I'm	O
668	7598	out	O
668	7599	of	O
668	7600	town	O
668	7601	this	O
668	7602	weekend	O
668	7603	!	O
669	7604	dagnabbit	O
669	7605	!	O
670	7606	Why	O
670	7607	does	O
670	7608	all	O
670	7609	the	O
670	7610	cool	O
670	7611	stuff	O
670	7612	happen	O
670	7613	when	O
670	7614	I	O
670	7615	leave	O
670	7616	?	O
671	7617	Dollar	O
671	7618	steady	O
671	7619	versus	O
671	7620	yen	O
671	7621	but	O
671	7622	market	O
671	7623	wary	O
671	7624	of	O
671	7625	intervention	O
671	7626	|	O
671	7627	Money	O
671	7628	...:	O
672	7629	The	O
672	7630	dollar	O
672	7631	held	O
672	7632	near	O
672	7633	its	O
672	7634	highest	O
672	7635	in	O
672	7636	a	O
672	7637	month	O
672	7638	...	O
673	7639	before	O
673	7640	the	O
673	7641	season	O
673	7642	even	O
673	7643	starts	O
673	7644	i	O
673	7645	will	O
673	7646	not	O
673	7647	respond	O
673	7648	to	O
673	7649	any	O
673	7650	new	O
673	7651	found	O
673	7652	miami	ORGANIZATION
673	7653	heat	ORGANIZATION
673	7654	fans	O
673	7655	...	O
674	7656	IF	O
674	7657	YOU	O
674	7658	HAVEN'T	O
674	7659	HEARD	O
674	7660	...	O
675	7661	THERE	O
675	7662	IS	O
675	7663	AN	O
675	7664	AMAZING	O
675	7665	SHOW	O
675	7666	GOING	O
675	7667	ON	O
675	7668	TONIGHT	O
675	7669	AT	O
675	7670	JANNUS	LOCATION
675	7671	LIVE	LOCATION
675	7672	...	O
676	7673	SUENALO	MISC
676	7674	!	O
677	7675	FROM	O
677	7676	MIAMI	LOCATION
677	7677	W/	O
677	7678	SHAKEMODE	MISC
677	7679	AND	O
677	7680	INDIGENOUS	MISC
677	7681	...	O
678	7682	:(	O
679	7683	RT	O
679	7684	Who	O
679	7685	is	O
679	7686	coming	O
679	7687	to	O
679	7688	the	O
679	7689	show	O
679	7690	tomorrow	O
679	7691	in	O
679	7692	Hawaii	LOCATION
679	7693	?	O
680	7694	Im	O
680	7695	16	O
680	7696	and	O
680	7697	a	O
680	7698	freshmen	O
680	7699	again	O
680	7700	.	O
681	7701	I	O
681	7702	fluncked	O
681	7703	once	O
681	7704	in	O
681	7705	elementry	O
681	7706	school	O
681	7707	and	O
681	7708	I	O
681	7709	fluncked	O
681	7710	last	O
681	7711	year	O
681	7712	because	O
681	7713	I	O
681	7714	never	O
681	7715	did	O
681	7716	my	O
681	7717	work	O
681	7718	.	O
682	7719	When	O
682	7720	your	O
682	7721	database	O
682	7722	of	O
682	7723	all	O
682	7724	staff	O
682	7725	is	O
682	7726	on	O
682	7727	a	O
682	7728	flash	O
682	7729	drive	O
682	7730	that	O
682	7731	goes	O
682	7732	missing	O
682	7733	Today	O
682	7734	in	O
682	7735	art	O
682	7736	this	O
682	7737	kid	O
682	7738	was	O
682	7739	like	O
682	7740	Are	O
682	7741	you	O
682	7742	going	O
682	7743	to	O
682	7744	homecoming	O
682	7745	tonight	O
682	7746	?	O
683	7747	Other	O
683	7748	kid	O
683	7749	No	O
683	7750	,	O
683	7751	I'm	O
683	7752	going	O
683	7753	to	O
683	7754	be	O
683	7755	at	O
683	7756	home	O
683	7757	...	O
684	7758	coming	O
684	7759	.	O
685	7760	RT	O
685	7761	If	O
685	7762	you	O
685	7763	get	O
685	7764	it	O
685	7765	!	O
686	7766	This	O
686	7767	is	O
686	7768	one	O
686	7769	of	O
686	7770	my	O
686	7771	favorite	O
686	7772	days	O
686	7773	on	O
686	7774	twitter	ORGANIZATION
686	7775	ever	O
686	7776	.	O
687	7777	and	O
687	7778	kudos	O
687	7779	got	O
687	7780	mine	O
687	7781	in	O
687	7782	bbt	O
687	7783	aintree	LOCATION
687	7784	today	O
687	7785	.	O
688	7786	Played	O
688	7787	table	O
688	7788	tennis	O
688	7789	on	O
688	7790	it	O
688	7791	in	O
688	7792	store	O
688	7793	!	O
689	7794	V	O
689	7795	impressed	O
689	7796	.	O
690	7797	Did	O
690	7798	you	O
690	7799	get	O
690	7800	analogue	O
690	7801	controller	O
690	7802	2	O
690	7803	?	O
691	7804	RT	O
691	7805	RT	O
691	7806	RT	O
691	7807	Bit	O
691	7808	grumpy	O
691	7809	about	O
691	7810	the	O
691	7811	bloody	O
691	7812	Pope	PERSON
691	7813	clogging	O
691	7814	up	O
691	7815	London	LOCATION
691	7816	tomorrow	O
691	7817	.	O
692	7818	I	O
692	7819	suggest	O
692	7820	we	O
692	7821	take	O
692	7822	Gay	O
692	7823	P	O
692	7824	...	O
693	7825	It	O
693	7826	's	O
693	7827	a	O
693	7828	slightly	O
693	7829	off	O
693	7830	night	O
693	7831	tonight	O
693	7832	.	O
694	7833	Lots	O
694	7834	of	O
694	7835	requests	O
694	7836	I	O
694	7837	wouldn't	O
694	7838	normally	O
694	7839	play	O
694	7840	cos	O
694	7841	they're	O
694	7842	too	O
694	7843	slow	O
694	7844	.	O
695	7845	my	O
695	7846	heart	O
695	7847	stops	O
695	7848	when	O
695	7849	you	O
695	7850	look	O
695	7851	at	O
695	7852	me	O
695	7853	,	O
695	7854	just	O
695	7855	one	O
695	7856	touch	O
695	7857	now	O
695	7858	baby	O
695	7859	i	O
695	7860	believe	O
695	7861	33	O
695	7862	bahahah	O
695	7863	i	O
695	7864	think	O
695	7865	i'm	O
695	7866	over	O
695	7867	hyper	O
695	7868	today	O
695	7869	xD	O
695	7870	Today	O
695	7871	's	O
695	7872	cheer	O
695	7873	went	O
695	7874	from	O
695	7875	awful	O
695	7876	to	O
695	7877	awesome	O
695	7878	from	O
695	7879	the	O
695	7880	moment	O
695	7881	I	O
695	7882	realized	O
695	7883	I	O
695	7884	did	O
695	7885	not	O
695	7886	have	O
695	7887	class	O
695	7888	today	O
695	7889	.	O
696	7890	RT	O
696	7891	Soulja	PERSON
696	7892	Boy	PERSON
696	7893	|	O
696	7894	TheDeAndreWay	O
696	7895	.	O
697	7896	com	O
697	7897	The	MISC
697	7898	DeAndre	MISC
697	7899	Way	MISC
697	7900	in	O
697	7901	stores	O
697	7902	Nov	O
697	7903	2	O
697	7904	,	O
697	7905	2010	O
697	7906	via	O
697	7907	TD	MISC
697	7908	Jakes	MISC
697	7909	Day	MISC
697	7910	thx	O
697	7911	!	O
698	7912	btw	O
698	7913	i'll	O
698	7914	text	O
698	7915	u	O
698	7916	in	O
698	7917	a	O
698	7918	bit	O
698	7919	!	O
699	7920	i	O
699	7921	just	O
699	7922	got	O
699	7923	home	O
699	7924	,	O
699	7925	trying	O
699	7926	to	O
699	7927	dL	O
699	7928	some	O
699	7929	songs	O
699	7930	,	O
699	7931	and	O
699	7932	gonna	O
699	7933	head	O
699	7934	to	O
699	7935	my	O
699	7936	bf's.	O
700	7937	i'll	O
700	7938	text	O
700	7939	u	O
700	7940	when	O
700	7941	i	O
700	7942	get	O
700	7943	there	O
700	7944	bet	O
700	7945	the	O
700	7946	vino	O
700	7947	tastes	O
700	7948	especially	O
700	7949	good	O
700	7950	this	O
700	7951	week	O
700	7952	.	O
701	7953	;-	O
701	7954	RT	O
701	7955	This	O
701	7956	made	O
701	7957	me	O
701	7958	laugh	O
701	7959	today	O
701	7960	courtesy	O
701	7961	of	O
701	7962	splurb	O
701	7963	.	O
702	7964	What	O
702	7965	made	O
702	7966	you	O
702	7967	laugh	O
702	7968	?	O
703	7969	Goodmorning	O
703	7970	?	O
704	7971	Just	O
704	7972	woke	O
704	7973	up	O
704	7974	..	O
705	7975	Gonna	O
705	7976	study	O
705	7977	again	O
705	7978	for	O
705	7979	today	O
705	7980	's	O
705	7981	exams..that	O
706	7982	's	O
706	7983	okay	O
706	7984	because	O
706	7985	later	O
706	7986	no	O
706	7987	more	O
706	7988	examinations	O
706	7989	;)	O
707	7990	Performing	O
707	7991	on	O
707	7992	Thursday	O
707	7993	,	O
707	7994	Sept	O
707	7995	.	O
708	7996	23	O
708	7997	at	O
708	7998	11:00	O
708	7999	a.m.	O
709	8000	in	O
709	8001	the	O
709	8002	Student	LOCATION
709	8003	Centre	LOCATION
709	8004	at	O
709	8005	Centennial	MISC
709	8006	College	MISC
709	8007	Progress	LOCATION
709	8008	Campus	LOCATION
709	8009	in	O
709	8010	Scarborough	LOCATION
709	8011	.	O
710	8012	No	O
710	8013	Good	O
710	8014	Punk	O
710	8015	Thug	O
710	8016	knocks	O
710	8017	84-year-old	O
710	8018	to	O
710	8019	the	O
710	8020	ground	O
710	8021	,	O
710	8022	steals	O
710	8023	her	O
710	8024	purse	O
710	8025	yep	O
710	8026	...	O
711	8027	we	O
711	8028	don't	O
711	8029	have	O
711	8030	anything	O
711	8031	here	O
711	8032	...	O
712	8033	ok	O
712	8034	,	O
712	8035	we've	O
712	8036	had	O
712	8037	mcfly	O
712	8038	one	O
712	8039	year	O
712	8040	ago	O
712	8041	but	O
712	8042	..	O
713	8043	that	O
713	8044	's	O
713	8045	it	O
713	8046	I	O
713	8047	favorited	O
713	8048	a	O
713	8049	YouTube	ORGANIZATION
713	8050	video	O
713	8051	Yoav	PERSON
713	8052	We	MISC
713	8053	All	MISC
713	8054	Are	MISC
713	8055	Dancing	MISC
713	8056	Copenhagen	LOCATION
713	8057	March	O
713	8058	2010	O
713	8059	Thank	O
713	8060	you	O
713	8061	for	O
713	8062	todays	O
713	8063	Album	O
713	8064	of	O
713	8065	the	O
713	8066	Day	O
713	8067	.	O
714	8068	Good	O
714	8069	choice	O
714	8070	that	O
714	8071	fits	O
714	8072	perfectly	O
714	8073	.	O
715	8074	We'll	O
715	8075	catch	O
715	8076	up	O
715	8077	some	O
715	8078	time	O
715	8079	...	O
716	8080	*knows	O
716	8081	this	O
716	8082	won't	O
716	8083	happen*	O
716	8084	Well	O
716	8085	Im	O
716	8086	Irish	O
716	8087	and	O
716	8088	I	O
716	8089	couldnt	O
716	8090	stand	O
716	8091	her	O
716	8092	in	O
716	8093	the	O
716	8094	programme	O
716	8095	even	O
716	8096	before	O
716	8097	waterfight/braless	O
716	8098	gate	O
716	8099	"""!!"	O
717	8100	She	O
717	8101	jus	O
717	8102	seemd	O
717	8103	sniddy	O
717	8104	!	O
718	8105	...	O
719	8106	ive	O
719	8107	been	O
719	8108	to	O
719	8109	13	O
719	8110	30stm	MISC
719	8111	concerts	O
719	8112	now	O
719	8113	and	O
719	8114	you	O
719	8115	never	O
719	8116	got	O
719	8117	me	O
719	8118	on	O
719	8119	stage	O
719	8120	during/before	O
719	8121	kings	MISC
719	8122	and	MISC
719	8123	queens	MISC
719	8124	:(	O
720	8125	havent	O
720	8126	been	O
720	8127	on	O
720	8128	facebook	ORGANIZATION
720	8129	for	O
720	8130	a	O
720	8131	day	O
720	8132	.	O
721	8133	go	O
721	8134	on	O
721	8135	and	O
721	8136	have	O
721	8137	0	O
721	8138	notifications	O
721	8139	amusing	O
721	8140	?	O
722	8141	This	O
722	8142	is	O
722	8143	some	O
722	8144	of	O
722	8145	the	O
722	8146	greatest	O
722	8147	music	O
722	8148	of	O
722	8149	all	O
722	8150	time	O
722	8151	,	O
722	8152	my	O
722	8153	foot	O
722	8154	hasn't	O
722	8155	stopped	O
722	8156	tapping	O
722	8157	all	O
722	8158	night	O
722	8159	I	O
722	8160	believe	O
722	8161	in	O
722	8162	the	O
722	8163	sun	O
722	8164	,	O
722	8165	even	O
722	8166	when	O
722	8167	it	O
722	8168	is	O
722	8169	not	O
722	8170	shining	O
722	8171	.	O
723	8172	I	O
723	8173	believe	O
723	8174	in	O
723	8175	love	O
723	8176	,	O
723	8177	even	O
723	8178	when	O
723	8179	I	O
723	8180	do	O
723	8181	not	O
723	8182	feel	O
723	8183	it	O
723	8184	.	O
724	8185	:)	O
725	8186	Good	O
725	8187	Night	O
725	8188	and	O
725	8189	God	O
725	8190	Bless	O
725	8191	.	O
726	8192	Sleep	O
726	8193	well	O
726	8194	honey	O
726	8195	See	O
726	8196	you	O
726	8197	tomorrow	O
726	8198	Bye	O
726	8199	bye	O
726	8200	I	O
726	8201	love	O
726	8202	you	O
726	8203	dear	O
726	8204	RT	O
726	8205	Q10	O
726	8206	What	O
726	8207	is	O
726	8208	a	O
726	8209	Cruciverbalist	O
726	8210	?	O
727	8211	Answer	O
727	8212	someone	O
727	8213	with	O
727	8214	WAY	O
727	8215	too	O
727	8216	much	O
727	8217	time	O
727	8218	on	O
727	8219	their	O
727	8220	hands	O
727	8221	.	O
728	8222	Lol	O
728	8223	,	O
728	8224	was	O
728	8225	george	PERSON
728	8226	with	O
728	8227	carmen	PERSON
728	8228	today	O
728	8229	;D	O
729	8230	RT	O
729	8231	Sunday	O
729	8232	is	O
729	8233	my	O
729	8234	birthday	O
729	8235	.	O
730	8236	82	O
730	8237	years	O
730	8238	young	O
730	8239	!	O
731	8240	What	O
731	8241	should	O
731	8242	I	O
731	8243	wear	O
731	8244	?	O
732	8245	don't	O
732	8246	say	O
732	8247	birthday	O
732	8248	suit	O
732	8249	!	O
733	8250	haha	O
733	8251	dia	O
733	8252	25	O
733	8253	vou	O
733	8254	ver	O
733	8255	a	O
733	8256	less	O
733	8257	than	O
733	8258	20	O
733	8259	seconds	O
733	8260	ago	O
733	8261	via	O
733	8262	web	O
733	8263	Is	O
733	8264	so	O
733	8265	excited	O
733	8266	to	O
733	8267	get	O
733	8268	some	O
733	8269	dancing	O
733	8270	done	O
733	8271	tonight	O
733	8272	with	O
733	8273	/MEN	O
733	8274	at	O
733	8275	The	LOCATION
733	8276	Echo	LOCATION
733	8277	.	O
734	8278	Use	O
734	8279	My	O
734	8280	Shopping	O
734	8281	Genie	O
734	8282	before	O
734	8283	??	O
735	8284	How	O
735	8285	did	O
735	8286	it	O
735	8287	work	O
735	8288	for	O
735	8289	you	O
735	8290	?	O
736	8291	Try	O
736	8292	it	O
736	8293	out	O
736	8294	here	O
736	8295	have	O
736	8296	a	O
736	8297	good	O
736	8298	weekend	O
736	8299	!	O
737	8300	Next	O
737	8301	time	O
737	8302	I'm	O
737	8303	at	O
737	8304	Gardens	LOCATION
737	8305	we	O
737	8306	are	O
737	8307	joining	O
737	8308	eatery	O
737	8309	forces	O
737	8310	.	O
738	8311	I	O
738	8312	haven't	O
738	8313	for	O
738	8314	a	O
738	8315	long	O
738	8316	ass	O
738	8317	time	O
738	8318	omg	O
738	8319	tomorrow	O
738	8320	we	O
738	8321	meet	O
738	8322	,	O
738	8323	it	O
738	8324	will	O
738	8325	be	O
738	8326	good	O
738	8327	to	O
738	8328	see	O
738	8329	you	O
738	8330	again	O
738	8331	Soulja	PERSON
738	8332	Boy	PERSON
738	8333	|	O
738	8334	TheDeAndreWay	O
738	8335	.	O
739	8336	com	O
739	8337	-	O
739	8338	The	MISC
739	8339	DeAndre	MISC
739	8340	Way	MISC
739	8341	in	O
739	8342	stores	O
739	8343	Nov	O
739	8344	2	O
739	8345	,	O
739	8346	2010	O
739	8347	via	O
739	8348	Dat	O
739	8349	's	O
739	8350	what	O
739	8351	I'm	O
739	8352	talkin	O
739	8353	bout	O
739	8354	.	O
740	8355	In	O
740	8356	20	O
740	8357	years	O
740	8358	who	O
740	8359	knows	O
740	8360	.	O
741	8361	Maybe	O
741	8362	Mr	O
741	8363	.	O
742	8364	and	O
742	8365	Mrs	O
742	8366	...	O
743	8367	?	O
744	8368	Photo	O
744	8369	Travie	O
744	8370	hanging	O
744	8371	out	O
744	8372	with	O
744	8373	fans	O
744	8374	at	O
744	8375	103.5	O
745	8376	in	O
745	8377	Chicago	LOCATION
745	8378	today	O
745	8379	RT	O
745	8380	its	O
745	8381	annoying	O
745	8382	tht	O
745	8383	ppl	O
745	8384	ask	O
745	8385	me	O
745	8386	what	O
745	8387	race	O
745	8388	i	O
745	8389	am	O
745	8390	before	O
745	8391	they	O
745	8392	ask	O
745	8393	me	O
745	8394	my	O
745	8395	name	O
745	8396	-_-	O
745	8397	My	O
745	8398	few	O
745	8399	followers	O
745	8400	..!	O
746	8401	What	O
746	8402	's	O
746	8403	up	O
746	8404	..?	O
747	8405	I	O
747	8406	kind	O
747	8407	of	O
747	8408	got	O
747	8409	in	O
747	8410	trouble	O
747	8411	today	O
747	8412	lol	O
747	8413	...	O
748	8414	Just	O
748	8415	helps	O
748	8416	me	O
748	8417	remember	O
748	8418	I'm	O
748	8419	still	O
748	8420	a	O
748	8421	human	O
748	8422	.	O
749	8423	Imperfectly	O
749	8424	perfect	O
749	8425	..!!	O
750	8426	RT	O
750	8427	HAHA	O
750	8428	,	O
750	8429	remember	O
750	8430	when	O
750	8431	you	O
750	8432	guys	O
750	8433	dated!''	O
751	8434	''	O
751	8435	Shut	O
751	8436	up	O
751	8437	!	O
752	8438	NEVER	O
752	8439	EVER	O
752	8440	bring	O
752	8441	that	O
752	8442	up	O
752	8443	again!''	O
753	8444	It	O
753	8445	was	O
753	8446	20	O
753	8447	years	O
753	8448	ago	O
753	8449	.	O
754	8450	They're	O
754	8451	coming	O
754	8452	after	O
754	8453	me	O
754	8454	,	O
754	8455	I	O
754	8456	just	O
754	8457	know	O
754	8458	it	O
754	8459	.	O
755	8460	RT	O
755	8461	Every	O
755	8462	time	O
755	8463	I	O
755	8464	look	O
755	8465	I	O
755	8466	just	O
755	8467	be	O
755	8468	lost	O
755	8469	for	O
755	8470	words	O
755	8471	damn	O
755	8472	!	O
756	8473	Train	O
756	8474	with	O
756	8475	us	O
756	8476	for	O
756	8477	the	O
756	8478	HCA	MISC
756	8479	8K	MISC
756	8480	!	O
757	8481	We	O
757	8482	start	O
757	8483	tomorrow	O
757	8484	morning	O
757	8485	at	O
757	8486	7:30	O
757	8487	am	O
757	8488	at	O
757	8489	the	O
757	8490	showroom	O
757	8491	!	O
758	8492	PeopleSearchAffiliates	O
758	8493	.	O
759	8494	com	O
759	8495	For	O
759	8496	Over	O
759	8497	2	O
759	8498	Years	O
759	8499	Make	O
759	8500	money	O
759	8501	today	O
759	8502	!	O
760	8503	Most	O
760	8504	lucrative	O
760	8505	people	O
760	8506	search	O
760	8507	products	O
760	8508	on	O
760	8509	CB	O
760	8510	for	O
760	8511	...	O
761	8512	going	O
761	8513	to	O
761	8514	the	O
761	8515	mall	O
761	8516	with	O
761	8517	my	O
761	8518	momma	O
761	8519	,	O
761	8520	then	O
761	8521	church	O
761	8522	after	O
761	8523	this	O
761	8524	is	O
761	8525	a	O
761	8526	big'o	O
761	8527	challenge	O
761	8528	for	O
761	8529	the	O
761	8530	next	O
761	8531	3	O
761	8532	days	O
761	8533	encounter	O
761	8534	here	O
761	8535	I	O
761	8536	come	O
761	8537	lets	O
761	8538	see	O
761	8539	what	O
761	8540	happens	O
761	8541	of	O
761	8542	my	O
761	8543	days	O
761	8544	like	O
761	8545	paris	PERSON
761	8546	hilton	PERSON
761	8547	doing	O
761	8548	blowjobs	O
761	8549	on	O
761	8550	camera	O
761	8551	to	O
761	8552	earn	O
761	8553	enough	O
761	8554	money	O
761	8555	to	O
761	8556	feed	O
761	8557	my	O
761	8558	angry	O
761	8559	birds	O
761	8560	habbit	O
761	8561	until	O
761	8562	i	O
761	8563	die	O
761	8564	T.T	O
762	8565	Ainda	O
762	8566	vou	O
762	8567	fazer	O
762	8568	o	O
762	8569	Caroleta	O
762	8570	's	O
762	8571	Day	O
762	8572	?	O
763	8573	Anja	PERSON
763	8574	Rubik	PERSON
763	8575	Model	O
763	8576	in	O
763	8577	Lingerie	O
763	8578	of	O
763	8579	the	O
763	8580	Day	O
763	8581	Right	O
763	8582	arm	O
763	8583	Rousseff	PERSON
763	8584	,	O
763	8585	Erenice	MISC
763	8586	War	MISC
763	8587	,	O
763	8588	51	O
763	8589	years	O
763	8590	,	O
763	8591	became	O
763	8592	chief	O
763	8593	minister	O
763	8594	of	O
763	8595	the	O
763	8596	Civil	MISC
763	8597	House	MISC
763	8598	in	O
763	8599	April	O
763	8600	this	O
763	8601	year	O
763	8602	In	O
763	8603	business	O
763	8604	,	O
763	8605	Tuesday	O
763	8606	is	O
763	8607	usually	O
763	8608	the	O
763	8609	most	O
763	8610	productive	O
763	8611	day	O
763	8612	.	O
764	8613	For	O
764	8614	Twitter	ORGANIZATION
764	8615	,	O
764	8616	is	O
764	8617	when	O
764	8618	people	O
764	8619	tweet	O
764	8620	the	O
764	8621	most	O
764	8622	-	O
764	8623	Ironic	O
764	8624	,	O
764	8625	isn't	O
764	8626	it	O
764	8627	?	O
765	8628	thank	O
765	8629	god	O
765	8630	its	O
765	8631	fucking	O
765	8632	friday	O
765	8633	NEW	O
765	8634	BLOG	O
765	8635	-	O
765	8636	Badass	MISC
765	8637	Babes	MISC
765	8638	Savin	MISC
765	8639	The	MISC
765	8640	Day	MISC
765	8641	CHIX	O
765	8642	6	O
765	8643	,	O
765	8644	The	O
765	8645	ROXPERIENCE	O
765	8646	WEEK	O
765	8647	5	O
765	8648	BWW	O
765	8649	is	O
765	8650	excited	O
765	8651	to	O
765	8652	present	O
765	8653	a	O
765	8654	new	O
765	8655	blog	O
765	8656	,	O
765	8657	...	O
766	8658	hey	O
766	8659	hub	O
766	8660	how	O
766	8661	u	O
766	8662	been	O
766	8663	haven't	O
766	8664	seen	O
766	8665	u	O
766	8666	since	O
766	8667	my	O
766	8668	Love	O
766	8669	days	O
766	8670	lol	O
766	8671	I	O
766	8672	madw	O
766	8673	my	O
766	8674	email	O
766	8675	when	O
766	8676	i	O
766	8677	was	O
766	8678	10	O
766	8679	and	O
766	8680	yeah	O
766	8681	its	O
766	8682	really	O
766	8683	embarissing	O
766	8684	lol	O
766	8685	RT	O
766	8686	Online	O
766	8687	ticket	O
766	8688	sales	O
766	8689	for	O
766	8690	Ghostland	MISC
766	8691	Observatory	MISC
766	8692	extended	O
766	8693	until	O
766	8694	6	O
766	8695	PM	O
766	8696	EST	O
766	8697	due	O
766	8698	to	O
766	8699	high	O
766	8700	demand	O
766	8701	.	O
767	8702	Get	O
767	8703	them	O
767	8704	before	O
767	8705	they	O
767	8706	sell	O
767	8707	out	O
767	8708	...	O
768	8709	RT	O
768	8710	What	O
768	8711	's	O
768	8712	happening	O
768	8713	at	O
768	8714	the	O
768	8715	rest	O
768	8716	of	O
768	8717	the	O
768	8718	month	O
768	8719	?	O
769	8720	Check	O
769	8721	out	O
769	8722	our	O
769	8723	September	O
769	8724	Happenings	O
769	8725	!	O
770	8726	Not	O
770	8727	only	O
770	8728	is	O
770	8729	it	O
770	8730	's	O
770	8731	32nd	O
770	8732	Anniversary	O
770	8733	,	O
770	8734	tonite	O
770	8735	is	O
770	8736	the	O
770	8737	3rd	O
770	8738	season	O
770	8739	premiere	O
770	8740	of	O
770	8741	!!	O
771	8742	JV	ORGANIZATION
771	8743	soccer	ORGANIZATION
771	8744	leads	O
771	8745	4-1	O
771	8746	after	O
771	8747	Benitez	PERSON
771	8748	scores	O
771	8749	again	O
771	8750	,	O
771	8751	less	O
771	8752	than	O
771	8753	7	O
771	8754	mins	O
771	8755	to	O
771	8756	play	O
771	8757	RT	O
771	8758	Chillin	O
771	8759	w	O
771	8760	|	O
771	8761	....	O
772	8762	n	O
772	8763	gettin	O
772	8764	pierced	O
772	8765	this	O
772	8766	week	O
772	8767	WHOOOOP	O
772	8768	!!!	O
773	8769	RT	O
773	8770	When	O
773	8771	your	O
773	8772	precious	O
773	8773	country	O
773	8774	collapses	O
773	8775	,	O
773	8776	just	O
773	8777	remember	O
773	8778	,	O
773	8779	every	O
773	8780	pair	O
773	8781	of	O
773	8782	Crocs	ORGANIZATION
773	8783	you	O
773	8784	bought	O
773	8785	contributed	O
773	8786	to	O
773	8787	the	O
773	8788	downfall	O
773	8789	.	O
774	8790	Count	O
774	8791	your	O
774	8792	age	O
774	8793	by	O
774	8794	,	O
774	8795	not	O
774	8796	years	O
774	8797	.	O
775	8798	Count	O
775	8799	your	O
775	8800	life	O
775	8801	by	O
775	8802	,	O
775	8803	not	O
775	8804	tears	O
775	8805	"."""	O
776	8806	John	PERSON
776	8807	Lennon	PERSON
776	8808	next	O
776	8809	few	O
776	8810	weeks	O
776	8811	are	O
776	8812	going	O
776	8813	to	O
776	8814	be	O
776	8815	hectic	O
776	8816	between	O
776	8817	traveling	O
776	8818	and	O
776	8819	knee	O
776	8820	surgery	O
776	8821	when	O
776	8822	i	O
776	8823	get	O
776	8824	back	O
776	8825	thankk	O
776	8826	yhuu	O
776	8827	u	O
776	8828	just	O
776	8829	made	O
776	8830	my	O
776	8831	day	O
776	8832	:D	O
777	8833	Lol	O
777	8834	girrrrrrl	O
777	8835	.	O
778	8836	I'm	O
778	8837	very	O
778	8838	lucky	O
778	8839	but	O
778	8840	everything	O
778	8841	is	O
778	8842	work	O
778	8843	.	O
779	8844	Yours	O
779	8845	will	O
779	8846	come	O
779	8847	when	O
779	8848	its	O
779	8849	supposed	O
779	8850	to	O
779	8851	RT	O
779	8852	Can't	O
779	8853	cont	O
779	8854	UT	O
779	8855	John	PERSON
779	8856	Chiles	PERSON
779	8857	out	O
779	8858	,	O
779	8859	Mike	PERSON
779	8860	Davis	PERSON
779	8861	in	O
779	8862	Texas	LOCATION
779	8863	wide	O
779	8864	receiver	O
779	8865	John	PERSON
779	8866	Chiles	PERSON
779	8867	has	O
779	8868	been	O
779	8869	ruled	O
779	8870	out	O
779	8871	of	O
779	8872	Saturday	O
779	8873	night	O
779	8874	's	O
779	8875	game	O
779	8876	wit	O
779	8877	...	O
780	8878	Fuckk	O
780	8879	man	O
780	8880	!	O
781	8881	I	O
781	8882	fuckinn	O
781	8883	missed	O
781	8884	concert	O
781	8885	:(	O
782	8886	!	O
783	8887	I	O
783	8888	wonder	O
783	8889	if	O
783	8890	they're	O
783	8891	coming	O
783	8892	to	O
783	8893	Arizona	LOCATION
783	8894	next	O
783	8895	year	O
783	8896	??	O
784	8897	today	O
784	8898	just	O
784	8899	doesn't	O
784	8900	feel	O
784	8901	like	O
784	8902	a	O
784	8903	Friday	O
784	8904	I	O
784	8905	was	O
784	8906	trying	O
784	8907	to	O
784	8908	be	O
784	8909	sly	O
784	8910	today	O
784	8911	.	O
785	8912	I	O
785	8913	started	O
785	8914	a	O
785	8915	new	O
785	8916	hat	O
785	8917	,	O
785	8918	and	O
785	8919	have	O
785	8920	a	O
785	8921	pink	O
785	8922	one	O
785	8923	done	O
785	8924	4	O
785	8925	My	O
785	8926	goal	O
785	8927	is	O
785	8928	5	O
785	8929	.	O
786	8930	Een	O
786	8931	groeiproces	O
786	8932	in	O
786	8933	de	O
786	8934	ruimste	O
786	8935	zin	O
786	8936	van	O
786	8937	het	O
786	8938	woord	O
786	8939	.	O
787	8940	Ik	O
787	8941	arriveerde	O
787	8942	toen	O
787	8943	5	O
787	8944	kilo	O
787	8945	.	O
788	8946	Gelukkig	O
788	8947	viel	O
788	8948	ik	O
788	8949	er	O
788	8950	deze	O
788	8951	week	O
788	8952	evenzoveel	O
788	8953	weer	O
788	8954	uit	O
788	8955	.	O
789	8956	Why	O
789	8957	do	O
789	8958	that	O
789	8959	to	O
789	8960	begin	O
789	8961	with	O
789	8962	?	O
790	8963	lols	O
790	8964	.	O
791	8965	When	O
791	8966	on	O
791	8967	vacation	O
791	8968	in	O
791	8969	Cebu	LOCATION
791	8970	,	O
791	8971	you	O
791	8972	do	O
791	8973	not	O
791	8974	sniff	O
791	8975	your	O
791	8976	roommate	O
791	8977	's	O
791	8978	boxers	O
791	8979	.	O
792	8980	RT	O
792	8981	Anyone	O
792	8982	out	O
792	8983	there	O
792	8984	getting	O
792	8985	excited	O
792	8986	4	O
792	8987	Dazed	MISC
792	8988	&	MISC
792	8989	Confused	MISC
792	8990	on	O
792	8991	our	O
792	8992	rooftop	O
792	8993	plaza	O
792	8994	tonight	O
792	8995	?	O
793	8996	Movie	O
793	8997	starts	O
793	8998	at	O
793	8999	sundown	O
793	9000	!	O
794	9001	but	O
794	9002	you	O
794	9003	ARE	O
794	9004	coming	O
794	9005	tonight	O
794	9006	,	O
794	9007	right	O
794	9008	?	O
795	9009	Edmonton	LOCATION
795	9010	dealers	O
795	9011	raise	O
795	9012	$320000	O
795	9013	for	O
795	9014	Special	MISC
795	9015	Olympics	MISC
795	9016	By	O
795	9017	Tim	PERSON
795	9018	Yip	PERSON
795	9019	,	O
795	9020	Edmonton	MISC
795	9021	Journal	MISC
795	9022	September	O
795	9023	17	O
795	9024	,	O
795	9025	2010	O
795	9026	2:03	O
795	9027	PM	O
795	9028	Chari	O
795	9029	...	O
796	9030	Photo	O
796	9031	Chillo	O
796	9032	??	O
797	9033	Trying	O
797	9034	out	O
797	9035	for	O
797	9036	the	O
797	9037	1st	O
797	9038	time	O
797	9039	this	O
797	9040	shit	O
797	9041	!!	O
798	9042	RT	O
798	9043	WH	O
798	9044	rejects	O
798	9045	global	O
798	9046	warming	O
798	9047	""","	O
798	9048	favors	O
798	9049	term	O
798	9050	global	O
798	9051	climate	O
798	9052	disruption	O
798	9053	"""."	O
799	9054	Ya	O
799	9055	know	O
799	9056	,	O
799	9057	I	O
799	9058	remember	O
799	9059	back	O
799	9060	when	O
799	9061	we	O
799	9062	used	O
799	9063	to	O
799	9064	call	O
799	9065	it	O
799	9066	...	O
800	9067	New	O
800	9068	Trailer	O
800	9069	For	O
800	9070	Platinum	O
800	9071	Games	O
800	9072	Vanquish	MISC
800	9073	for	O
800	9074	PS3	MISC
800	9075	,	O
800	9076	Xbox	MISC
800	9077	360	MISC
800	9078	by	O
800	9079	Widro	ORGANIZATION
800	9080	-	O
800	9081	September	O
800	9082	17	O
800	9083	,	O
800	9084	2010	O
800	9085	|	O
800	9086	Email	O
800	9087	the	O
800	9088	author	O
800	9089	Direc	O
800	9090	...	O
801	9091	RT	O
801	9092	Mr	PERSON
801	9093	.	PERSON
802	9094	Van	PERSON
802	9095	sure	O
802	9096	is	O
802	9097	busy	O
802	9098	today	O
802	9099	.	O
803	9100	Here	O
803	9101	,	O
803	9102	he	O
803	9103	takes	O
803	9104	time	O
803	9105	to	O
803	9106	talk	O
803	9107	with	O
803	9108	a	O
803	9109	crew	O
803	9110	from	O
803	9111	.	O
804	9112	RT	O
804	9113	Free	O
804	9114	before	O
804	9115	10:30	O
804	9116	....	O
805	9117	Wear	O
805	9118	All	O
805	9119	Black	O
805	9120	People	O
805	9121	!!!!	O
806	9122	RT	O
806	9123	When	O
806	9124	everything	O
806	9125	seems	O
806	9126	to	O
806	9127	be	O
806	9128	going	O
806	9129	against	O
806	9130	you	O
806	9131	,	O
806	9132	remember	O
806	9133	that	O
806	9134	the	O
806	9135	airplane	O
806	9136	takes	O
806	9137	off	O
806	9138	against	O
806	9139	the	O
806	9140	wind	O
806	9141	,	O
806	9142	not	O
806	9143	with	O
806	9144	it	O
806	9145	"."""	O
807	9146	...	O
808	9147	Report	O
808	9148	Michael	PERSON
808	9149	Vick	PERSON
808	9150	Will	O
808	9151	Start	O
808	9152	for	O
808	9153	Eagles	ORGANIZATION
808	9154	on	O
808	9155	Sunday	O
808	9156	RT	O
808	9157	People	O
808	9158	who	O
808	9159	gossip	O
808	9160	remind	O
808	9161	me	O
808	9162	of	O
808	9163	reporters	O
808	9164	always	O
808	9165	got	O
808	9166	da	O
808	9167	latest	O
808	9168	info	O
808	9169	on	O
808	9170	somebody	O
808	9171	!	O
809	9172	Time	O
809	9173	for	O
809	9174	you	O
809	9175	loose	O
809	9176	lips	O
809	9177	to	O
809	9178	chan	O
809	9179	...	O
810	9180	no	O
810	9181	mins	O
810	9182	ha	O
810	9183	i	O
810	9184	guess	O
810	9185	i	O
810	9186	aint	O
810	9187	goin	O
810	9188	to	O
810	9189	town	O
810	9190	today	O
810	9191	ha	O
810	9192	just	O
810	9193	gonna	O
810	9194	stay	O
810	9195	and	O
810	9196	ball	O
810	9197	....	O
811	9198	Thank	O
811	9199	you	O
811	9200	so	O
811	9201	very	O
811	9202	much	O
811	9203	EVERYONE	O
811	9204	for	O
811	9205	the	O
811	9206	lovely	O
811	9207	Friday	O
811	9208	Follows	O
811	9209	today	O
811	9210	-	O
811	9211	you	O
811	9212	are	O
811	9213	all	O
811	9214	too	O
811	9215	lovely	O
811	9216	:)	O
812	9217	Sorry	O
812	9218	I've	O
812	9219	not	O
812	9220	had	O
812	9221	time	O
812	9222	to	O
812	9223	reciprocate	O
812	9224	xXx	O
812	9225	RT	O
812	9226	all	O
812	9227	the	O
812	9228	badd	O
812	9229	biddies	O
812	9230	gon	O
812	9231	have	O
812	9232	lingerie	O
812	9233	on	O
812	9234	tonite	O
812	9235	at	O
812	9236	so	O
812	9237	ima	O
812	9238	wear	O
812	9239	my	O
812	9240	cheetah	O
812	9241	print	O
812	9242	thong	O
812	9243	!	O
813	9244	lmfao	O
813	9245	Hey	O
813	9246	.	O
814	9247	.	O
815	9248	There	O
815	9249	is	O
815	9250	a	O
815	9251	march	O
815	9252	.	O
816	9253	10-2-10	O
816	9254	onenationworkingtogether.org	O
817	9255	for	O
817	9256	more	O
817	9257	info	O
817	9258	Good	O
817	9259	start	O
817	9260	for	O
817	9261	sharks	ORGANIZATION
817	9262	tonight	O
817	9263	can	O
817	9264	only	O
817	9265	get	O
817	9266	better	O
817	9267	.	O
818	9268	Played	O
818	9269	with	O
818	9270	short	O
818	9271	bench	O
818	9272	tonight	O
818	9273	.	O
819	9274	Thought	O
819	9275	Rocks	O
819	9276	well	O
819	9277	in	O
819	9278	game	O
819	9279	early	O
819	9280	though	O
819	9281	until	O
819	9282	unseen	O
819	9283	tonight	O
819	9284	was	O
819	9285	pretty	O
819	9286	good	O
819	9287	:)	O
820	9288	but	O
820	9289	soo	O
820	9290	coldd	O
820	9291	:(	O
821	9292	Bringing	O
821	9293	this	O
821	9294	one	O
821	9295	back	O
821	9296	.	O
822	9297	From	O
822	9298	last	O
822	9299	March	O
822	9300	.	O
823	9301	On	O
823	9302	tackles	O
823	9303	.	O
824	9304	On	O
824	9305	intent	O
824	9306	.	O
825	9307	More	O
825	9308	to	O
825	9309	say	O
825	9310	but	O
825	9311	for	O
825	9312	lack	O
825	9313	of	O
825	9314	time	O
825	9315	,	O
825	9316	here	O
825	9317	's	O
825	9318	this	O
825	9319	Colin	PERSON
825	9320	Saturday	O
825	9321	Night	O
825	9322	,	O
825	9323	Knighttime	LOCATION
825	9324	Billiards	LOCATION
825	9325	with	O
825	9326	4D	O
825	9327	!	O
826	9328	Lets	O
826	9329	help	O
826	9330	Bonita	PERSON
826	9331	celebrate	O
826	9332	her	O
826	9333	Birthday	O
826	9334	!	O
827	9335	Come	O
827	9336	early	O
827	9337	and	O
827	9338	make	O
827	9339	a	O
827	9340	toast	O
827	9341	!	O
828	9342	RT	O
828	9343	Come	O
828	9344	to	O
828	9345	DOUCHEBAG	MISC
828	9346	LOS	MISC
828	9347	ANGELES	MISC
828	9348	OPENING	MISC
828	9349	WEEKEND	MISC
828	9350	EXTRAVAGANZA	MISC
828	9351	Friday	O
828	9352	,	O
828	9353	October	O
828	9354	8	O
828	9355	at	O
828	9356	7:30	O
828	9357	pm	O
828	9358	until	O
828	9359	br	O
828	9360	/	O
828	9361	Saturday	O
828	9362	...	O
829	9363	my	O
829	9364	past	O
829	9365	was	O
829	9366	the	O
829	9367	reason	O
829	9368	i	O
829	9369	tried	O
829	9370	to	O
829	9371	kill	O
829	9372	myself	O
829	9373	the	O
829	9374	other	O
829	9375	day	O
829	9376	,	O
829	9377	and	O
829	9378	i'll	O
829	9379	gladly	O
829	9380	do	O
829	9381	it	O
829	9382	again	O
829	9383	.	O
830	9384	Mr	PERSON
830	9385	Ehrlich	PERSON
830	9386	uses	O
830	9387	bd	O
830	9388	language	O
830	9389	after	O
830	9390	school	O
830	9391	that	O
830	9392	's	O
830	9393	how	O
830	9394	I	O
830	9395	got	O
830	9396	this	O
830	9397	nickname	O
830	9398	.	O
831	9399	Told	O
831	9400	I	O
831	9401	looked	O
831	9402	like	O
831	9403	the	O
831	9404	muppet	O
831	9405	.	O
832	9406	And	O
832	9407	I	O
832	9408	kind	O
832	9409	of	O
832	9410	did	O
832	9411	the	O
832	9412	same	O
832	9413	jom	O
832	9414	when	O
832	9415	I	O
832	9416	did	O
832	9417	theatre	O
832	9418	work	O
832	9419	.	O
833	9420	oh	O
833	9421	snap	O
833	9422	i	O
833	9423	got	O
833	9424	on	O
833	9425	today	O
833	9426	..	O
834	9427	just	O
834	9428	for	O
834	9429	wiz	O
834	9430	aha	O
834	9431	!	O
835	9432	Oh	O
835	9433	wow	O
835	9434	.	O
836	9435	After	O
836	9436	like	O
836	9437	half	O
836	9438	a	O
836	9439	year	O
836	9440	of	O
836	9441	misaddressing	O
836	9442	them	O
836	9443	,	O
836	9444	Game	ORGANIZATION
836	9445	Informer	ORGANIZATION
836	9446	FINALLY	O
836	9447	corrected	O
836	9448	my	O
836	9449	label	O
836	9450	printing	O
836	9451	issues	O
836	9452	.	O
837	9453	Hope	O
837	9454	this	O
837	9455	one	O
837	9456	's	O
837	9457	good	O
837	9458	.	O
838	9459	Really	O
838	9460	wish	O
838	9461	I	O
838	9462	can	O
838	9463	see	O
838	9464	a	O
838	9465	rocket	O
838	9466	to	O
838	9467	the	O
838	9468	moon	O
838	9469	today	O
838	9470	.	O
839	9471	They	O
839	9472	would	O
839	9473	totally	O
839	9474	make	O
839	9475	my	O
839	9476	day	O
839	9477	.	O
840	9478	preciso	O
840	9479	de	O
840	9480	um	O
840	9481	BG	O
840	9482	do	O
840	9483	all	O
840	9484	time	O
840	9485	low	O
840	9486	ou	O
840	9487	do	O
840	9488	the	O
840	9489	maine	O
840	9490	Yes	O
840	9491	,	O
840	9492	well	O
840	9493	a	O
840	9494	HOOT	O
840	9495	absoroootly	O
840	9496	because	O
840	9497	I'm	O
840	9498	secretly	O
840	9499	a	O
840	9500	hoot	O
840	9501	,	O
840	9502	the	O
840	9503	rest	O
840	9504	of	O
840	9505	the	O
840	9506	time	O
840	9507	I'm	O
840	9508	serious	O
840	9509	...	O
841	9510	don't	O
841	9511	tell	O
841	9512	anyone	O
841	9513	yeah	O
841	9514	.	O
842	9515	But	O
842	9516	it	O
842	9517	's	O
842	9518	been	O
842	9519	so	O
842	9520	long	O
842	9521	.	O
843	9522	I	O
843	9523	miss	O
843	9524	home	O
843	9525	.	O
844	9526	But	O
844	9527	u	O
844	9528	still	O
844	9529	on	O
844	9530	ur	O
844	9531	grind	O
844	9532	tho	O
844	9533	.	O
845	9534	That	O
845	9535	's	O
845	9536	wassup	O
845	9537	.	O
846	9538	party	O
846	9539	today	O
846	9540	3	O
846	9541	:)	O
847	9542	happy	O
847	9543	birthday	O
847	9544	florence	PERSON
847	9545	3	O
847	9546	Wow	O
847	9547	congrats	O
847	9548	on	O
847	9549	your	O
847	9550	engagement	O
847	9551	Keeva	PERSON
847	9552	,	O
847	9553	delighted	O
847	9554	for	O
847	9555	you	O
847	9556	&	O
847	9557	Dave	PERSON
847	9558	!!	O
848	9559	Was	O
848	9560	a	O
848	9561	bit	O
848	9562	worried	O
848	9563	after	O
848	9564	his	O
848	9565	initial	O
848	9566	muted	O
848	9567	response	O
848	9568	;-	O
848	9569	Finna	O
848	9570	Chill	O
848	9571	Tonite	O
848	9572	!!	O
849	9573	Dont	O
849	9574	Feel	O
849	9575	Like	O
849	9576	Doinq	O
849	9577	Shxt	O
849	9578	My	O
849	9579	Mouth	O
849	9580	Hurts	O
849	9581	!!	O
850	9582	RT	O
850	9583	As	O
850	9584	an	O
850	9585	romance	O
850	9586	isn't	O
850	9587	about	O
850	9588	what	O
850	9589	you're	O
850	9590	after	O
850	9591	it	O
850	9592	's	O
850	9593	about	O
850	9594	taking	O
850	9595	chances	O
850	9596	,	O
850	9597	exploring	O
850	9598	and	O
850	9599	keeping	O
850	9600	an	O
850	9601	...	O
851	9602	Not	O
851	9603	awful	O
851	9604	...	O
852	9605	going	O
852	9606	to	O
852	9607	start	O
852	9608	fresh	O
852	9609	this	O
852	9610	week	O
852	9611	:-)	O
853	9612	Soo	O
853	9613	hungry	O
853	9614	!	O
854	9615	RT	O
854	9616	RT	O
854	9617	The	O
854	9618	Birthday	O
854	9619	Celebration	O
854	9620	for	O
854	9621	The	O
854	9622	Boy	O
854	9623	*Tonight*	O
854	9624	+	O
854	9625	=	O
854	9626	ZOOOVIE	O
854	9627	J	O
854	9628	shaken	O
854	9629	hands	O
854	9630	w/santana	O
854	9631	and/fatt	O
854	9632	lady	O
854	9633	like	O
854	9634	no	O
854	9635	otherQuote	O
854	9636	this	O
854	9637	ought	O
854	9638	to	O
854	9639	get	O
854	9640	my	O
854	9641	ratins	O
854	9642	up	O
854	9643	before	O
854	9644	Conan	MISC
854	9645	Get	O
854	9646	back-Big	O
854	9647	Jack	O
854	9648	Off	O
854	9649	show-1	O
854	9650	4	O
854	9651	me	O
854	9652	Mostly	O
854	9653	clear	O
854	9654	tonight	O
854	9655	,	O
854	9656	low	O
854	9657	63	O
854	9658	17	O
854	9659	C	O
854	9660	.	O
855	9661	Sunny	O
855	9662	Saturday	O
855	9663	,	O
855	9664	high	O
855	9665	near	O
855	9666	86	O
855	9667	30	O
855	9668	C	O
855	9669	.	O
856	9670	Tomorrow	O
856	9671	's	O
856	9672	the	O
856	9673	big	O
856	9674	day	O
856	9675	!	O
857	9676	Our	O
857	9677	Pet	O
857	9678	Spa	O
857	9679	and	O
857	9680	Adoption	O
857	9681	Event	O
857	9682	with	O
857	9683	Evergreen	ORGANIZATION
857	9684	Subaru	ORGANIZATION
857	9685	is	O
857	9686	from	O
857	9687	10am	O
857	9688	to	O
857	9689	1pm	O
857	9690	and	O
857	9691	we	O
857	9692	can't...	O
858	9693	Because	O
858	9694	maybe	O
858	9695	You're	O
858	9696	gonna	O
858	9697	be	O
858	9698	the	O
858	9699	one	O
858	9700	who	O
858	9701	saves	O
858	9702	me	O
858	9703	?	O
859	9704	And	O
859	9705	after	O
859	9706	all	O
859	9707	You're	O
859	9708	my	O
859	9709	wonderwall	O
859	9710	Lohan	PERSON
859	9711	fails	O
859	9712	drug	O
859	9713	test	O
859	9714	reports	O
859	9715	Oh	O
859	9716	no	O
859	9717	,	O
859	9718	LiLo	PERSON
859	9719	!	O
860	9720	Several	O
860	9721	gossip	O
860	9722	websites	O
860	9723	reported	O
860	9724	Friday	O
860	9725	afternoon	O
860	9726	that	O
860	9727	Lindsay	PERSON
860	9728	Lohan	PERSON
860	9729	...	O
861	9730	before	O
861	9731	seeing	O
861	9732	you	O
861	9733	,	O
861	9734	I	O
861	9735	did	O
861	9736	not	O
861	9737	believe	O
861	9738	in	O
861	9739	the	O
861	9740	ancient	O
861	9741	gods	O
861	9742	!	O
862	9743	Well	O
862	9744	,	O
862	9745	now	O
862	9746	I	O
862	9747	change	O
862	9748	my	O
862	9749	idea	O
862	9750	!	O
863	9751	you	O
863	9752	are	O
863	9753	the	O
863	9754	God	O
863	9755	of	O
863	9756	perfection	O
863	9757	!!!!	O
864	9758	-	O
864	9759	dang	O
864	9760	!	O
865	9761	I	O
865	9762	didn't	O
865	9763	know	O
865	9764	you	O
865	9765	were	O
865	9766	giving	O
865	9767	shoutouts	O
865	9768	!	O
866	9769	Haha	O
866	9770	oh	O
866	9771	well	O
866	9772	.	O
867	9773	They're	O
867	9774	is	O
867	9775	always	O
867	9776	next	O
867	9777	friday	O
867	9778	:)	O
868	9779	Reading	O
868	9780	Tips	O
868	9781	Long-press	O
868	9782	address	O
868	9783	bar	O
868	9784	to	O
868	9785	share	O
868	9786	URL	O
868	9787	Shared	O
868	9788	by	O
868	9789	Renee	PERSON
868	9790	Or	O
868	9791	as	O
868	9792	I'd	O
868	9793	describe	O
868	9794	it	O
868	9795	,	O
868	9796	a	O
868	9797	shortcut	O
868	9798	to	O
868	9799	the	O
868	9800	N	O
868	9801	...	O
869	9802	Ducks	ORGANIZATION
869	9803	sign	O
869	9804	LW	PERSON
869	9805	Beleskey	PERSON
869	9806	to	O
869	9807	2-year	O
869	9808	extension	O
869	9809	-	O
869	9810	San	MISC
869	9811	Jose	MISC
869	9812	Mercury	MISC
869	9813	News	MISC
869	9814	Beginning	O
869	9815	what	O
869	9816	I	O
869	9817	hope	O
869	9818	will	O
869	9819	be	O
869	9820	a	O
869	9821	long	O
869	9822	and	O
869	9823	wonderful	O
869	9824	relationship	O
869	9825	with	O
869	9826	it	MISC
869	9827	's	MISC
869	9828	always	MISC
869	9829	sunny	MISC
869	9830	.	O
870	9831	Since	O
870	9832	I	O
870	9833	do	O
870	9834	own	O
870	9835	season	O
870	9836	1	O
870	9837	and	O
870	9838	2	O
870	9839	on	O
870	9840	DVD	O
870	9841	already	O
870	9842	.	O
871	9843	Who	O
871	9844	do	O
871	9845	you	O
871	9846	film	O
871	9847	for	O
871	9848	?	O
872	9849	I	O
872	9850	was	O
872	9851	on	O
872	9852	SKY	MISC
872	9853	news	MISC
872	9854	2	O
872	9855	weeks	O
872	9856	ago	O
872	9857	Well	O
872	9858	.	O
873	9859	just	O
873	9860	beg	O
873	9861	..	O
874	9862	PLEASE	O
874	9863	come	O
874	9864	to	O
874	9865	the	O
874	9866	Next	O
874	9867	year	O
874	9868	!.	O
875	9869	We	O
875	9870	need	O
875	9871	you	O
875	9872	there	O
875	9873	!	O
876	9874	*puss	O
876	9875	in	O
876	9876	boots	O
876	9877	eyes*	O
876	9878	omg	O
876	9879	i	O
876	9880	get	O
876	9881	paid	O
876	9882	today	O
876	9883	yesss	O
876	9884	RT	O
876	9885	Need	O
876	9886	a	O
876	9887	nice	O
876	9888	chill	O
876	9889	spot	O
876	9890	tonight	O
876	9891	,	O
876	9892	no	O
876	9893	hype	O
876	9894	...	O
877	9895	Any	O
877	9896	suggestions	O
877	9897	?	O
878	9898	so	O
878	9899	far	O
878	9900	the	O
878	9901	herring	O
878	9902	is	O
878	9903	a	O
878	9904	success	O
878	9905	.	O
879	9906	definitely	O
879	9907	needs	O
879	9908	a	O
879	9909	couple	O
879	9910	more	O
879	9911	days	O
879	9912	though	O
879	9913	Kk	O
879	9914	its	O
879	9915	22:48	O
879	9916	friday	O
879	9917	nyt	O
879	9918	:D	O
880	9919	really	O
880	9920	tired	O
880	9921	so	O
880	9922	imma	O
880	9923	go	O
880	9924	to	O
880	9925	sleep	O
880	9926	:)	O
881	9927	good	O
881	9928	nyt	O
881	9929	x	O
881	9930	god	O
881	9931	bles	O
881	9932	xxxxx	O
881	9933	mothers	MISC
881	9934	day	MISC
881	9935	greeting	O
881	9936	cards	O
881	9937	:)	O
882	9938	Surrounded	O
882	9939	by	O
882	9940	Mothers	MISC
882	9941	Day	MISC
882	9942	and	O
882	9943	Dreading	O
882	9944	It	O
882	9945	?	O
883	9946	GaGa	PERSON
883	9947	played	O
883	9948	here	O
883	9949	a	O
883	9950	few	O
883	9951	weeks	O
883	9952	back	O
883	9953	.	O
884	9954	She	O
884	9955	spoke	O
884	9956	out	O
884	9957	against	O
884	9958	SB1070	MISC
884	9959	during	O
884	9960	the	O
884	9961	show	O
884	9962	.	O
885	9963	God	O
885	9964	bless	O
885	9965	her	O
885	9966	for	O
885	9967	that	O
885	9968	.	O
886	9969	RT	O
886	9970	you	O
886	9971	know	O
886	9972	it	O
886	9973	is	O
886	9974	funny	O
886	9975	how	O
886	9976	those	O
886	9977	ppl	O
886	9978	want	O
886	9979	their	O
886	9980	heros	O
886	9981	remembered	O
886	9982	...	O
887	9983	when	O
887	9984	the	O
887	9985	truth	O
887	9986	is	O
887	9987	are	O
887	9988	less	O
887	9989	than	O
887	9990	worthy	O
887	9991	Goodnight	O
887	9992	and	O
887	9993	may	O
887	9994	peace	O
887	9995	be	O
887	9996	upon	O
887	9997	you	O
887	9998	and	O
887	9999	yours	O
887	10000	.	O
888	10001	3	O
888	10002	RT	O
888	10003	Pope	PERSON
888	10004	says	O
888	10005	atheists	O
888	10006	pick	O
888	10007	and	O
888	10008	choose	O
888	10009	their	O
888	10010	morals	O
888	10011	.	O
889	10012	Correct	O
889	10013	.	O
890	10014	Today	O
890	10015	I	O
890	10016	will	O
890	10017	be	O
890	10018	frowning	O
890	10019	on	O
890	10020	child	O
890	10021	abuse	O
890	10022	and	O
890	10023	not	O
890	10024	having	O
890	10025	a	O
890	10026	proble	O
890	10027	...	O
891	10028	I	O
891	10029	know	O
891	10030	,	O
891	10031	but	O
891	10032	there	O
891	10033	are	O
891	10034	plenty	O
891	10035	of	O
891	10036	mid	O
891	10037	week	O
891	10038	programmes	O
891	10039	that	O
891	10040	I	O
891	10041	can	O
891	10042	take	O
891	10043	the	O
891	10044	piss	O
891	10045	out	O
891	10046	of	O
891	10047	now	O
891	10048	the	O
891	10049	winter	O
891	10050	is	O
891	10051	almost	O
891	10052	upon	O
891	10053	us	O
891	10054	.	O
892	10055	xx	O
892	10056	OOC	O
892	10057	Feeling	O
892	10058	a	O
892	10059	little	O
892	10060	volent	O
892	10061	today	O
892	10062	,	O
892	10063	huh	O
892	10064	?	O
893	10065	It	O
893	10066	sucks	O
893	10067	when	O
893	10068	you	O
893	10069	waiting	O
893	10070	for	O
893	10071	the	O
893	10072	bus	O
893	10073	with	O
893	10074	your	O
893	10075	bike	O
893	10076	,	O
893	10077	then	O
893	10078	it	O
893	10079	shows	O
893	10080	up	O
893	10081	with	O
893	10082	two	O
893	10083	bikes	O
893	10084	already	O
893	10085	on	O
893	10086	it	O
893	10087	.	O
894	10088	Lines	O
894	10089	for	O
894	10090	Tonight	O
894	10091	's	O
894	10092	game	O
894	10093	9:00	O
894	10094	pm	O
894	10095	at	O
894	10096	Burnaby	LOCATION
894	10097	8Rinks	O
894	10098	.	O
895	10099	Please	O
895	10100	note	O
895	10101	,	O
895	10102	these	O
895	10103	are	O
895	10104	not	O
895	10105	the	O
895	10106	lines	O
895	10107	for	O
895	10108	showering	O
895	10109	tonight	O
895	10110	!	O
896	10111	word	O
896	10112	im	O
896	10113	definitely	O
896	10114	gettin	O
896	10115	that	O
896	10116	the	O
896	10117	day	O
896	10118	it	O
896	10119	drops	O
896	10120	RT	O
896	10121	I	O
896	10122	got	O
896	10123	lots	O
896	10124	of	O
896	10125	gualllluhh	O
896	10126	I	O
896	10127	spend	O
896	10128	it	O
896	10129	drinks	O
896	10130	on	O
896	10131	u	O
896	10132	next	O
896	10133	time	O
896	10134	I	O
896	10135	just	O
896	10136	took	O
896	10137	After	O
896	10138	getting	O
896	10139	trampled	O
896	10140	at	O
896	10141	a	O
896	10142	Justin	PERSON
896	10143	Bieber	PERSON
896	10144	concert	O
896	10145	,	O
896	10146	yoiu	O
896	10147	wake	O
896	10148	up	O
896	10149	and	O
896	10150	"..."""	O
897	10151	and	O
897	10152	got	O
897	10153	Part	O
897	10154	6	O
897	10155	:)	O
898	10156	!	O
899	10157	Try	O
899	10158	it	O
899	10159	como	O
899	10160	saben	O
899	10161	que	O
899	10162	danger	O
899	10163	days	O
899	10164	es	O
899	10165	el	O
899	10166	nombre	O
899	10167	del	O
899	10168	disco	O
899	10169	?	O
900	10170	Hurry	O
900	10171	up	O
900	10172	!	O
901	10173	Brandy	PERSON
901	10174	will	O
901	10175	be	O
901	10176	Leaving	O
901	10177	in	O
901	10178	2	O
901	10179	days	O
901	10180	!	O
902	10181	-	O
902	10182	and	O
902	10183	i	O
902	10184	FOLLOW	O
902	10185	ME	O
902	10186	PLZ	O
902	10187	CAUSE	O
902	10188	IM	O
902	10189	HAVIN	O
902	10190	A	O
902	10191	BAD	O
902	10192	DAY	O
902	10193	AND	O
902	10194	WOULD	O
902	10195	BE	O
902	10196	SO	O
902	10197	MUCH	O
902	10198	BETTER	O
902	10199	IF	O
902	10200	U	O
902	10201	FOLLOWD	O
902	10202	ME	O
902	10203	.	O
903	10204	BUMPING	O
903	10205	AIRBORNE	O
903	10206	RIGHT	O
903	10207	NOW	O
903	10208	RT	O
903	10209	Have	O
903	10210	you	O
903	10211	ever	O
903	10212	noticed	O
903	10213	that	O
903	10214	the	O
903	10215	worst	O
903	10216	way	O
903	10217	to	O
903	10218	miss	O
903	10219	someone	O
903	10220	is	O
903	10221	when	O
903	10222	they	O
903	10223	are	O
903	10224	right	O
903	10225	beside	O
903	10226	you	O
903	10227	and	O
903	10228	you	O
903	10229	can	O
903	10230	never	O
903	10231	have	O
903	10232	them	O
903	10233	?	O
904	10234	Having	O
904	10235	movie	O
904	10236	night	O
904	10237	tonight	O
904	10238	at	O
904	10239	the	O
904	10240	crib	O
904	10241	and	O
904	10242	ur	O
904	10243	not	O
904	10244	invited	O
904	10245	*BBM	O
904	10246	sticks	O
904	10247	tongue	O
904	10248	out	O
904	10249	smiley*	O
904	10250	FRIDAY	O
904	10251	....	O
905	10252	home	O
905	10253	alone	O
905	10254	!	O
906	10255	xD	O
906	10256	wanna	O
906	10257	join	O
906	10258	me	O
906	10259	??	O
907	10260	I	O
907	10261	just	O
907	10262	had	O
907	10263	to	O
907	10264	step	O
907	10265	into	O
907	10266	my	O
907	10267	office	O
907	10268	front	O
907	10269	porch	O
907	10270	again	O
907	10271	.	O
908	10272	Lol	O
908	10273	.	O
909	10274	I	O
909	10275	feel	O
909	10276	like	O
909	10277	everything	O
909	10278	happening	O
909	10279	today	O
909	10280	is	O
909	10281	highly	O
909	10282	unusual	O
909	10283	.	O
910	10284	I	O
910	10285	like	O
910	10286	it	O
910	10287	a	O
910	10288	lot	O
910	10289	!	O
911	10290	mmm	O
911	10291	deffo	O
911	10292	one	O
911	10293	of	O
911	10294	those	O
911	10295	thought	O
911	10296	provoking	O
911	10297	days	O
911	10298	:/	O
912	10299	Never	O
912	10300	mind	O
912	10301	,	O
912	10302	onwards	O
912	10303	&	O
912	10304	upwards	O
912	10305	we	O
912	10306	shall	O
912	10307	go	O
912	10308	!!	O
913	10309	If	O
913	10310	I	O
913	10311	had	O
913	10312	known	O
913	10313	what	O
913	10314	I	O
913	10315	know	O
913	10316	now	O
913	10317	about	O
913	10318	truck	O
913	10319	drivers	O
913	10320	,	O
913	10321	I	O
913	10322	don't	O
913	10323	think	O
913	10324	I	O
913	10325	would	O
913	10326	have	O
913	10327	asked	O
913	10328	them	O
913	10329	to	O
913	10330	honk	O
913	10331	as	O
913	10332	much	O
913	10333	when	O
913	10334	I	O
913	10335	was	O
913	10336	younger	O
913	10337	.	O
914	10338	Yay	O
914	10339	.	O
915	10340	is	O
915	10341	coming	O
915	10342	to	O
915	10343	see	O
915	10344	me	O
915	10345	next	O
915	10346	week	O
915	10347	...	O
916	10348	plotting	O
916	10349	my	O
916	10350	cooking	O
916	10351	now	O
916	10352	!	O
917	10353	Hahaha	O
917	10354	!	O
918	10355	We	O
918	10356	dance	O
918	10357	,	O
918	10358	eat	O
918	10359	,	O
918	10360	drink	O
918	10361	,	O
918	10362	and	O
918	10363	talk	O
918	10364	EVERYTIME	O
918	10365	we	O
918	10366	get	O
918	10367	together	O
918	10368	.	O
919	10369	And	O
919	10370	it	O
919	10371	's	O
919	10372	been	O
919	10373	this	O
919	10374	way	O
919	10375	for	O
919	10376	like	O
919	10377	years	O
919	10378	now	O
919	10379	!	O
920	10380	was	O
920	10381	on	O
920	10382	club	MISC
920	10383	penguin	MISC
920	10384	with	O
920	10385	till	O
920	10386	she	O
920	10387	decided	O
920	10388	to	O
920	10389	log	O
920	10390	of	O
920	10391	to	O
920	10392	go	O
920	10393	bed	O
920	10394	and	O
920	10395	leave	O
920	10396	me	O
920	10397	loool	O
920	10398	reminded	O
920	10399	me	O
920	10400	of	O
920	10401	my	O
920	10402	old	O
920	10403	cp	O
920	10404	days	O
920	10405	lol	O
920	10406	ohh	O
920	10407	right	O
920	10408	...	O
921	10409	im	O
921	10410	an	O
921	10411	actor	O
921	10412	...	O
922	10413	back	O
922	10414	to	O
922	10415	work	O
922	10416	tonight	O
922	10417	WOOT	O
922	10418	Surely	O
922	10419	mags	O
922	10420	will	O
922	10421	line	O
922	10422	up	O
922	10423	to	O
922	10424	feature	O
922	10425	.	O
923	10426	RT	O
923	10427	Lindsay	PERSON
923	10428	Lohan	PERSON
923	10429	fails	O
923	10430	court-mandated	O
923	10431	drug	O
923	10432	test	O
923	10433	,	O
923	10434	faces	O
923	10435	more	O
923	10436	jail	O
923	10437	time	O
923	10438	RT	O
923	10439	RT	O
923	10440	lol	O
923	10441	i	O
923	10442	see	O
923	10443	someone	O
923	10444	hyped	O
923	10445	and	O
923	10446	ready	O
923	10447	for	O
923	10448	tonight	O
923	10449	every	O
923	10450	week	O
923	10451	.	O
924	10452	Lets	O
924	10453	get	O
924	10454	it	O
924	10455	!	O
925	10456	Our	O
925	10457	Favorite	O
925	10458	YouTube	ORGANIZATION
925	10459	Videos	O
925	10460	This	O
925	10461	Week	O
925	10462	The	MISC
925	10463	Drama	MISC
925	10464	Edition	MISC
925	10465	-	O
925	10466	Had	O
925	10467	any	O
925	10468	epic	O
925	10469	meltdowns	O
925	10470	this	O
925	10471	week	O
925	10472	?	O
926	10473	You	O
926	10474	know	O
926	10475	,	O
926	10476	of	O
926	10477	the	O
926	10478	crying	O
926	10479	...	O
927	10480	Doing	O
927	10481	spring	O
927	10482	cleaning	O
927	10483	""","	O
927	10484	found	O
927	10485	photo	O
927	10486	storage	O
927	10487	tank	O
927	10488	that	O
927	10489	is	O
927	10490	5x	O
927	10491	size	O
927	10492	of	O
927	10493	my	O
927	10494	iPhone	MISC
927	10495	with	O
927	10496	less	O
927	10497	capacity	O
927	10498	than	O
927	10499	iPhone4	MISC
927	10500	...	O
928	10501	4	O
928	10502	years	O
928	10503	old	O
928	10504	,	O
928	10505	technology	O
928	10506	!	O
929	10507	e	O
929	10508	o	O
929	10509	q	O
929	10510	vai	O
929	10511	ser	O
929	10512	hj	O
929	10513	?	O
930	10514	cerveja	O
930	10515	foi	O
930	10516	ontem	O
930	10517	...	O
931	10518	que	O
931	10519	tal	O
931	10520	um	O
931	10521	vinho	O
931	10522	pra	O
931	10523	variar	O
931	10524	um	O
931	10525	pouco	O
931	10526	!!	O
932	10527	friday	O
932	10528	's	O
932	10529	celebrate	O
932	10530	!!!	O
933	10531	yupppppp	O
933	10532	what	O
933	10533	's	O
933	10534	a	O
933	10535	star	O
933	10536	when	O
933	10537	his	O
933	10538	most	O
933	10539	important	O
933	10540	fan	O
933	10541	is	O
933	10542	missing	O
933	10543	"?"""	O
934	10544	What	O
934	10545	a	O
934	10546	productive	O
934	10547	day	O
934	10548	.	O
935	10549	Not	O
935	10550	.	O
936	10551	Fellas	O
936	10552	Don't	O
936	10553	just	O
936	10554	lick	O
936	10555	the	O
936	10556	PussyY	O
936	10557	,	O
936	10558	LOVE	O
936	10559	IT	O
936	10560	!	O
937	10561	enjoy	O
937	10562	it	O
937	10563	.	O
938	10564	like	O
938	10565	u	O
938	10566	just	O
938	10567	got	O
938	10568	married	O
938	10569	&	O
938	10570	the	O
938	10571	preacher	O
938	10572	said	O
938	10573	u	O
938	10574	may	O
938	10575	kiss	O
938	10576	the	O
938	10577	bride	O
938	10578	You	O
938	10579	all	O
938	10580	need	O
938	10581	to	O
938	10582	know	O
938	10583	justin	PERSON
938	10584	isnt	O
938	10585	the	O
938	10586	innocent	O
938	10587	16	O
938	10588	year	O
938	10589	old	O
938	10590	boy	O
938	10591	you	O
938	10592	think	O
938	10593	he	O
938	10594	is	O
938	10595	he	O
938	10596	has	O
938	10597	to	O
938	10598	be	O
938	10599	like	O
938	10600	that	O
938	10601	and	O
938	10602	love	O
938	10603	his	O
938	10604	fans	O
938	10605	so	O
938	10606	...	O
939	10607	What	O
939	10608	game	O
939	10609	come	O
939	10610	on	O
939	10611	tonight	O
939	10612	?	O
940	10613	Power	O
940	10614	nap	O
940	10615	.	O
941	10616	I	O
941	10617	need	O
941	10618	it	O
941	10619	.	O
942	10620	Its	O
942	10621	been	O
942	10622	a	O
942	10623	stressful	O
942	10624	week	O
942	10625	.	O
943	10626	I'm	O
943	10627	excited	O
943	10628	for	O
943	10629	xmas	MISC
943	10630	,	O
943	10631	haha	O
943	10632	.	O
944	10633	Goodnight	O
944	10634	.	O
945	10635	:)	O
946	10636	I	O
946	10637	hope	O
946	10638	for	O
946	10639	All	O
946	10640	Of	O
946	10641	The	O
946	10642	Lights	O
946	10643	.	O
947	10644	I	O
947	10645	really	O
947	10646	do	O
947	10647	.	O
948	10648	CDQ	O
948	10649	of	O
948	10650	Runaway	O
948	10651	better	O
948	10652	have	O
948	10653	those	O
948	10654	samples	O
948	10655	from	O
948	10656	when	O
948	10657	he	O
948	10658	did	O
948	10659	it	O
948	10660	Live	O
948	10661	too	O
948	10662	.	O
949	10663	I'm	O
949	10664	Ocutta	O
949	10665	Time	O
949	10666	ps	O
949	10667	tambn	O
949	10668	la	O
949	10669	amooo	O
949	10670	peroo	O
949	10671	la	O
949	10672	otra	O
949	10673	tambn	O
949	10674	me	O
949	10675	gustaa	O
949	10676	RT	O
949	10677	I	O
949	10678	have	O
949	10679	a	O
949	10680	feeling	O
949	10681	that	O
949	10682	when	O
949	10683	it	O
949	10684	comes	O
949	10685	to	O
949	10686	you	O
949	10687	,	O
949	10688	you	O
949	10689	need	O
949	10690	more	O
949	10691	than	O
949	10692	just	O
949	10693	ONE	O
949	10694	date	O
949	10695	.	O
950	10696	-	O
950	10697	YUP	O
950	10698	!!!!	O
951	10699	I	O
951	10700	think	O
951	10701	you	O
951	10702	may	O
951	10703	have	O
951	10704	mentioned	O
951	10705	it	O
951	10706	.	O
952	10707	Once	O
952	10708	or	O
952	10709	twice	O
952	10710	.	O
953	10711	:)	O
954	10712	Beddy	O
954	10713	bye	O
954	10714	for	O
954	10715	sleepy	O
954	10716	time	O
954	10717	xx	O
954	10718	yeah	O
954	10719	.	O
955	10720	big	O
955	10721	time	O
955	10722	dancer	O
955	10723	.	O
956	10724	i	O
956	10725	might	O
956	10726	worship	O
956	10727	her	O
956	10728	a	O
956	10729	bit	O
956	10730	Stanford	MISC
956	10731	's	O
956	10732	Robert	PERSON
956	10733	Laughlin	PERSON
956	10734	Nobel	O
956	10735	Physics1998	O
956	10736	has	O
956	10737	a	O
956	10738	better	O
956	10739	explanation	O
956	10740	than	O
956	10741	I	O
956	10742	have	O
956	10743	time	O
956	10744	to	O
956	10745	provide	O
956	10746	rt	O
956	10747	now	O
956	10748	.	O
957	10749	whats	O
957	10750	been	O
957	10751	going	O
957	10752	on	O
957	10753	today	O
957	10754	?	O
958	10755	Next	O
958	10756	time	O
958	10757	you'll	O
958	10758	show	O
958	10759	restraint	O
958	10760	you	O
958	10761	don't	O
958	10762	get	O
958	10763	another	O
958	10764	chance	O
958	10765	life	O
958	10766	is	O
958	10767	no	O
958	10768	nintendo	ORGANIZATION
958	10769	game	O
958	10770	but	O
958	10771	you	O
958	10772	lied	O
958	10773	again	O
958	10774	now	O
958	10775	you	O
958	10776	get	O
958	10777	to	O
958	10778	watch	O
958	10779	her	O
958	10780	leave	O
958	10781	Not	O
958	10782	feeling	O
958	10783	up	O
958	10784	to	O
958	10785	par	O
958	10786	today	O
958	10787	.	O
959	10788	The	ORGANIZATION
959	10789	Wolves	ORGANIZATION
959	10790	to	O
959	10791	host	O
959	10792	the	ORGANIZATION
959	10793	Lions	ORGANIZATION
959	10794	for	O
959	10795	game	O
959	10796	time	O
959	10797	!	O
960	10798	Follow	O
960	10799	us	O
960	10800	for	O
960	10801	scores	O
960	10802	and	O
960	10803	updates	O
960	10804	throughout	O
960	10805	the	O
960	10806	game	O
960	10807	!	O
961	10808	Me	O
961	10809	too	O
961	10810	!	O
962	10811	I	O
962	10812	always	O
962	10813	get	O
962	10814	so	O
962	10815	full	O
962	10816	with	O
962	10817	chips	O
962	10818	and	O
962	10819	salsa	O
962	10820	before	O
962	10821	my	O
962	10822	entree	O
962	10823	comes	O
962	10824	?	O
963	10825	I	O
963	10826	like	O
963	10827	the	O
963	10828	Verde	O
963	10829	salsa	O
963	10830	the	O
963	10831	best	O
963	10832	!	O
964	10833	Done	O
964	10834	teaching	O
964	10835	in	O
964	10836	Viera	LOCATION
964	10837	time	O
964	10838	for	O
964	10839	some	O
964	10840	eats	O
964	10841	and	O
964	10842	back	O
964	10843	to	O
964	10844	orlando	LOCATION
964	10845	,	O
964	10846	possibly	O
964	10847	swing	O
964	10848	dance	O
964	10849	tonight	O
964	10850	!	O
965	10851	David	PERSON
965	10852	,	O
965	10853	I	O
965	10854	just	O
965	10855	realised	O
965	10856	the	O
965	10857	other	O
965	10858	day	O
965	10859	you're	O
965	10860	no	O
965	10861	longer	O
965	10862	at	O
965	10863	Brando	ORGANIZATION
965	10864	?	O
966	10865	How	O
966	10866	come	O
966	10867	?	O
967	10868	Doing	O
967	10869	your	O
967	10870	own	O
967	10871	thing	O
967	10872	?!	O
968	10873	ps	O
968	10874	yeah	O
968	10875	it	O
968	10876	sucks	O
968	10877	!	O
969	10878	they	O
969	10879	will	O
969	10880	be	O
969	10881	all	O
969	10882	done	O
969	10883	by	O
969	10884	Sunday	O
969	10885	trust	O
969	10886	me	O
969	10887	*wink*	O
969	10888	RT	O
969	10889	Come	O
969	10890	get	O
969	10891	your	O
969	10892	blood	O
969	10893	flowing	O
969	10894	with	O
969	10895	&	O
969	10896	at	O
969	10897	The	LOCATION
969	10898	Heartbeat	LOCATION
969	10899	tonight	O
969	10900	,	O
969	10901	or	O
969	10902	as	O
969	10903	we	O
969	10904	call	O
969	10905	it	O
969	10906	Hide-and-Go	O
969	10907	Sikh	O
969	10908	!	O
970	10909	complete	O
970	10910	kiddie	O
970	10911	goodness	O
970	10912	today	O
970	10913	.	O
971	10914	first	O
971	10915	a	O
971	10916	kids	O
971	10917	party	O
971	10918	followed	O
971	10919	by	O
971	10920	a	O
971	10921	night	O
971	10922	at	O
971	10923	the	O
971	10924	circus	O
971	10925	followed	O
971	10926	by	O
971	10927	another	O
971	10928	kiddie	O
971	10929	party	O
971	10930	tomorrow	O
971	10931	.	O
972	10932	RT	O
972	10933	When	O
972	10934	people	O
972	10935	are	O
972	10936	mad	O
972	10937	at	O
972	10938	you	O
972	10939	,	O
972	10940	don't	O
972	10941	ever	O
972	10942	forget	O
972	10943	what	O
972	10944	they	O
972	10945	say	O
972	10946	,	O
972	10947	because	O
972	10948	they	O
972	10949	MEAN	O
972	10950	every	O
972	10951	single	O
972	10952	word	O
972	10953	they	O
972	10954	say	O
972	10955	!	O
973	10956	talking	O
973	10957	about	O
973	10958	as	O
973	10959	far	O
973	10960	as	O
973	10961	shooting	O
973	10962	for	O
973	10963	location	O
973	10964	its	O
973	10965	going	O
973	10966	to	O
973	10967	be	O
973	10968	on	O
973	10969	so	O
973	10970	by	O
973	10971	the	O
973	10972	end	O
973	10973	of	O
973	10974	the	O
973	10975	month	O
973	10976	i	O
973	10977	should	O
973	10978	know	O
973	10979	something	O
973	10980	Travelling	O
973	10981	light	O
973	10982	ftw	O
973	10983	.	O
974	10984	When	O
974	10985	I	O
974	10986	came	O
974	10987	here	O
974	10988	first	O
974	10989	,	O
974	10990	I	O
974	10991	had	O
974	10992	one	O
974	10993	half-empty	O
974	10994	books-based	O
974	10995	suitcase	O
974	10996	and	O
974	10997	one	O
974	10998	clothes-based	O
974	10999	suitcase	O
974	11000	.	O
975	11001	That	O
975	11002	's	O
975	11003	all	O
975	11004	At	O
975	11005	7pm	O
975	11006	we'll	O
975	11007	show	O
975	11008	the	O
975	11009	Awarded	O
975	11010	movie	O
975	11011	Agora	MISC
975	11012	by	O
975	11013	Spanish	O
975	11014	director	O
975	11015	Alex	PERSON
975	11016	Amenabar	PERSON
975	11017	who	O
975	11018	directed	O
975	11019	Mar	MISC
975	11020	Adentro	MISC
975	11021	The	MISC
975	11022	Sea	MISC
975	11023	Inside	MISC
975	11024	.	O
976	11025	W/Rachel	PERSON
976	11026	Weisz	PERSON
976	11027	.	O
977	11028	ill	O
977	11029	txt	O
977	11030	you	O
977	11031	soon	O
977	11032	in	O
977	11033	a	O
977	11034	few	O
977	11035	minutes	O
977	11036	when	O
977	11037	i	O
977	11038	get	O
977	11039	a	O
977	11040	hold	O
977	11041	of	O
977	11042	my	O
977	11043	phone	O
977	11044	Friday	O
977	11045	deal	O
977	11046	!	O
978	11047	Save	O
978	11048	30%	O
978	11049	on	O
978	11050	select	O
978	11051	new	O
978	11052	arrivals	O
978	11053	by	O
978	11054	.	O
979	11055	Check	O
979	11056	it	O
979	11057	out	O
979	11058	!	O
980	11059	Today	O
980	11060	the	O
980	11061	mall	O
980	11062	was	O
980	11063	full	O
980	11064	of	O
980	11065	moms	O
980	11066	who	O
980	11067	love	O
980	11068	scrapbooking	O
980	11069	.	O
981	11070	kill	O
981	11071	me	O
981	11072	.	O
982	11073	RT	O
982	11074	Little	O
982	11075	Girl	O
982	11076	Santa	PERSON
982	11077	Is	O
982	11078	So	O
982	11079	Awesome	O
982	11080	!	O
983	11081	Me	O
983	11082	No	O
983	11083	Little	O
983	11084	Girl	O
983	11085	...	O
984	11086	You	O
984	11087	Only	O
984	11088	Use	O
984	11089	The	O
984	11090	Word	O
984	11091	Awesome	O
984	11092	When	O
984	11093	You	O
984	11094	Are	O
984	11095	Referring	O
984	11096	To	O
984	11097	Just	O
984	11098	...	O
985	11099	U	O
985	11100	accused	O
985	11101	me	O
985	11102	of	O
985	11103	doin	O
985	11104	something	O
985	11105	.	O
986	11106	So	O
986	11107	u	O
986	11108	ain't	O
986	11109	talkin	O
986	11110	to	O
986	11111	me	O
986	11112	till	O
986	11113	Wednesday	O
986	11114	.	O
987	11115	Ok	O
987	11116	.	O
988	11117	Imma	O
988	11118	get	O
988	11119	on	O
988	11120	twitter	ORGANIZATION
988	11121	since	O
988	11122	u	O
988	11123	say	O
988	11124	I	O
988	11125	did	O
988	11126	.	O
989	11127	Now	O
989	11128	u	O
989	11129	mad	O
989	11130	I'm	O
989	11131	on	O
989	11132	twitter	ORGANIZATION
989	11133	!	O
990	11134	super	MISC
990	11135	nintendo	MISC
990	11136	sega	MISC
990	11137	genesis	MISC
990	11138	,	O
990	11139	when	O
990	11140	i	O
990	11141	was	O
990	11142	dead	O
990	11143	broke	O
990	11144	man	O
990	11145	i	O
990	11146	couldn't	O
990	11147	picture	O
990	11148	this	O
990	11149	!	O
991	11150	Juicy	O
991	11151	by	O
991	11152	Biggie	O
991	11153	aaahh	O
991	11154	sorry	O
991	11155	i	O
991	11156	posted	O
991	11157	the	O
991	11158	link	O
991	11159	wrong	O
991	11160	:(	O
992	11161	basically	O
992	11162	their	O
992	11163	record	O
992	11164	company	O
992	11165	confirmed	O
992	11166	the	O
992	11167	title	O
992	11168	&	O
992	11169	it	O
992	11170	comes	O
992	11171	out	O
992	11172	nov	O
992	11173	23	O
992	11174	XD	O
992	11175	My	O
992	11176	mum	O
992	11177	just	O
992	11178	had	O
992	11179	ago	O
992	11180	at	O
992	11181	me	O
992	11182	for	O
992	11183	not	O
992	11184	having	O
992	11185	a	O
992	11186	job	O
992	11187	when	O
992	11188	ive	O
992	11189	missed	O
992	11190	2	O
992	11191	years	O
992	11192	of	O
992	11193	school	O
992	11194	,	O
992	11195	and	O
992	11196	tbh	O
992	11197	if	O
992	11198	im	O
992	11199	gonna	O
992	11200	catch	O
992	11201	up	O
992	11202	i	O
992	11203	dont	O
992	11204	have	O
992	11205	time	O
992	11206	4	O
992	11207	a	O
992	11208	job	O
992	11209	!	O
993	11210	I	O
993	11211	only	O
993	11212	just	O
993	11213	found	O
993	11214	out	O
993	11215	yesterday	O
993	11216	that	O
993	11217	KRISTEN	PERSON
993	11218	BELL	PERSON
993	11219	is	O
993	11220	the	O
993	11221	voice	O
993	11222	of	O
993	11223	l	O
993	11224	will	O
993	11225	u	O
993	11226	b	O
993	11227	attending	O
993	11228	to	O
993	11229	da	O
993	11230	Mexican	O
993	11231	parade	O
993	11232	in	O
993	11233	5th	O
993	11234	ave	O
993	11235	dis	O
993	11236	Sunday	O
993	11237	?	O
994	11238	RT	O
994	11239	There	O
994	11240	will	O
994	11241	likely	O
994	11242	not	O
994	11243	be	O
994	11244	a	O
994	11245	proper	O
994	11246	episode	O
994	11247	this	O
994	11248	week	O
994	11249	,	O
994	11250	but	O
994	11251	we'll	O
994	11252	give	O
994	11253	you	O
994	11254	an	O
994	11255	update	O
994	11256	on	O
994	11257	the	O
994	11258	future	O
994	11259	of	O
994	11260	the	O
994	11261	show	O
994	11262	.	O
995	11263	dude	O
995	11264	got	O
995	11265	gucci	ORGANIZATION
995	11266	symbol	O
995	11267	tatted	O
995	11268	all	O
995	11269	over	O
995	11270	his	O
995	11271	face	O
995	11272	I	O
995	11273	think	O
995	11274	i'm	O
995	11275	going	O
995	11276	to	O
995	11277	start	O
995	11278	buying	O
995	11279	chipotle	MISC
995	11280	for	O
995	11281	ONE	O
995	11282	lucky	O
995	11283	girl	O
995	11284	every	O
995	11285	week	O
995	11286	lol	O
995	11287	RT	O
995	11288	SO	O
995	11289	WHEN	O
995	11290	I	O
995	11291	GET	O
995	11292	ON	O
995	11293	106	O
995	11294	N	O
995	11295	JOKE	O
995	11296	AROUND	O
995	11297	YALL	O
995	11298	TALK	O
995	11299	ABOUT	O
995	11300	ME	O
995	11301	LIKE	O
995	11302	A	O
995	11303	DOG	O
995	11304	SHAWTY	O
995	11305	BUT	O
995	11306	WHEN	O
995	11307	I	O
995	11308	BUY	O
995	11309	30,000	O
995	11310	WORTH	O
995	11311	SCHOOL	O
995	11312	SUPPLY	O
995	11313	N	O
995	11314	...	O
996	11315	ahhh	O
996	11316	the	O
996	11317	disapointment	O
996	11318	,	O
996	11319	after	O
996	11320	all	O
996	11321	them	O
996	11322	awkward	O
996	11323	bait	O
996	11324	moments	O
996	11325	.	O
997	11326	we	O
997	11327	need	O
997	11328	some	O
997	11329	time	O
997	11330	alone	O
997	11331	we	O
997	11332	need	O
997	11333	to	O
997	11334	let	O
997	11335	it	O
997	11336	BREATH	O
997	11337	RT	O
997	11338	when	O
997	11339	a	O
997	11340	female	O
997	11341	thinks	O
997	11342	she	O
997	11343	's	O
997	11344	in	O
997	11345	love	O
997	11346	u	O
997	11347	cant	O
997	11348	tell	O
997	11349	her	O
997	11350	shit	O
997	11351	!	O
998	11352	Jackie	PERSON
998	11353	joins	O
998	11354	Twitter	ORGANIZATION
998	11355	50	O
998	11356	years	O
998	11357	after	O
998	11358	JFK	PERSON
998	11359	campaign	O
998	11360	AP	O
998	11361	US	O
998	11362	News	O
998	11363	via	O
998	11364	buzzbox	O
998	11365	.	O
999	11366	com	O
999	11367	APO	MISC
999	11368	disaster	O
999	11369	relief	O
999	11370	tomorrow	O
999	11371	10-12	O
999	11372	.	O
1000	11373	Sign	O
1000	11374	up	O
1000	11375	on	O
1000	11376	the	O
1000	11377	website	O
1000	11378	!	O
1001	11379	Ohhh	O
1001	11380	we	O
1001	11381	should	O
1001	11382	do	O
1001	11383	some	O
1001	11384	shopping	O
1001	11385	do	O
1001	11386	you	O
1001	11387	know	O
1001	11388	what	O
1001	11389	your	O
1001	11390	wearing	O
1001	11391	on	O
1001	11392	Friday	O
1001	11393	yet	O
1001	11394	?	O
1002	11395	get	O
1002	11396	ready	O
1002	11397	to	O
1002	11398	shop	O
1002	11399	local	O
1002	11400	!!	O
1003	11401	RT	O
1003	11402	BIG	O
1003	11403	NEWS	O
1003	11404	to	O
1003	11405	start	O
1003	11406	your	O
1003	11407	weekend	O
1003	11408	Oct	O
1003	11409	22	O
1003	11410	will	O
1003	11411	be	O
1003	11412	opening	O
1003	11413	a	O
1003	11414	store	O
1003	11415	at	O
1003	11416	.	O
1004	11417	Safety	O
1004	11418	Day	O
1004	11419	tomorrow	O
1004	11420	at	O
1004	11421	North	LOCATION
1004	11422	Phoenix	LOCATION
1004	11423	ATA	LOCATION
1004	11424	.	O
1005	11425	Kids	O
1005	11426	Self-Defense	O
1005	11427	class	O
1005	11428	from	O
1005	11429	12-1	O
1005	11430	pm	O
1005	11431	,	O
1005	11432	Safety	O
1005	11433	Presentation	O
1005	11434	from	O
1005	11435	1-2	O
1005	11436	,	O
1005	11437	Adult	O
1005	11438	Self-Defense	O
1005	11439	from	O
1005	11440	2-3	O
1005	11441	.	O
1006	11442	Are	O
1006	11443	you	O
1006	11444	watching	O
1006	11445	S2	O
1006	11446	?	O
1007	11447	He	O
1007	11448	doesn't	O
1007	11449	get	O
1007	11450	one	O
1007	11451	after	O
1007	11452	all	O
1007	11453	.	O
1008	11454	Did	O
1008	11455	somebody	O
1008	11456	lose	O
1008	11457	their	O
1008	11458	shades	O
1008	11459	?	O
1009	11460	Today	O
1009	11461	's	O
1009	11462	winner	O
1009	11463	has	O
1009	11464	them	O
1009	11465	!	O
1010	11466	Congrats	O
1010	11467	to	O
1010	11468	!	O
1011	11469	DM	O
1011	11470	us	O
1011	11471	your	O
1011	11472	addy	O
1011	11473	Just	O
1011	11474	changed	O
1011	11475	my	O
1011	11476	twitter	ORGANIZATION
1011	11477	background	O
1011	11478	,	O
1011	11479	check	O
1011	11480	it	O
1011	11481	out	O
1011	11482	!	O
1012	11483	Found	O
1012	11484	it	O
1012	11485	at	O
1012	11486	..	O
1013	11487	September	O
1013	11488	17	O
1013	11489	,	O
1013	11490	2010	O
1013	11491	,	O
1013	11492	2:52	O
1013	11493	pm	O
1013	11494	RT	O
1013	11495	1st	O
1013	11496	batch	O
1013	11497	of	O
1013	11498	Exodus	MISC
1013	11499	Porter	MISC
1013	11500	went	O
1013	11501	into	O
1013	11502	the	O
1013	11503	brew	O
1013	11504	house	O
1013	11505	today	O
1013	11506	!	O
1014	11507	going	O
1014	11508	exclusively	O
1014	11509	into	O
1014	11510	the	O
1014	11511	winter	O
1014	11512	edition	O
1014	11513	of	O
1014	11514	the	O
1014	11515	tackle	O
1014	11516	...	O
1015	11517	OMG	O
1015	11518	...	O
1016	11519	BUT	O
1016	11520	HOW	O
1016	11521	LONG	O
1016	11522	AGO	O
1016	11523	U	O
1016	11524	GOING	O
1016	11525	OUT	O
1016	11526	TONIGHT	O
1016	11527	Dan	PERSON
1016	11528	is	O
1016	11529	using	O
1016	11530	his	O
1016	11531	new	O
1016	11532	course	O
1016	11533	and	O
1016	11534	made	O
1016	11535	12'000	O
1016	11536	Gold	O
1016	11537	in	O
1016	11538	2	O
1016	11539	Weeks	O
1016	11540	!	O
1017	11541	You	O
1017	11542	can	O
1017	11543	do	O
1017	11544	it	O
1017	11545	to	O
1017	11546	!	O
1018	11547	spon	O
1018	11548	ALL	O
1018	11549	DAY	O
1018	11550	i	O
1018	11551	am	O
1018	11552	your	O
1018	11553	big	O
1018	11554	fan	O
1018	11555	but	O
1018	11556	i	O
1018	11557	live	O
1018	11558	too	O
1018	11559	far	O
1018	11560	,	O
1018	11561	when	O
1018	11562	do	O
1018	11563	you	O
1018	11564	come	O
1018	11565	in	O
1018	11566	orlando	LOCATION
1018	11567	one	O
1018	11568	day	O
1018	11569	let	O
1018	11570	me	O
1018	11571	know	O
1018	11572	ok	O
1018	11573	Mayday	O
1018	11574	Parade	O
1018	11575	&	O
1018	11576	The	O
1018	11577	Maine	O
1018	11578	in	O
1018	11579	like	O
1018	11580	16	O
1018	11581	days	O
1018	11582	,	O
1018	11583	excitedddd	O
1018	11584	.	O
1019	11585	All	O
1019	11586	time	O
1019	11587	low	O
1019	11588	next	O
1019	11589	year	O
1019	11590	,	O
1019	11591	maybe	O
1019	11592	.	O
1020	11593	Shot	O
1020	11594	with	O
1020	11595	a	O
1020	11596	Jaybilizer	O
1020	11597	today	O
1020	11598	...	O
1021	11599	my	O
1021	11600	teacher	O
1021	11601	designed	O
1021	11602	this	O
1021	11603	,	O
1021	11604	totally	O
1021	11605	sweet	O
1021	11606	!	O
1022	11607	Check	O
1022	11608	this	O
1022	11609	video	O
1022	11610	out	O
1022	11611	General	MISC
1022	11612	Hospital	MISC
1022	11613	Spoilers	O
1022	11614	Week	O
1022	11615	9-27-10	O
1022	11616	&	O
1022	11617	10-4-10	O
1022	11618	via	O
1022	11619	..	O
1023	11620	ahhh	O
1023	11621	OMG	O
1023	11622	!	O
1024	11623	Can't	O
1024	11624	wait	O
1024	11625	to	O
1024	11626	see	O
1024	11627	this	O
1024	11628	is	O
1024	11629	there	O
1024	11630	any	O
1024	11631	chance	O
1024	11632	we'll	O
1024	11633	be	O
1024	11634	able	O
1024	11635	to	O
1024	11636	buy	O
1024	11637	some	O
1024	11638	of	O
1024	11639	your	O
1024	11640	music	O
1024	11641	by	O
1024	11642	the	O
1024	11643	time	O
1024	11644	you	O
1024	11645	start	O
1024	11646	touring	O
1024	11647	again	O
1024	11648	?	O
1025	11649	If	O
1025	11650	Conn	PERSON
1025	11651	is	O
1025	11652	less	O
1025	11653	than	O
1025	11654	impressed	O
1025	11655	with	O
1025	11656	chevre	O
1025	11657	,	O
1025	11658	he	O
1025	11659	has	O
1025	11660	a	O
1025	11661	loyal	O
1025	11662	ally	O
1025	11663	in	O
1025	11664	his	O
1025	11665	grandscruffy	O
1025	11666	,	O
1025	11667	who	O
1025	11668	finds	O
1025	11669	it	O
1025	11670	great	O
1025	11671	when	O
1025	11672	it	O
1025	11673	's	O
1025	11674	good	O
1025	11675	which	O
1025	11676	is	O
1025	11677	rarely	O
1025	11678	.	O
1026	11679	tonight	O
1026	11680	!	O
1027	11681	Ima	O
1027	11682	do	O
1027	11683	some	O
1027	11684	new	O
1027	11685	tatts	O
1027	11686	on	O
1027	11687	my	O
1027	11688	self	O
1027	11689	I	O
1027	11690	feel	O
1027	11691	like	O
1027	11692	showing	O
1027	11693	off	O
1027	11694	!	O
1028	11695	I	O
1028	11696	sending	O
1028	11697	a	O
1028	11698	goodnight	O
1028	11699	to	O
1028	11700	you	O
1028	11701	that	O
1028	11702	I	O
1028	11703	love	O
1028	11704	,	O
1028	11705	to	O
1028	11706	you	O
1028	11707	that	O
1028	11708	every	O
1028	11709	day	O
1028	11710	you	O
1028	11711	give	O
1028	11712	me	O
1028	11713	so	O
1028	11714	much	O
1028	11715	...	O
1029	11716	love	O
1029	11717	anyway	O
1029	11718	tonight	O
1029	11719	was	O
1029	11720	awesome	O
1029	11721	but	O
1029	11722	left	O
1029	11723	really	O
1029	11724	early	O
1029	11725	:/	O
1030	11726	It	O
1030	11727	's	O
1030	11728	the	O
1030	11729	fescue	O
1030	11730	turf	O
1030	11731	grass	O
1030	11732	aeration	O
1030	11733	&	O
1030	11734	overseeding	O
1030	11735	season	O
1030	11736	for	O
1030	11737	Atlanta	LOCATION
1030	11738	&	O
1030	11739	N	O
1030	11740	.	O
1031	11741	Georgia	LOCATION
1031	11742	.	O
1032	11743	Do	O
1032	11744	some	O
1032	11745	evaluation	O
1032	11746	&	O
1032	11747	planning	O
1032	11748	beforehand	O
1032	11749	,	O
1032	11750	there	O
1032	11751	's	O
1032	11752	time	O
1032	11753	Zombies	O
1032	11754	.	O
1033	11755	You	O
1033	11756	always	O
1033	11757	have	O
1033	11758	to	O
1033	11759	be	O
1033	11760	careful	O
1033	11761	because	O
1033	11762	you	O
1033	11763	never	O
1033	11764	know	O
1033	11765	when	O
1033	11766	they'll	O
1033	11767	strike	O
1033	11768	.	O
1034	11769	I	O
1034	11770	ain	O
1034	11771	wear	O
1034	11772	makeup	O
1034	11773	in	O
1034	11774	almost	O
1034	11775	2	O
1034	11776	weeks	O
1034	11777	I	O
1034	11778	have	O
1034	11779	a	O
1034	11780	date	O
1034	11781	tonight	O
1034	11782	,	O
1034	11783	otherwise	O
1034	11784	I	O
1034	11785	would	O
1034	11786	!	O
1035	11787	Expect	O
1035	11788	a	O
1035	11789	call	O
1035	11790	or	O
1035	11791	text	O
1035	11792	from	O
1035	11793	me	O
1035	11794	later	O
1035	11795	,	O
1035	11796	though	O
1035	11797	;-	O
1035	11798	concert	O
1035	11799	tonight	O
1035	11800	!	O
1036	11801	3	O
1036	11802	so	O
1036	11803	pumped	O
1036	11804	!!	O
1037	11805	:D	O
1038	11806	going	O
1038	11807	to	O
1038	11808	leave	O
1038	11809	the	O
1038	11810	concert	O
1038	11811	being	O
1038	11812	his	O
1038	11813	favorite	O
1038	11814	girl	O
1038	11815	!	O
1039	11816	And	O
1039	11817	I	O
1039	11818	will	O
1039	11819	be	O
1039	11820	one	O
1039	11821	less	O
1039	11822	lonely	O
1039	11823	girl	O
1039	11824	!	O
1040	11825	3	O
1040	11826	perhaps	O
1040	11827	,	O
1040	11828	but	O
1040	11829	folks	O
1040	11830	may	O
1040	11831	find	O
1040	11832	something	O
1040	11833	in	O
1040	11834	the	O
1040	11835	gallery	O
1040	11836	that	O
1040	11837	is	O
1040	11838	helpful	O
1040	11839	in	O
1040	11840	their	O
1040	11841	day-to-day	O
1040	11842	work	O
1040	11843	as	O
1040	11844	well	O
1040	11845	.	O
1041	11846	Even	O
1041	11847	just	O
1041	11848	to	O
1041	11849	use	O
1041	11850	it	O
1041	11851	.	O
1042	11852	George	PERSON
1042	11853	N	PERSON
1042	11854	.	PERSON
1043	11855	Parks	PERSON
1043	11856	,	O
1043	11857	UMass	MISC
1043	11858	band	O
1043	11859	director	O
1043	11860	,	O
1043	11861	dies	O
1043	11862	after	O
1043	11863	performance	O
1043	11864	in	O
1043	11865	Ohio	LOCATION
1043	11866	George	PERSON
1043	11867	N	PERSON
1043	11868	.	PERSON
1044	11869	Parks	PERSON
1044	11870	,	O
1044	11871	for	O
1044	11872	33	O
1044	11873	years	O
1044	11874	the	O
1044	11875	dire	O
1044	11876	...	O
1045	11877	i	O
1045	11878	made	O
1045	11879	plans	O
1045	11880	for	O
1045	11881	ur	O
1045	11882	day	O
1045	11883	,	O
1045	11884	so	O
1045	11885	no	O
1045	11886	worries	O
1045	11887	.	O
1046	11888	and	O
1046	11889	u	O
1046	11890	keep	O
1046	11891	witnessing	O
1046	11892	my	O
1046	11893	lil	O
1046	11894	frustration	O
1046	11895	moments	O
1046	11896	.	O
1047	11897	anyone	O
1047	11898	else	O
1047	11899	ever	O
1047	11900	have	O
1047	11901	a	O
1047	11902	problem	O
1047	11903	moving	O
1047	11904	a	O
1047	11905	Hyper	MISC
1047	11906	V	MISC
1047	11907	guest	O
1047	11908	from	O
1047	11909	a	O
1047	11910	server	MISC
1047	11911	2008	MISC
1047	11912	to	O
1047	11913	server	MISC
1047	11914	2008	MISC
1047	11915	R2	MISC
1047	11916	host	O
1047	11917	?	O
1048	11918	Having	O
1048	11919	strange	O
1048	11920	lock	O
1048	11921	up	O
1048	11922	after	O
1048	11923	the	O
1048	11924	move	O
1048	11925	..	O
1049	11926	How	O
1049	11927	to	O
1049	11928	make	O
1049	11929	your	O
1049	11930	home	O
1049	11931	ready	O
1049	11932	for	O
1049	11933	gadgets	O
1049	11934	of	O
1049	11935	tomorrow	O
1049	11936	well	O
1049	11937	poolnewsfeed	O
1049	11938	when	O
1049	11939	you're	O
1049	11940	good	O
1049	11941	,	O
1049	11942	you're	O
1049	11943	good	O
1049	11944	!	O
1050	11945	Haha	O
1050	11946	watching	O
1050	11947	s	O
1050	11948	first	O
1050	11949	blog	O
1050	11950	.	O
1051	11951	Probably	O
1051	11952	won't	O
1051	11953	keep	O
1051	11954	it	O
1051	11955	up	O
1051	11956	You	O
1051	11957	lied	O
1051	11958	big	O
1051	11959	time	O
1051	11960	Liam	PERSON
1051	11961	!	O
1052	11962	im	O
1052	11963	in	O
1052	11964	a	O
1052	11965	bar	O
1052	11966	and	O
1052	11967	ckecking	O
1052	11968	my	O
1052	11969	twit	O
1052	11970	acc	O
1052	11971	so	O
1052	11972	i	O
1052	11973	guess	O
1052	11974	its	O
1052	11975	time	O
1052	11976	to	O
1052	11977	go	O
1052	11978	home	O
1052	11979	.	O
1053	11980	When	O
1053	11981	Lari	PERSON
1053	11982	and	O
1053	11983	I	O
1053	11984	went	O
1053	11985	to	O
1053	11986	Futoosh	LOCATION
1053	11987	,	O
1053	11988	the	O
1053	11989	owner	O
1053	11990	gave	O
1053	11991	us	O
1053	11992	our	O
1053	11993	drinks	O
1053	11994	for	O
1053	11995	free	O
1053	11996	!	O
1054	11997	coolen	O
1054	11998	..	O
1055	11999	i	O
1055	12000	aint	O
1055	12001	speak	O
1055	12002	to	O
1055	12003	my	O
1055	12004	lil	O
1055	12005	baby	O
1055	12006	all	O
1055	12007	day	O
1055	12008	..	O
1056	12009	had	O
1056	12010	to	O
1056	12011	check	O
1056	12012	up	O
1056	12013	on	O
1056	12014	u	O
1056	12015	its	O
1056	12016	a	O
1056	12017	good	O
1056	12018	year	O
1056	12019	for	O
1056	12020	a	O
1056	12021	murder	O
1056	12022	...	O
1057	12023	RT	O
1057	12024	Teenage	MISC
1057	12025	Dream	MISC
1057	12026	is	O
1057	12027	on	O
1057	12028	the	O
1057	12029	radio	O
1057	12030	!	O
1058	12031	My	O
1058	12032	day	O
1058	12033	just	O
1058	12034	got	O
1058	12035	a	O
1058	12036	little	O
1058	12037	better	O
1058	12038	.	O
1059	12039	cool	O
1059	12040	I'll	O
1059	12041	check	O
1059	12042	it	O
1059	12043	out	O
1059	12044	when	O
1059	12045	I	O
1059	12046	get	O
1059	12047	home	O
1059	12048	.	O
1060	12049	Reminder	O
1060	12050	One-day	O
1060	12051	tax	O
1060	12052	workshops	O
1060	12053	for	O
1060	12054	small	O
1060	12055	&	O
1060	12056	mid-size	O
1060	12057	tax	O
1060	12058	exempt	O
1060	12059	orgs	O
1060	12060	.	O
1061	12061	First	O
1061	12062	one	O
1061	12063	is	O
1061	12064	Sept	O
1061	12065	.	O
1062	12066	22	O
1062	12067	in	O
1062	12068	Detroit	LOCATION
1062	12069	.	O
1063	12070	Register	O
1063	12071	now	O
1063	12072	!	O
1064	12073	I	O
1064	12074	might	O
1064	12075	be	O
1064	12076	drunk	O
1064	12077	again	O
1064	12078	tonight	O
1064	12079	Bar	O
1064	12080	hopping	O
1064	12081	in	O
1064	12082	buckhead	O
1064	12083	tonight	O
1064	12084	.	O
1065	12085	ok	O
1065	12086	im	O
1065	12087	so	O
1065	12088	late	O
1065	12089	but	O
1065	12090	unpacking	O
1065	12091	finally	O
1065	12092	from	O
1065	12093	when	O
1065	12094	i	O
1065	12095	was	O
1065	12096	away	O
1065	12097	in	O
1065	12098	July	O
1065	12099	lol	O
1065	12100	.....	O
1066	12101	como	O
1066	12102	chama	O
1066	12103	o	O
1066	12104	careca	O
1066	12105	do	O
1066	12106	All	O
1066	12107	Time	O
1066	12108	Low	O
1066	12109	,	O
1066	12110	??	O
1067	12111	Not	O
1067	12112	much	O
1067	12113	Twitter	ORGANIZATION
1067	12114	action	O
1067	12115	here	O
1067	12116	tonight	O
1067	12117	or	O
1067	12118	morning	O
1067	12119	from	O
1067	12120	you	O
1067	12121	southern	O
1067	12122	lot	O
1067	12123	.	O
1068	12124	RT	O
1068	12125	Woke	O
1068	12126	up	O
1068	12127	in	O
1068	12128	Sacramento	LOCATION
1068	12129	.	O
1069	12130	The	O
1069	12131	CA	LOCATION
1069	12132	weather	O
1069	12133	feels	O
1069	12134	great	O
1069	12135	.	O
1070	12136	Good	O
1070	12137	workout	O
1070	12138	.	O
1071	12139	Good	O
1071	12140	Subway	ORGANIZATION
1071	12141	sandwich	O
1071	12142	.	O
1072	12143	Nice	O
1072	12144	New	O
1072	12145	shoes	O
1072	12146	.	O
1073	12147	Ready	O
1073	12148	for	O
1073	12149	tonight	O
1073	12150	.	O
1074	12151	...	O
1075	12152	Road	O
1075	12153	snow	O
1075	12154	is	O
1075	12155	expected	O
1075	12156	today	O
1075	12157	on	O
1075	12158	Milford	MISC
1075	12159	Rd	MISC
1075	12160	,	O
1075	12161	Lindis	LOCATION
1075	12162	Pass	LOCATION
1075	12163	and	O
1075	12164	Arthurs	LOCATION
1075	12165	Pass	LOCATION
1075	12166	today	O
1075	12167	No	O
1075	12168	warnings	O
1075	12169	for	O
1075	12170	Desert	MISC
1075	12171	Rd	MISC
1075	12172	,	O
1075	12173	Lewis	LOCATION
1075	12174	,	O
1075	12175	Rimutakas	LOCATION
1075	12176	have	O
1075	12177	a	O
1075	12178	great	O
1075	12179	time	O
1075	12180	tm	O
1075	12181	x	O
1075	12182	o	O
1075	12183	x	O
1075	12184	you	O
1075	12185	will	O
1075	12186	have	O
1075	12187	so	O
1075	12188	much	O
1075	12189	fun	O
1075	12190	x	O
1075	12191	o	O
1075	12192	x	O
1075	12193	Man	O
1075	12194	i	O
1075	12195	hate	O
1075	12196	when	O
1075	12197	people	O
1075	12198	carry	O
1075	12199	ragedy	O
1075	12200	luggage	O
1075	12201	..	O
1076	12202	ima	O
1076	12203	just	O
1076	12204	rip	O
1076	12205	it	O
1076	12206	up	O
1076	12207	more	O
1076	12208	with	O
1076	12209	the	O
1076	12210	belt	O
1076	12211	loader	O
1076	12212	ok	O
1076	12213	this	O
1076	12214	may	O
1076	12215	sound	O
1076	12216	stupid	O
1076	12217	but	O
1076	12218	can	O
1076	12219	u	O
1076	12220	tell	O
1076	12221	them	O
1076	12222	jedsweemonster	O
1076	12223	says	O
1076	12224	hi	O
1076	12225	:'	O
1076	12226	It	O
1076	12227	did	O
1076	12228	me	O
1076	12229	t	O
1076	12230	o.I	O
1077	12231	was	O
1077	12232	so	O
1077	12233	sympathtic	O
1077	12234	to	O
1077	12235	her	O
1077	12236	when	O
1077	12237	I	O
1077	12238	frst	O
1077	12239	hrd	O
1077	12240	this	O
1077	12241	.	O
1078	12242	When	O
1078	12243	she	O
1078	12244	blmd	O
1078	12245	a	O
1078	12246	AA	O
1078	12247	for	O
1078	12248	it	O
1078	12249	realy	O
1078	12250	pis'd	O
1078	12251	me	O
1078	12252	off	O
1078	12253	.	O
1079	12254	Someone	O
1079	12255	copied	O
1079	12256	her	O
1079	12257	hoax	O
1079	12258	IG	O
1079	12259	|	O
1079	12260	Nieuws	O
1079	12261	Football	O
1079	12262	Manager	O
1079	12263	2011	O
1079	12264	komt	O
1079	12265	op	O
1079	12266	5	O
1079	12267	november	O
1079	12268	PC	O
1079	12269	We	O
1079	12270	thank	O
1079	12271	you	O
1079	12272	for	O
1079	12273	your	O
1079	12274	interest	O
1079	12275	and	O
1079	12276	consideration	O
1079	12277	and	O
1079	12278	we	O
1079	12279	look	O
1079	12280	forward	O
1079	12281	to	O
1079	12282	working	O
1079	12283	with	O
1079	12284	you	O
1079	12285	this	O
1079	12286	year	O
1079	12287	at	O
1079	12288	the	O
1079	12289	20	O
1079	12290	...	O
1080	12291	I	O
1080	12292	jus	O
1080	12293	saw	O
1080	12294	his	O
1080	12295	ass	O
1080	12296	lol	O
1080	12297	RT	O
1080	12298	Ima	O
1080	12299	get	O
1080	12300	my	O
1080	12301	lil	O
1080	12302	brother	O
1080	12303	wasted	O
1080	12304	tonight	O
1080	12305	.	O
1081	12306	I	O
1081	12307	love	O
1081	12308	seeing	O
1081	12309	the	O
1081	12310	U.S.	LOCATION
1082	12311	Capitol	LOCATION
1082	12312	building	LOCATION
1082	12313	in	O
1082	12314	my	O
1082	12315	rearview	O
1082	12316	mirror	O
1082	12317	when	O
1082	12318	I'm	O
1082	12319	driving	O
1082	12320	home	O
1082	12321	from	O
1082	12322	work	O
1082	12323	.	O
1083	12324	Going	O
1083	12325	to	O
1083	12326	this	O
1083	12327	fish	O
1083	12328	fry	O
1083	12329	after	O
1083	12330	work	O
1083	12331	,	O
1083	12332	even	O
1083	12333	though	O
1083	12334	I'm	O
1083	12335	tired	O
1083	12336	as	O
1083	12337	hell	O
1083	12338	.	O
1084	12339	Food	O
1084	12340	trumps	O
1084	12341	sleep	O
1084	12342	though	O
1084	12343	.	O
1085	12344	just	O
1085	12345	giving	O
1085	12346	a	O
1085	12347	hard	O
1085	12348	time	O
1085	12349	so	O
1085	12350	don't	O
1085	12351	hurt	O
1085	12352	me	O
1085	12353	I	O
1085	12354	hope	O
1085	12355	the	O
1085	12356	weeks	O
1085	12357	keep	O
1085	12358	flying	O
1085	12359	.	O
1086	12360	It	O
1086	12361	's	O
1086	12362	actually	O
1086	12363	fantastic	O
1086	12364	the	O
1086	12365	way	O
1086	12366	none	O
1086	12367	of	O
1086	12368	the	O
1086	12369	days	O
1086	12370	dragged	O
1086	12371	this	O
1086	12372	week	O
1086	12373	....	O
1087	12374	like	O
1087	12375	NONE	O
1087	12376	.	O
1088	12377	:D	O
1089	12378	her	O
1089	12379	album	O
1089	12380	just	O
1089	12381	debuted	O
1089	12382	in	O
1089	12383	May	O
1089	12384	2010	O
1089	12385	&	O
1089	12386	is	O
1089	12387	getting	O
1089	12388	more	O
1089	12389	popular	O
1089	12390	each	O
1089	12391	day	O
1089	12392	.	O
1090	12393	Wait	O
1090	12394	until	O
1090	12395	after	O
1090	12396	the	O
1090	12397	Glee	MISC
1090	12398	premiere	O
1090	12399	&	O
1090	12400	Charice	PERSON
1090	12401	's	O
1090	12402	will	O
1090	12403	soar	O
1090	12404	!!	O
1091	12405	Top	O
1091	12406	10	O
1091	12407	Best	O
1091	12408	Personal	O
1091	12409	Finance	O
1091	12410	Books	O
1091	12411	of	O
1091	12412	All	O
1091	12413	Time	O
1091	12414	!	O
1092	12415	|	O
1092	12416	Personal	O
1092	12417	Finance	O
1092	12418	...	O
1093	12419	when	O
1093	12420	you	O
1093	12421	coming	O
1093	12422	to	O
1093	12423	grandma	O
1093	12424	house	O
1093	12425	?	O
1094	12426	Tonight	O
1094	12427	is	O
1094	12428	Theeeeeeeeeee	O
1094	12429	niiiiiiiiiight	O
1094	12430	;)	O
1095	12431	.	O
1096	12432	*Gwen	PERSON
1096	12433	Stefani	PERSON
1096	12434	voice*	O
1096	12435	.	O
1097	12436	Vanilla	MISC
1097	12437	vodka	MISC
1097	12438	infusion	O
1097	12439	is	O
1097	12440	done	O
1097	12441	.	O
1098	12442	Two	O
1098	12443	weeks	O
1098	12444	from	O
1098	12445	now	O
1098	12446	so	O
1098	12447	will	O
1098	12448	the	O
1098	12449	apple	O
1098	12450	:)	O
1099	12451	struggled	O
1099	12452	in	O
1099	12453	locating	O
1099	12454	parent	O
1099	12455	room	O
1099	12456	there	O
1099	12457	and	O
1099	12458	found	O
1099	12459	out	O
1099	12460	it	O
1099	12461	was	O
1099	12462	closed	O
1099	12463	when	O
1099	12464	we	O
1099	12465	were	O
1099	12466	there	O
1099	12467	finally	O
1099	12468	.	O
1100	12469	hehee	O
1100	12470	love	O
1100	12471	for	O
1100	12472	them	O
1100	12473	.	O
1101	12474	I	O
1101	12475	have	O
1101	12476	undying	O
1101	12477	love	O
1101	12478	for	O
1101	12479	a	O
1101	12480	lot	O
1101	12481	of	O
1101	12482	people	O
1101	12483	today	O
1101	12484	.	O
1102	12485	Love	O
1102	12486	turns	O
1102	12487	my	O
1102	12488	world	O
1102	12489	around	O
1102	12490	.	O
1103	12491	Can't	O
1103	12492	trust	O
1103	12493	anyone	O
1103	12494	these	O
1103	12495	days	O
1103	12496	:/	O
1104	12497	RT	O
1104	12498	Just	O
1104	12499	about	O
1104	12500	to	O
1104	12501	go	O
1104	12502	on	O
1104	12503	the	O
1104	12504	Late	O
1104	12505	Late	O
1104	12506	.	O
1105	12507	After	O
1105	12508	some	O
1105	12509	angel	O
1105	12510	bullshit	O
1105	12511	All	O
1105	12512	day	O
1105	12513	Ahh	O
1105	12514	Steve	PERSON
1105	12515	,	O
1105	12516	you're	O
1105	12517	so	O
1105	12518	good	O
1105	12519	to	O
1105	12520	me	O
1105	12521	,	O
1105	12522	every	O
1105	12523	week	O
1105	12524	.	O
1106	12525	.	O
1107	12526	Thanks	O
1107	12527	so	O
1107	12528	much	O
1107	12529	.	O
1108	12530	How	O
1108	12531	's	O
1108	12532	the	O
1108	12533	wife	O
1108	12534	recovering	O
1108	12535	???	O
1109	12536	Sick	O
1109	12537	fight	O
1109	12538	!	O
1110	12539	I'll	O
1110	12540	take	O
1110	12541	my	O
1110	12542	boy	O
1110	12543	all	O
1110	12544	day	O
1110	12545	!	O
1111	12546	Goodnight	O
1111	12547	twitterland	O
1111	12548	!!	O
1112	12549	seee	O
1112	12550	you	O
1112	12551	tomorrow	O
1112	12552	:)	O
1113	12553	Michael	PERSON
1113	12554	I	O
1113	12555	love	O
1113	12556	you	O
1113	12557	more	O
1113	12558	than	O
1113	12559	my	O
1113	12560	life	O
1113	12561	...	O
1114	12562	the	O
1114	12563	biggest	O
1114	12564	kiss	O
1114	12565	for	O
1114	12566	you	O
1114	12567	my	O
1114	12568	love	O
1114	12569	!!!	O
1115	12570	:D	O
1116	12571	L	O
1116	12572	.	O
1117	12573	O	O
1117	12574	.	O
1118	12575	V	O
1118	12576	.	O
1119	12577	E	O
1119	12578	too	O
1119	12579	lazy	O
1119	12580	to	O
1119	12581	go	O
1119	12582	to	O
1119	12583	school	O
1119	12584	today	O
1119	12585	..	O
1120	12586	oh	O
1120	12587	well	O
1120	12588	,	O
1120	12589	i	O
1120	12590	have	O
1120	12591	no	O
1120	12592	choice	O
1120	12593	..	O
1121	12594	Comets	O
1121	12595	circle	O
1121	12596	the	O
1121	12597	universe	O
1121	12598	and	O
1121	12599	every	O
1121	12600	few	O
1121	12601	hundred	O
1121	12602	yrs	O
1121	12603	it	O
1121	12604	takes	O
1121	12605	photos	O
1121	12606	of	O
1121	12607	progress	O
1121	12608	Time	O
1121	12609	out	O
1121	12610	there	O
1121	12611	id	O
1121	12612	different	O
1121	12613	than	O
1121	12614	close	O
1121	12615	up	O
1121	12616	You	O
1121	12617	know	O
1121	12618	,	O
1121	12619	we	O
1121	12620	got	O
1121	12621	to	O
1121	12622	thinking	O
1121	12623	.	O
1122	12624	We've	O
1122	12625	been	O
1122	12626	ragging	O
1122	12627	on	O
1122	12628	poor	O
1122	12629	M	PERSON
1122	12630	.	PERSON
1123	12631	Night	PERSON
1123	12632	for	O
1123	12633	weeks	O
1123	12634	now	O
1123	12635	and	O
1123	12636	perhaps	O
1123	12637	,	O
1123	12638	just	O
1123	12639	perhaps	O
1123	12640	,	O
1123	12641	we're...	O
1124	12642	Who	O
1124	12643	's	O
1124	12644	going	O
1124	12645	to	O
1124	12646	win	O
1124	12647	one	O
1124	12648	of	O
1124	12649	our	O
1124	12650	travel	O
1124	12651	mugs	O
1124	12652	?	O
1125	12653	There	O
1125	12654	's	O
1125	12655	still	O
1125	12656	time	O
1125	12657	to	O
1125	12658	enter	O
1125	12659	but	O
1125	12660	now	O
1125	12661	much	O
1125	12662	~	O
1125	12663	RT	O
1125	12664	The	O
1125	12665	Week	O
1125	12666	in	O
1125	12667	Pictures	O
1125	12668	for	O
1125	12669	Sept	O
1125	12670	.	O
1126	12671	17	O
1126	12672	best	O
1126	12673	feeling	O
1126	12674	in	O
1126	12675	the	O
1126	12676	world	O
1126	12677	twice	O
1126	12678	this	O
1126	12679	week	O
1126	12680	.	O
1127	12681	Got	O
1127	12682	3	O
1127	12683	more	O
1127	12684	on	O
1127	12685	the	O
1127	12686	way	O
1127	12687	lmao	O
1127	12688	i	O
1127	12689	cant	O
1127	12690	stop	O
1127	12691	Let	O
1127	12692	's	O
1127	12693	go	O
1127	12694	Yanks	ORGANIZATION
1127	12695	!	O
1128	12696	Sad	O
1128	12697	that	O
1128	12698	I	O
1128	12699	can't	O
1128	12700	go	O
1128	12701	to	O
1128	12702	the	O
1128	12703	game	O
1128	12704	tonight	O
1128	12705	...	O
1129	12706	but	O
1129	12707	super	O
1129	12708	excited	O
1129	12709	to	O
1129	12710	spend	O
1129	12711	the	O
1129	12712	weekend	O
1129	12713	in	O
1129	12714	Happy	LOCATION
1129	12715	Valley	LOCATION
1129	12716	!	O
1130	12717	Comment	O
1130	12718	of	O
1130	12719	the	O
1130	12720	Day	O
1130	12721	The	O
1130	12722	Depths	O
1130	12723	of	O
1130	12724	Poverty	O
1130	12725	We	O
1130	12726	Read	O
1130	12727	You	O
1130	12728	is	O
1130	12729	following	O
1130	12730	me	O
1130	12731	!	O
1131	12732	OMG	O
1131	12733	!	O
1132	12734	My	O
1132	12735	life	O
1132	12736	is	O
1132	12737	now	O
1132	12738	complete	O
1132	12739	!	O
1133	12740	I	O
1133	12741	heart	O
1133	12742	you	O
1133	12743	JF	O
1133	12744	and	O
1133	12745	have	O
1133	12746	for	O
1133	12747	years	O
1133	12748	!	O
1134	12749	Thank	O
1134	12750	you	O
1134	12751	for	O
1134	12752	making	O
1134	12753	me	O
1134	12754	laugh	O
1134	12755	everyday	O
1134	12756	!	O
1135	12757	A	O
1135	12758	FUN	O
1135	12759	movie	O
1135	12760	for	O
1135	12761	the	O
1135	12762	kids-	O
1135	12763	Alpha	MISC
1135	12764	&	MISC
1135	12765	Omega	MISC
1135	12766	PG	O
1135	12767	Friday	O
1135	12768	5:00	O
1135	12769	,	O
1135	12770	7:00	O
1135	12771	,	O
1135	12772	8:45	O
1135	12773	,	O
1135	12774	Saturday-	O
1135	12775	1:30	O
1135	12776	,	O
1135	12777	3:15	O
1135	12778	,	O
1135	12779	5:00	O
1135	12780	,	O
1135	12781	7:00	O
1135	12782	,	O
1135	12783	8:45	O
1135	12784	,...	O
1136	12785	Great	O
1136	12786	week	O
1136	12787	in	O
1136	12788	the	O
1136	12789	Optimise	ORGANIZATION
1136	12790	office	O
1136	12791	,	O
1136	12792	another	O
1136	12793	new	O
1136	12794	client	O
1136	12795	on	O
1136	12796	board	O
1136	12797	and	O
1136	12798	we	O
1136	12799	are	O
1136	12800	close	O
1136	12801	to	O
1136	12802	signing	O
1136	12803	a	O
1136	12804	new	O
1136	12805	team	O
1136	12806	member	O
1136	12807	'On	O
1136	12808	set	O
1136	12809	filming	O
1136	12810	Chris	PERSON
1136	12811	Rainy	MISC
1136	12812	Days	MISC
1136	12813	video	O
1136	12814	.	O
1137	12815	This	O
1137	12816	is	O
1137	12817	the	O
1137	12818	final	O
1137	12819	scene	O
1137	12820	then	O
1137	12821	we	O
1137	12822	can	O
1137	12823	finally	O
1137	12824	edit	O
1137	12825	it	O
1137	12826	.'	O
1138	12827	The	O
1138	12828	ppl	O
1138	12829	who	O
1138	12830	organized	O
1138	12831	the	O
1138	12832	dept	O
1138	12833	.	O
1139	12834	picnic	O
1139	12835	at	O
1139	12836	1	O
1139	12837	on	O
1139	12838	Sunday	O
1139	12839	clearly	O
1139	12840	didn't	O
1139	12841	want	O
1139	12842	me	O
1139	12843	to	O
1139	12844	go	O
1139	12845	or	O
1139	12846	they	O
1139	12847	wouldn't	O
1139	12848	have	O
1139	12849	scheduled	O
1139	12850	it	O
1139	12851	during	O
1139	12852	a	O
1139	12853	Packer	ORGANIZATION
1139	12854	game	O
1139	12855	.	O
1140	12856	Ok	O
1140	12857	,	O
1140	12858	I	O
1140	12859	lied	O
1140	12860	about	O
1140	12861	the	O
1140	12862	Cachupas	MISC
1140	12863	...	O
1141	12864	they	O
1141	12865	didn't	O
1141	12866	get	O
1141	12867	made	O
1141	12868	...	O
1142	12869	tomorrow	O
1142	12870	...	O
1143	12871	maybe	O
1143	12872	need	O
1143	12873	I	O
1143	12874	remind	O
1143	12875	you	O
1143	12876	that	O
1143	12877	we	O
1143	12878	reserve	O
1143	12879	the	O
1143	12880	...	O
1144	12881	Ew	O
1144	12882	wait	O
1144	12883	baq	O
1144	12884	da	O
1144	12885	fuq	O
1144	12886	up	O
1144	12887	.	O
1145	12888	I	O
1145	12889	have	O
1145	12890	to	O
1145	12891	look	O
1145	12892	after	O
1145	12893	Michael	PERSON
1145	12894	and	O
1145	12895	his	O
1145	12896	friend	O
1145	12897	...	O
1146	12898	JOY	O
1146	12899	.	O
1147	12900	-___-op	O
1147	12901	next	O
1147	12902	time	O
1147	12903	we'll	O
1147	12904	share	O
1147	12905	a	O
1147	12906	bottle	O
1147	12907	That	O
1147	12908	's	O
1147	12909	when	O
1147	12910	you	O
1147	12911	start	O
1147	12912	to	O
1147	12913	laugh	O
1147	12914	.	O
1148	12915	Saying	O
1148	12916	I	O
1148	12917	just	O
1148	12918	want	O
1148	12919	what	O
1148	12920	I	O
1148	12921	can't	O
1148	12922	have	O
1148	12923	.	O
1149	12924	Won't	O
1149	12925	even	O
1149	12926	give	O
1149	12927	me	O
1149	12928	a	O
1149	12929	chance	O
1149	12930	.	O
1150	12931	I	O
1150	12932	favorited	O
1150	12933	a	O
1150	12934	YouTube	ORGANIZATION
1150	12935	video	O
1150	12936	Water	MISC
1150	12937	by	O
1150	12938	Testing	MISC
1150	12939	Tomorrow	MISC
1150	12940	So	O
1150	12941	tired	O
1150	12942	!	O
1151	12943	Someone	O
1151	12944	said	O
1151	12945	I	O
1151	12946	have	O
1151	12947	no	O
1151	12948	life	O
1151	12949	today	O
1151	12950	:(	O
1152	12951	they	O
1152	12952	said	O
1152	12953	they	O
1152	12954	were	O
1152	12955	joking	O
1152	12956	but	O
1152	12957	still	O
1152	12958	it	O
1152	12959	made	O
1152	12960	me	O
1152	12961	mad	O
1152	12962	lol	O
1152	12963	Why	O
1152	12964	is	O
1152	12965	it	O
1152	12966	that	O
1152	12967	I	O
1152	12968	can	O
1152	12969	sleep	O
1152	12970	when	O
1152	12971	I	O
1152	12972	shouldn't	O
1152	12973	be	O
1152	12974	but	O
1152	12975	not	O
1152	12976	when	O
1152	12977	I	O
1152	12978	should	O
1152	12979	be	O
1152	12980	???	O
1153	12981	Whats	O
1153	12982	wrong	O
1153	12983	with	O
1153	12984	all	O
1153	12985	these	O
1153	12986	girls	O
1153	12987	tonight	O
1153	12988	!!!	O
1154	12989	RT	O
1154	12990	Our	O
1154	12991	Favorite	O
1154	12992	YouTube	ORGANIZATION
1154	12993	Videos	O
1154	12994	This	O
1154	12995	Week	O
1154	12996	The	O
1154	12997	Drama	O
1154	12998	Edition	O
1154	12999	RT	O
1154	13000	Sweet	O
1154	13001	spirited	O
1154	13002	U	O
1154	13003	brighten	O
1154	13004	my	O
1154	13005	day	O
1154	13006	!!	O
1155	13007	...	O
1156	13008	I'm	O
1156	13009	a	O
1156	13010	little	O
1156	13011	too	O
1156	13012	excited	O
1156	13013	to	O
1156	13014	be	O
1156	13015	a	O
1156	13016	social	O
1156	13017	media	O
1156	13018	goy	O
1156	13019	tomorrow	O
1156	13020	.	O
1157	13021	Cleveland	ORGANIZATION
1157	13022	Browns	ORGANIZATION
1157	13023	Official	O
1157	13024	Site	O
1157	13025	Delhomme	LOCATION
1157	13026	doubtful	O
1157	13027	for	O
1157	13028	Sunday	O
1157	13029	OH-OH	O
1157	13030	It	O
1157	13031	seems	O
1157	13032	Lindsay	PERSON
1157	13033	Lohan	PERSON
1157	13034	maybe	O
1157	13035	be	O
1157	13036	heading	O
1157	13037	back	O
1157	13038	to	O
1157	13039	jail	O
1157	13040	.	O
1158	13041	The	O
1158	13042	actress	O
1158	13043	has	O
1158	13044	failed	O
1158	13045	a	O
1158	13046	court	O
1158	13047	mandated	O
1158	13048	drug	O
1158	13049	test	O
1158	13050	&	O
1158	13051	could	O
1158	13052	face	O
1158	13053	30	O
1158	13054	days	O
1158	13055	in	O
1158	13056	prison	O
1158	13057	hahah	O
1158	13058	.	O
1159	13059	Speaking	O
1159	13060	of	O
1159	13061	,	O
1159	13062	when	O
1159	13063	are	O
1159	13064	you	O
1159	13065	planning	O
1159	13066	the	O
1159	13067	savannah	O
1159	13068	trip	O
1159	13069	?	O
1160	13070	Like	O
1160	13071	,	O
1160	13072	budgeting	O
1160	13073	it	O
1160	13074	out	O
1160	13075	and	O
1160	13076	whatnot	O
1160	13077	.	O
1161	13078	'RT	O
1161	13079	Today	O
1161	13080	is	O
1161	13081	the	O
1161	13082	last	O
1161	13083	day	O
1161	13084	!!	O
1162	13085	Like	O
1162	13086	us	O
1162	13087	on	O
1162	13088	Facebook	ORGANIZATION
1162	13089	,	O
1162	13090	get	O
1162	13091	entered	O
1162	13092	to	O
1162	13093	win	O
1162	13094	3TB	O
1162	13095	using	O
1162	13096	USB	O
1162	13097	3.0	O
1163	13098	.	O
1164	13099	Easy	O
1164	13100	.	O
1165	13101	RT	O
1165	13102	t.v	O
1166	13103	text	O
1166	13104	Justin	O
1166	13105	to	O
1166	13106	28	O
1166	13107	28	O
1166	13108	2	O
1166	13109	to	O
1166	13110	get	O
1166	13111	all	O
1166	13112	Justin	PERSON
1166	13113	features	O
1166	13114	!	O
1167	13115	me	O
1167	13116	*pics	O
1167	13117	my	O
1167	13118	phone	O
1167	13119	up*	O
1167	13120	t.v	O
1168	13121	just	O
1168	13122	9.99	O
1169	13123	$	O
1169	13124	a	O
1169	13125	month	O
1169	13126	.	O
1170	13127	me	O
1170	13128	*puts	O
1170	13129	ph	O
1170	13130	...	O
1171	13131	Just	O
1171	13132	waking	O
1171	13133	up	O
1171	13134	and	O
1171	13135	about	O
1171	13136	2	O
1171	13137	clean	O
1171	13138	4	O
1171	13139	my	O
1171	13140	mom	O
1171	13141	's	O
1171	13142	pre-wedding	O
1171	13143	dinner	O
1171	13144	or	O
1171	13145	rehearsal	O
1171	13146	dinner	O
1171	13147	whatever	O
1171	13148	it	O
1171	13149	call	O
1171	13150	this	O
1171	13151	weekend	O
1171	13152	.	O
1172	13153	Then	O
1172	13154	on2	O
1172	13155	study	O
1172	13156	time	O
1172	13157	...	O
1173	13158	your	O
1173	13159	hair	O
1173	13160	is	O
1173	13161	long	O
1173	13162	as	O
1173	13163	fuck	O
1173	13164	and	O
1173	13165	i	O
1173	13166	didnt	O
1173	13167	get	O
1173	13168	to	O
1173	13169	pull	O
1173	13170	that	O
1173	13171	shit	O
1173	13172	yet	O
1173	13173	i	O
1173	13174	hate	O
1173	13175	when	O
1173	13176	i	O
1173	13177	dont	O
1173	13178	have	O
1173	13179	any	O
1173	13180	change	O
1173	13181	for	O
1173	13182	the	O
1173	13183	customers	O
1173	13184	..	O
1174	13185	RT	O
1174	13186	A	O
1174	13187	gente	O
1174	13188	acostumou	O
1174	13189	a	O
1174	13190	escrever	O
1174	13191	I	O
1174	13192	Brought	O
1174	13193	You	O
1174	13194	My	O
1174	13195	Bullets	O
1174	13196	I	O
1174	13197	Brought	O
1174	13198	You	O
1174	13199	Me	O
1174	13200	Your	O
1174	13201	Love	O
1174	13202	,	O
1174	13203	Danger	O
1174	13204	Days	O
1174	13205	::	O
1174	13206	The	O
1174	13207	True	O
1174	13208	Lives	O
1174	13209	Of	O
1174	13210	The	O
1174	13211	Fa	O
1174	13212	...	O
1175	13213	Icecream	O
1175	13214	time	O
1175	13215	!	O
1176	13216	Yeah	O
1176	13217	,	O
1176	13218	I'm	O
1176	13219	not	O
1176	13220	worried	O
1176	13221	.	O
1177	13222	Yet	O
1177	13223	.	O
1178	13224	When	O
1178	13225	I	O
1178	13226	hit	O
1178	13227	30	O
1178	13228	,	O
1178	13229	maybe	O
1178	13230	I'll	O
1178	13231	be	O
1178	13232	worried	O
1178	13233	then	O
1178	13234	:)	O
1179	13235	Bloggers	O
1179	13236	Who	O
1179	13237	are	O
1179	13238	you	O
1179	13239	writing	O
1179	13240	for	O
1179	13241	?	O
1180	13242	|	O
1180	13243	Social	O
1180	13244	Media	O
1180	13245	Today	O
1180	13246	In	O
1180	13247	the	O
1180	13248	day	O
1180	13249	of	O
1180	13250	prosperity	O
1180	13251	be	O
1180	13252	joyful	O
1180	13253	,	O
1180	13254	but	O
1180	13255	in	O
1180	13256	the	O
1180	13257	day	O
1180	13258	of	O
1180	13259	adversity	O
1180	13260	consider	O
1180	13261	.	O
1181	13262	Ecclesiastes	MISC
1181	13263	7:14	MISC
1181	13264	First	MISC
1181	13265	Day	MISC
1181	13266	of	MISC
1181	13267	Autumn	MISC
1181	13268	Networking	MISC
1181	13269	Mixer	MISC
1181	13270	at	O
1181	13271	Dick	LOCATION
1181	13272	's	LOCATION
1181	13273	Carpet	LOCATION
1181	13274	next	O
1181	13275	T	O
1181	13276	...	O
1182	13277	via	O
1182	13278	Men	O
1182	13279	's	O
1182	13280	soccer	O
1182	13281	vs	O
1182	13282	.	O
1183	13283	Crown	ORGANIZATION
1183	13284	College	ORGANIZATION
1183	13285	at	O
1183	13286	home	O
1183	13287	tomorrow	O
1183	13288	at	O
1183	13289	2	O
1183	13290	pm	O
1183	13291	.	O
1184	13292	Come	O
1184	13293	support	O
1184	13294	your	O
1184	13295	Eagles	ORGANIZATION
1184	13296	!	O
1185	13297	Praying	O
1185	13298	for	O
1185	13299	you	O
1185	13300	guys	O
1185	13301	!	O
1186	13302	RT	O
1186	13303	Orange	MISC
1186	13304	&	MISC
1186	13305	Blue	MISC
1186	13306	Skate	MISC
1186	13307	tonight	O
1186	13308	,	O
1186	13309	7:30	O
1186	13310	-	O
1186	13311	9:30	O
1186	13312	pm	O
1186	13313	!	O
1187	13314	Free	O
1187	13315	for	O
1187	13316	UI	MISC
1187	13317	faculty/staff	O
1187	13318	&	O
1187	13319	their	O
1187	13320	immediate	O
1187	13321	families	O
1187	13322	.	O
1188	13323	In	O
1188	13324	the	O
1188	13325	last	O
1188	13326	7	O
1188	13327	days	O
1188	13328	,	O
1188	13329	I	O
1188	13330	lost	O
1188	13331	10	O
1188	13332	followers	O
1188	13333	and	O
1188	13334	I	O
1188	13335	caught	O
1188	13336	them	O
1188	13337	all	O
1188	13338	with	O
1188	13339	I	O
1188	13340	couldn't	O
1188	13341	even	O
1188	13342	make	O
1188	13343	it	O
1188	13344	to	O
1188	13345	Sunday	O
1188	13346	BORDER	MISC
1188	13347	LINEA	MISC
1188	13348	IS	O
1188	13349	TONIGHT	O
1188	13350	!	O
1189	13351	9	O
1189	13352	p.m.	O
1190	13353	to	O
1190	13354	2	O
1190	13355	a.m.	O
1191	13356	NO	O
1191	13357	COVER	O
1191	13358	.	O
1192	13359	Come	O
1192	13360	by	O
1192	13361	and	O
1192	13362	see	O
1192	13363	local	O
1192	13364	musicians	O
1192	13365	and	O
1192	13366	artists	O
1192	13367	showcased	O
1192	13368	at	O
1192	13369	Limelight	LOCATION
1192	13370	on	O
1192	13371	St	LOCATION
1192	13372	.	LOCATION
1193	13373	Mary's.	LOCATION
1194	13374	I	O
1194	13375	feel	O
1194	13376	like	O
1194	13377	there	O
1194	13378	was	O
1194	13379	something	O
1194	13380	i	O
1194	13381	as	O
1194	13382	suppossed	O
1194	13383	to	O
1194	13384	do	O
1194	13385	today	O
1194	13386	....	O
1195	13387	Amazing	O
1195	13388	.	O
1196	13389	And	O
1196	13390	encouraging	O
1196	13391	.	O
1197	13392	RT	O
1197	13393	36,000	O
1197	13394	downloads	O
1197	13395	for	O
1197	13396	VA	O
1197	13397	health	O
1197	13398	records	O
1197	13399	in	O
1197	13400	1st	O
1197	13401	10	O
1197	13402	days	O
1197	13403	!	O
1198	13404	So	O
1198	13405	tired	O
1198	13406	..	O
1199	13407	Goodnight	O
1199	13408	twitter	ORGANIZATION
1199	13409	!	O
1200	13410	tty	O
1200	13411	tomorrow	O
1200	13412	AI	O
1200	13413	DEMAND	O
1200	13414	RELEASE	O
1200	13415	FOR	O
1200	13416	SYRIAN	O
1200	13417	BLOGGER	O
1200	13418	17-9-2010Tal	O
1200	13419	al-Mallohi	PERSON
1200	13420	,	O
1200	13421	a	O
1200	13422	19-year-old	O
1200	13423	Syrian	O
1200	13424	woman	O
1200	13425	,	O
1200	13426	has	O
1200	13427	been	O
1200	13428	held	O
1200	13429	incommun	O
1200	13430	...	O
1201	13431	RT	O
1201	13432	Most	O
1201	13433	Important	O
1201	13434	Election	O
1201	13435	in	O
1201	13436	years	O
1201	13437	.	O
1202	13438	RECLAMATION	O
1202	13439	!	O
1203	13440	So	O
1203	13441	today	O
1203	13442	at	O
1203	13443	the	O
1203	13444	doctor	O
1203	13445	,	O
1203	13446	I	O
1203	13447	learned	O
1203	13448	I	O
1203	13449	gained	O
1203	13450	muscle	O
1203	13451	weight	O
1203	13452	.	O
1204	13453	I	O
1204	13454	swear	O
1204	13455	it	O
1204	13456	has	O
1204	13457	to	O
1204	13458	be	O
1204	13459	all	O
1204	13460	in	O
1204	13461	my	O
1204	13462	ass	O
1204	13463	!	O
1205	13464	Hey	O
1205	13465	sweety	O
1205	13466	have	O
1205	13467	a	O
1205	13468	great	O
1205	13469	,	O
1205	13470	relaxing	O
1205	13471	time	O
1205	13472	:)	O
1206	13473	Hugs	O
1206	13474	to	O
1206	13475	you	O
1206	13476	!	O
1207	13477	hahahahaha	O
1207	13478	,	O
1207	13479	first	O
1207	13480	vacation	O
1207	13481	in	O
1207	13482	probably	O
1207	13483	20	O
1207	13484	years	O
1207	13485	that	O
1207	13486	she	O
1207	13487	left	O
1207	13488	her	O
1207	13489	pillows	O
1207	13490	at	O
1207	13491	home	O
1207	13492	!	O
1208	13493	SHOCKING	O
1208	13494	!	O
1209	13495	Selling	O
1209	13496	a	O
1209	13497	home	O
1209	13498	Strategies	O
1209	13499	for	O
1209	13500	selling	O
1209	13501	in	O
1209	13502	a	O
1209	13503	slow	O
1209	13504	market	O
1209	13505	by	O
1209	13506	Denise	PERSON
1209	13507	Calaman	PERSON
1209	13508	The	O
1209	13509	July	O
1209	13510	2010	O
1209	13511	housing	O
1209	13512	market	O
1209	13513	sales	O
1209	13514	repo	O
1209	13515	...	O
1210	13516	Had	O
1210	13517	a	O
1210	13518	little	O
1210	13519	bit	O
1210	13520	of	O
1210	13521	a	O
1210	13522	panic	O
1210	13523	attack	O
1210	13524	at	O
1210	13525	the	O
1210	13526	end	O
1210	13527	of	O
1210	13528	my	O
1210	13529	shift	O
1210	13530	today-	O
1210	13531	I	O
1210	13532	was	O
1210	13533	cleaning	O
1210	13534	at	O
1210	13535	the	O
1210	13536	bar	O
1210	13537	and	O
1210	13538	then	O
1210	13539	a	O
1210	13540	bigass	O
1210	13541	spider	O
1210	13542	appeared	O
1210	13543	out	O
1210	13544	of	O
1210	13545	nowhere	O
1210	13546	.	O
1211	13547	Those	O
1211	13548	were	O
1211	13549	the	O
1211	13550	days	O
1211	13551	....	O
1212	13552	sadly	O
1212	13553	it	O
1212	13554	turned	O
1212	13555	into	O
1212	13556	Band	LOCATION
1212	13557	hall	LOCATION
1212	13558	.	O
1213	13559	Game	O
1213	13560	time	O
1213	13561	.	O
1214	13562	Lets	O
1214	13563	get	O
1214	13564	it	O
1214	13565	.	O
1215	13566	Made	O
1215	13567	it	O
1215	13568	home	O
1215	13569	.	O
1216	13570	How	O
1216	13571	long	O
1216	13572	will	O
1216	13573	I	O
1216	13574	last	O
1216	13575	before	O
1216	13576	I	O
1216	13577	fall	O
1216	13578	asleep	O
1216	13579	?	O
1217	13580	Every	O
1217	13581	time	O
1217	13582	I	O
1217	13583	watch	O
1217	13584	Donnie	PERSON
1217	13585	Hathaway	PERSON
1217	13586	's	O
1217	13587	Unsung	MISC
1217	13588	I	O
1217	13589	just	O
1217	13590	get	O
1217	13591	speechless	O
1217	13592	in	O
1217	13593	amazement	O
1217	13594	.	O
1218	13595	He	O
1218	13596	would	O
1218	13597	be	O
1218	13598	sooooo	O
1218	13599	proud	O
1218	13600	of	O
1218	13601	his	O
1218	13602	children	O
1218	13603	if	O
1218	13604	he	O
1218	13605	were	O
1218	13606	alive	O
1218	13607	Dollar	O
1218	13608	steady	O
1218	13609	versus	O
1218	13610	yen	O
1218	13611	but	O
1218	13612	market	O
1218	13613	wary	O
1218	13614	of	O
1218	13615	intervention	O
1218	13616	|	O
1218	13617	Money	O
1218	13618	...:	O
1219	13619	The	O
1219	13620	dollar	O
1219	13621	held	O
1219	13622	near	O
1219	13623	its	O
1219	13624	highest	O
1219	13625	in	O
1219	13626	a	O
1219	13627	month	O
1219	13628	...	O
1220	13629	St	MISC
1220	13630	.	MISC
1221	13631	Luke	MISC
1221	13632	's	MISC
1221	13633	emergency	O
1221	13634	department	O
1221	13635	wait	O
1221	13636	time	O
1221	13637	is	O
1221	13638	approximately	O
1221	13639	12	O
1221	13640	minutes	O
1221	13641	.	O
1222	13642	Why	O
1222	13643	is	O
1222	13644	twitter	ORGANIZATION
1222	13645	dead	O
1222	13646	?	O
1223	13647	Oh	O
1223	13648	yeah	O
1223	13649	,	O
1223	13650	that	O
1223	13651	's	O
1223	13652	right	O
1223	13653	,	O
1223	13654	other	O
1223	13655	people	O
1223	13656	have	O
1223	13657	lives	O
1223	13658	on	O
1223	13659	Friday	O
1223	13660	nights	O
1223	13661	.	O
1224	13662	I	O
1224	13663	had	O
1224	13664	a	O
1224	13665	substitute	O
1224	13666	today	O
1224	13667	that	O
1224	13668	looked	O
1224	13669	like	O
1224	13670	from	O
1224	13671	the	O
1224	13672	side	O
1224	13673	of	O
1224	13674	his	O
1224	13675	face	O
1224	13676	.	O
1225	13677	Haha	O
1225	13678	I	O
1225	13679	was	O
1225	13680	rotfl	O
1225	13681	at	O
1225	13682	lunch	O
1225	13683	today	O
1225	13684	.	O
1226	13685	xD	O
1226	13686	My	O
1226	13687	BFF	O
1226	13688	&	O
1226	13689	I	O
1226	13690	sat	O
1226	13691	next	O
1226	13692	to	O
1226	13693	these	O
1226	13694	2	O
1226	13695	boys	O
1226	13696	,	O
1226	13697	Shane	PERSON
1226	13698	&	O
1226	13699	Jonah	PERSON
1226	13700	.	O
1227	13701	And	O
1227	13702	this	O
1227	13703	girl	O
1227	13704	,	O
1227	13705	Claire	PERSON
1227	13706	.	O
1228	13707	cont	O
1228	13708	RT	O
1228	13709	Football	O
1228	13710	and	O
1228	13711	partiesss	O
1228	13712	.	O
1229	13713	This	O
1229	13714	is	O
1229	13715	the	O
1229	13716	only	O
1229	13717	thing	O
1229	13718	I	O
1229	13719	love	O
1229	13720	about	O
1229	13721	the	O
1229	13722	school	O
1229	13723	year	O
1229	13724	.	O
1230	13725	3	O
1230	13726	Shirt	O
1230	13727	before	O
1230	13728	the	O
1230	13729	shirt	O
1230	13730	Lelystad	LOCATION
1230	13731	-	O
1230	13732	za	O
1230	13733	18	O
1230	13734	sep	O
1230	13735	-	O
1230	13736	Schrijfster	O
1230	13737	en	O
1230	13738	tekenaar	O
1230	13739	van	O
1230	13740	Vos	O
1230	13741	en	O
1230	13742	Haas	O
1230	13743	in	O
1230	13744	FlevoMeer	O
1230	13745	Bibliotheek	O
1230	13746	Lelystad	O
1230	13747	Thanks	O
1230	13748	for	O
1230	13749	the	O
1230	13750	!	O
1231	13751	I	O
1231	13752	hope	O
1231	13753	you	O
1231	13754	have	O
1231	13755	a	O
1231	13756	great	O
1231	13757	time	O
1231	13758	tonight	O
1231	13759	!	O
1232	13760	Snooth	O
1232	13761	Talk	O
1232	13762	Zinfandel	O
1232	13763	Port	O
1232	13764	This	O
1232	13765	week	O
1232	13766	is	O
1232	13767	all	O
1232	13768	about	O
1232	13769	Zinfandel	O
1232	13770	,	O
1232	13771	and	O
1232	13772	just	O
1232	13773	last	O
1232	13774	night	O
1232	13775	I	O
1232	13776	released	O
1232	13777	a	O
1232	13778	post	O
1232	13779	on	O
1232	13780	Zinfandel	O
1232	13781	...	O
1233	13782	you	O
1233	13783	know	O
1233	13784	you're	O
1233	13785	loved	O
1233	13786	when	O
1233	13787	gets	O
1233	13788	a	O
1233	13789	new	O
1233	13790	hat	O
1233	13791	in	O
1233	13792	your	O
1233	13793	honor	O
1233	13794	.	O
1234	13795	Me	O
1234	13796	neither	O
1234	13797	.	O
1235	13798	It	O
1235	13799	's	O
1235	13800	tough	O
1235	13801	to	O
1235	13802	get	O
1235	13803	away	O
1235	13804	.	O
1236	13805	There	O
1236	13806	is	O
1236	13807	one	O
1236	13808	Tuesday	O
1236	13809	in	O
1236	13810	AUS	LOCATION
1236	13811	and	O
1236	13812	the	O
1236	13813	one	O
1236	13814	in	O
1236	13815	RR	LOCATION
1236	13816	on	O
1236	13817	Friday	O
1236	13818	.	O
1237	13819	We	O
1237	13820	should	O
1237	13821	go	O
1237	13822	so	O
1237	13823	I	O
1237	13824	have	O
1237	13825	a	O
1237	13826	friend	O
1237	13827	!	O
1238	13828	RT	O
1238	13829	This	O
1238	13830	weeks	O
1238	13831	daily	O
1238	13832	Deal	O
1238	13833	is	O
1238	13834	a	O
1238	13835	twofer	O
1238	13836	1	O
1238	13837	window	O
1238	13838	cleaning	O
1238	13839	$4	O
1238	13840	per	O
1238	13841	window	O
1238	13842	with	O
1238	13843	a	O
1238	13844	$100	O
1238	13845	minimum	O
1238	13846	or	O
1238	13847	as	O
1238	13848	an	O
1238	13849	add	O
1238	13850	on	O
1238	13851	to	O
1238	13852	a	O
1238	13853	......	O
1239	13854	Ah	O
1239	13855	a	O
1239	13856	Friday	O
1239	13857	night	O
1239	13858	free	O
1239	13859	!	O
1240	13860	Avin	O
1240	13861	a	O
1240	13862	drink	O
1240	13863	with	O
1240	13864	friends	O
1240	13865	.	O
1241	13866	Lent	O
1241	13867	the	O
1241	13868	T4	O
1241	13869	to	O
1241	13870	friend	O
1241	13871	to	O
1241	13872	camp	O
1241	13873	in	O
1241	13874	.	O
1242	13875	Off	O
1242	13876	camping	O
1242	13877	to	O
1242	13878	Robinhoods	LOCATION
1242	13879	bay	LOCATION
1242	13880	In	O
1242	13881	Jasmin	LOCATION
1242	13882	.	O
1243	13883	Good	O
1243	13884	weekend	O
1243	13885	How	O
1243	13886	sweet	O
1243	13887	!	O
1244	13888	RT	O
1244	13889	Seeing	O
1244	13890	my	O
1244	13891	son	O
1244	13892	face	O
1244	13893	when	O
1244	13894	his	O
1244	13895	bus	O
1244	13896	driver	O
1244	13897	gave	O
1244	13898	him	O
1244	13899	a	O
1244	13900	positive	O
1244	13901	bus	O
1244	13902	behavior	O
1244	13903	token	O
1244	13904	the	O
1244	13905	other	O
1244	13906	day	O
1244	13907	was	O
1244	13908	really	O
1244	13909	?	O
1245	13910	Jeff	PERSON
1245	13911	told	O
1245	13912	me	O
1245	13913	he	O
1245	13914	was	O
1245	13915	going	O
1245	13916	there	O
1245	13917	tonight	O
1245	13918	too	O
1245	13919	...	O
1246	13920	A	O
1246	13921	week	O
1246	13922	in	O
1246	13923	New	LOCATION
1246	13924	Jersey	LOCATION
1246	13925	,	O
1246	13926	of	O
1246	13927	all	O
1246	13928	places	O
1246	13929	,	O
1246	13930	and	O
1246	13931	I	O
1246	13932	never	O
1246	13933	want	O
1246	13934	to	O
1246	13935	hear	O
1246	13936	a	O
1246	13937	*Boston*	LOCATION
1246	13938	accent	O
1246	13939	again	O
1246	13940	.	O
1247	13941	RT	O
1247	13942	Just	O
1247	13943	arrived	O
1247	13944	in	O
1247	13945	Sacramento	LOCATION
1247	13946	!	O
1248	13947	What	O
1248	13948	a	O
1248	13949	beautiful	O
1248	13950	day	O
1248	13951	.	O
1249	13952	On	O
1249	13953	our	O
1249	13954	way	O
1249	13955	to	O
1249	13956	!!!	O
1250	13957	This	O
1250	13958	won't	O
1250	13959	be	O
1250	13960	a	O
1250	13961	party	O
1250	13962	for	O
1250	13963	juniors	O
1250	13964	tonight	O
1250	13965	!	O
1251	13966	Lesson	O
1251	13967	Learned	O
1251	13968	for	O
1251	13969	today	O
1251	13970	.	O
1252	13971	Sometimes	O
1252	13972	making	O
1252	13973	changes	O
1252	13974	is	O
1252	13975	unnecessary	O
1252	13976	.	O
1253	13977	Some	O
1253	13978	people	O
1253	13979	don't	O
1253	13980	necessarily	O
1253	13981	need	O
1253	13982	to	O
1253	13983	be	O
1253	13984	taken	O
1253	13985	out	O
1253	13986	of	O
1253	13987	their	O
1253	13988	comfort	O
1253	13989	zone	O
1253	13990	Showering	O
1253	13991	real	O
1253	13992	reallll	O
1253	13993	quick	O
1253	13994	.	O
1254	13995	This	O
1254	13996	tweet	O
1254	13997	is	O
1254	13998	for	O
1254	13999	anyone	O
1254	14000	that	O
1254	14001	tries	O
1254	14002	to	O
1254	14003	text	O
1254	14004	me	O
1254	14005	when	O
1254	14006	I'm	O
1254	14007	in	O
1254	14008	the	O
1254	14009	shower	O
1254	14010	Field	O
1254	14011	trip	O
1254	14012	today	O
1254	14013	was	O
1254	14014	awesome	O
1254	14015	!	O
1255	14016	:D	O
1256	14017	RT	O
1256	14018	Okay	O
1256	14019	time	O
1256	14020	to	O
1256	14021	show	O
1256	14022	them	O
1256	14023	our	O
1256	14024	power	O
1256	14025	!	O
1257	14026	needs	O
1257	14027	to	O
1257	14028	trend	O
1257	14029	now	O
1257	14030	!	O
1258	14031	RT	O
1258	14032	til	O
1258	14033	it	O
1258	14034	hurts	O
1258	14035	!	O
1259	14036	I	O
1259	14037	got	O
1259	14038	ya	O
1259	14039	twitter	ORGANIZATION
1259	14040	jail	O
1259	14041	...	O
1260	14042	iz	O
1260	14043	gettin	O
1260	14044	a	O
1260	14045	eye	O
1260	14046	full	O
1260	14047	of	O
1260	14048	pussys	O
1260	14049	tonight	O
1260	14050	.	O
1261	14051	Support	O
1261	14052	Your	O
1261	14053	Local	O
1261	14054	Op	O
1261	14055	Shop	O
1261	14056	-	O
1261	14057	Only	O
1261	14058	4	O
1261	14059	days	O
1261	14060	left	O
1261	14061	!	O
1262	14062	RT	O
1262	14063	I'm	O
1262	14064	not	O
1262	14065	really	O
1262	14066	good	O
1262	14067	at	O
1262	14068	history	O
1262	14069	.	O
1263	14070	I	O
1263	14071	once	O
1263	14072	went	O
1263	14073	back	O
1263	14074	in	O
1263	14075	time	O
1263	14076	and	O
1263	14077	killed	O
1263	14078	Charlie	PERSON
1263	14079	Chaplin	PERSON
1263	14080	.	O
1264	14081	tape	O
1264	14082	him	O
1264	14083	.	O
1265	14084	that	O
1265	14085	would	O
1265	14086	be	O
1265	14087	great	O
1265	14088	for	O
1265	14089	YEARS	O
1265	14090	later	O
1265	14091	!!!	O
1266	14092	RT	O
1266	14093	please	O
1266	14094	,	O
1266	14095	oh	O
1266	14096	please	O
1266	14097	wear	O
1266	14098	the	O
1266	14099	infamous	O
1266	14100	beach	O
1266	14101	hat	O
1266	14102	tonight	O
1266	14103	during	O
1266	14104	your	O
1266	14105	encore	O
1266	14106	in	O
1266	14107	lieu	O
1266	14108	of	O
1266	14109	a	O
1266	14110	rasta	O
1266	14111	wig	O
1266	14112	.	O
1267	14113	3333	O
1267	14114	some	O
1267	14115	freshies	O
1267	14116	sat	O
1267	14117	at	O
1267	14118	our	O
1267	14119	lunch	O
1267	14120	table	O
1267	14121	today	O
1267	14122	.	O
1268	14123	so	O
1268	14124	i	O
1268	14125	sat	O
1268	14126	with	O
1268	14127	them	O
1268	14128	and	O
1268	14129	talked	O
1268	14130	with	O
1268	14131	them	O
1268	14132	about	O
1268	14133	..	O
1269	14134	stuff	O
1269	14135	.	O
1270	14136	moving	O
1270	14137	to	O
1270	14138	the	O
1270	14139	UK	LOCATION
1270	14140	in	O
1270	14141	approx	O
1270	14142	12	O
1270	14143	days	O
1270	14144	that	O
1270	14145	was	O
1270	14146	yesterday	O
1270	14147	and	O
1270	14148	he	O
1270	14149	already	O
1270	14150	has	O
1270	14151	one	O
1270	14152	.	O
1271	14153	:-)	O
1272	14154	1	O
1272	14155	week	O
1272	14156	til	O
1272	14157	my	O
1272	14158	birthday	O
1272	14159	!!	O
1273	14160	she	O
1273	14161	is	O
1273	14162	asleep	O
1273	14163	will	O
1273	14164	do	O
1273	14165	when	O
1273	14166	she	O
1273	14167	wakes	O
1273	14168	up	O
1273	14169	lol	O
1273	14170	i	O
1273	14171	already	O
1273	14172	miss	O
1273	14173	u	O
1273	14174	:(	O
1274	14175	A	O
1274	14176	Twisted	O
1274	14177	two	O
1274	14178	nighter	O
1274	14179	in	O
1274	14180	London	LOCATION
1274	14181	NOVEMBER	O
1274	14182	18	O
1274	14183	...	O
1275	14184	Younger	MISC
1275	14185	Brother	MISC
1275	14186	Live	O
1275	14187	,	O
1275	14188	Shpongle	MISC
1275	14189	Simon	MISC
1275	14190	Posford	MISC
1275	14191	DJ	O
1275	14192	set	O
1275	14193	and	O
1275	14194	other	O
1275	14195	...	O
1276	14196	'RT	O
1276	14197	I	O
1276	14198	remember	O
1276	14199	when	O
1276	14200	myspace	ORGANIZATION
1276	14201	was	O
1276	14202	a	O
1276	14203	big	O
1276	14204	who	O
1276	14205	has	O
1276	14206	the	O
1276	14207	most	O
1276	14208	free	O
1276	14209	time	O
1276	14210	on	O
1276	14211	their	O
1276	14212	hands	O
1276	14213	to	O
1276	14214	make	O
1276	14215	their	O
1276	14216	page	O
1276	14217	look	O
1276	14218	the	O
1276	14219	coolest	O
1276	14220	comp	O
1276	14221	...'	O
1277	14222	taken	O
1277	14223	a	O
1277	14224	few	O
1277	14225	minutes	O
1277	14226	ago	O
1277	14227	what	O
1277	14228	do	O
1277	14229	u	O
1277	14230	think	O
1277	14231	???	O
1278	14232	:)	O
1279	14233	You're	O
1279	14234	in	O
1279	14235	our	O
1279	14236	mosaic	O
1279	14237	!	O
1280	14238	Be	O
1280	14239	sure	O
1280	14240	to	O
1280	14241	watch	O
1280	14242	the	O
1280	14243	premiere	O
1280	14244	show	O
1280	14245	Monday	O
1280	14246	9/13	O
1280	14247	.	O
1281	14248	Find	O
1281	14249	yourself	O
1281	14250	here	O
1281	14251	hows	O
1281	14252	ur	O
1281	14253	day	O
1281	14254	?	O
1282	14255	Approximately	O
1282	14256	two-thirds	O
1282	14257	of	O
1282	14258	people	O
1282	14259	tip	O
1282	14260	their	O
1282	14261	head	O
1282	14262	to	O
1282	14263	the	O
1282	14264	right	O
1282	14265	when	O
1282	14266	they	O
1282	14267	kiss	O
1282	14268	BoiRevolution	O
1282	14269	After	O
1282	14270	Dark	O
1282	14271	!	O
1283	14272	Mondays	O
1283	14273	11pm/EST	O
1283	14274	.	O
1284	14275	Only	O
1284	14276	on	O
1284	14277	www.blogtalkradio.com/boi-revolution	O
1285	14278	RETWEET	O
1285	14279	PLEASE	O
1285	14280	to	O
1285	14281	my	O
1285	14282	baby	O
1285	14283	girl	O
1285	14284	!	O
1286	14285	10.20	O
1287	14286	.	O
1288	14287	09	O
1288	14288	!!	O
1289	14289	One	O
1289	14290	year	O
1289	14291	here	O
1289	14292	we	O
1289	14293	come	O
1289	14294	!	O
1290	14295	i'm	O
1290	14296	definitely	O
1290	14297	eating	O
1290	14298	tacos	O
1290	14299	for	O
1290	14300	dinner	O
1290	14301	.	O
1291	14302	the	O
1291	14303	update	O
1291	14304	for	O
1291	14305	green	O
1291	14306	may	O
1291	14307	or	O
1291	14308	may	O
1291	14309	not	O
1291	14310	have	O
1291	14311	had	O
1291	14312	something	O
1291	14313	to	O
1291	14314	do	O
1291	14315	with	O
1291	14316	it	O
1291	14317	...	O
1292	14318	Been	O
1292	14319	a	O
1292	14320	rough	O
1292	14321	day	O
1292	14322	.	O
1293	14323	On	O
1293	14324	my	O
1293	14325	third	O
1293	14326	Dortmunder	MISC
1293	14327	Gold	MISC
1293	14328	.	O
1294	14329	'i	O
1294	14330	really	O
1294	14331	wanna	O
1294	14332	see	O
1294	14333	today	O
1294	14334	/'	O
1294	14335	Son	O
1294	14336	popping	O
1294	14337	of	O
1294	14338	to	O
1294	14339	school	O
1294	14340	,	O
1294	14341	anybody	O
1294	14342	want	O
1294	14343	a	O
1294	14344	shoutout	O
1294	14345	before	O
1294	14346	i	O
1294	14347	go	O
1294	14348	?	O
1295	14349	just	O
1295	14350	ask	O
1295	14351	,	O
1295	14352	and	O
1295	14353	ill	O
1295	14354	provide	O
1295	14355	.	O
1296	14356	Newcastle	ORGANIZATION
1296	14357	Jets	ORGANIZATION
1296	14358	Youth	ORGANIZATION
1296	14359	v	O
1296	14360	AIS	ORGANIZATION
1296	14361	U21	ORGANIZATION
1296	14362	18	O
1296	14363	Sep	O
1296	14364	04:00	O
1296	14365	-	O
1296	14366	precios	O
1296	14367	actualizados	O
1296	14368	!	O
1297	14369	Show	O
1297	14370	tonight	O
1297	14371	!!!	O
1298	14372	Is	O
1298	14373	this	O
1298	14374	rubbish	O
1298	14375	or	O
1298	14376	what	O
1298	14377	!?	O
1299	14378	441	O
1299	14379	free	O
1299	14380	texts	O
1299	14381	,	O
1299	14382	588mins	O
1299	14383	and	O
1299	14384	only	O
1299	14385	two	O
1299	14386	days	O
1299	14387	to	O
1299	14388	use	O
1299	14389	em	O
1299	14390	.	O
1300	14391	Ahhhh	O
1300	14392	!	O
1301	14393	Omg	O
1301	14394	.	O
1302	14395	Just	O
1302	14396	saw	O
1302	14397	a	O
1302	14398	preview	O
1302	14399	for	O
1302	14400	episode	O
1302	14401	one	O
1302	14402	of	O
1302	14403	season	O
1302	14404	six	O
1302	14405	of	O
1302	14406	Criminal	MISC
1302	14407	Minds	MISC
1302	14408	!	O
1303	14409	Can't	O
1303	14410	wait	O
1303	14411	for	O
1303	14412	next	O
1303	14413	week	O
1303	14414	!	O
1304	14415	Find	O
1304	14416	us	O
1304	14417	at	O
1304	14418	Tipitina	LOCATION
1304	14419	's	O
1304	14420	tonight	O
1304	14421	and	O
1304	14422	mention	O
1304	14423	that	O
1304	14424	you're	O
1304	14425	following	O
1304	14426	us	O
1304	14427	on	O
1304	14428	Twitter	ORGANIZATION
1304	14429	and	O
1304	14430	get	O
1304	14431	a	O
1304	14432	FREE	O
1304	14433	Fried	O
1304	14434	Mac	O
1304	14435	N	O
1304	14436	Cheese	O
1304	14437	ball	O
1304	14438	with	O
1304	14439	any	O
1304	14440	order	O
1304	14441	!	O
1305	14442	RT	O
1305	14443	LET'S	O
1305	14444	ALL	O
1305	14445	GET	O
1305	14446	WASTED	O
1305	14447	TONIGHT	O
1305	14448	OK	O
1305	14449	?	O
1306	14450	If	O
1306	14451	you	O
1306	14452	would	O
1306	14453	die	O
1306	14454	tomorrow	O
1306	14455	what	O
1306	14456	would	O
1306	14457	you	O
1306	14458	do	O
1306	14459	on	O
1306	14460	your	O
1306	14461	last	O
1306	14462	day	O
1306	14463	here	O
1306	14464	on	O
1306	14465	earth	O
1306	14466	ahaha	O
1306	14467	?	O
1307	14468	What	O
1307	14469	a	O
1307	14470	dramatic	O
1307	14471	question	O
1307	14472	:p	O
1307	14473	Yay	O
1307	14474	,	O
1307	14475	I'm	O
1307	14476	so	O
1307	14477	glad	O
1307	14478	you're	O
1307	14479	here	O
1307	14480	!	O
1308	14481	I	O
1308	14482	can't	O
1308	14483	wait	O
1308	14484	to	O
1308	14485	see	O
1308	14486	you	O
1308	14487	&	O
1308	14488	the	O
1308	14489	Bros	O
1308	14490	tonight	O
1308	14491	!	O
1309	14492	It	O
1309	14493	's	O
1309	14494	my	O
1309	14495	sons	O
1309	14496	first	O
1309	14497	concert	O
1309	14498	!!!	O
1310	14499	Sing	O
1310	14500	to	O
1310	14501	SECTION	O
1310	14502	204	O
1310	14503	!!!	O
1311	14504	Marvin	PERSON
1311	14505	Gaye	PERSON
1311	14506	Day	O
1311	14507	RT	O
1311	14508	I	O
1311	14509	love	O
1311	14510	waking	O
1311	14511	up	O
1311	14512	in	O
1311	14513	the	O
1311	14514	middle	O
1311	14515	of	O
1311	14516	the	O
1311	14517	night	O
1311	14518	knowing	O
1311	14519	i	O
1311	14520	have	O
1311	14521	more	O
1311	14522	time	O
1311	14523	to	O
1311	14524	sleep	O
1311	14525	.	O
1312	14526	Okay	O
1312	14527	,	O
1312	14528	I'm	O
1312	14529	kinda	O
1312	14530	proud	O
1312	14531	.	O
1313	14532	I	O
1313	14533	finished	O
1313	14534	the	O
1313	14535	first	O
1313	14536	8	O
1313	14537	books	O
1313	14538	of	O
1313	14539	the	O
1313	14540	True	MISC
1313	14541	Blood	MISC
1313	14542	novels	O
1313	14543	in	O
1313	14544	8	O
1313	14545	days	O
1313	14546	.	O
1314	14547	I	O
1314	14548	don't	O
1314	14549	get	O
1314	14550	when	O
1314	14551	people	O
1314	14552	say	O
1314	14553	when	O
1314	14554	Justin	PERSON
1314	14555	gets	O
1314	14556	a	O
1314	14557	gf	O
1314	14558	that	O
1314	14559	should	O
1314	14560	be	O
1314	14561	me	O
1314	14562	will	O
1314	14563	be	O
1314	14564	I'm	O
1314	14565	pretty	O
1314	14566	sure	O
1314	14567	almost	O
1314	14568	all	O
1314	14569	bieber	PERSON
1314	14570	fans	O
1314	14571	have	O
1314	14572	it	O
1314	14573	already	O
1314	14574	.	O
1315	14575	8	O
1315	14576	RT	O
1315	14577	Shopping	O
1315	14578	on	O
1315	14579	the	O
1315	14580	High	O
1315	14581	Holy	O
1315	14582	Days	O
1315	14583	.	O
1316	14584	Retail	O
1316	14585	,	O
1316	14586	repent	O
1316	14587	,	O
1316	14588	retweet	O
1316	14589	.	O
1317	14590	business	O
1317	14591	technology	O
1317	14592	today	O
1317	14593	Cyber-Ark	ORGANIZATION
1317	14594	to	O
1317	14595	Showcase	O
1317	14596	Business	O
1317	14597	and	O
1317	14598	Compliance	O
1317	14599	Advantages	O
1317	14600	of	O
1317	14601	Privileged	O
1317	14602	Identity	O
1317	14603	Managem	O
1317	14604	...	O
1318	14605	;O	O
1318	14606	Wake	PERSON
1318	14607	,	O
1318	14608	Davidson	PERSON
1318	14609	,	O
1318	14610	Charlotte	PERSON
1318	14611	and	O
1318	14612	NC	MISC
1318	14613	St	MISC
1318	14614	.	O
1319	14615	have	O
1319	14616	all	O
1319	14617	been	O
1319	14618	in	O
1319	14619	to	O
1319	14620	check	O
1319	14621	out	O
1319	14622	2012	O
1319	14623	pg	O
1319	14624	Tyler	PERSON
1319	14625	Lewis	PERSON
1319	14626	since	O
1319	14627	contact	O
1319	14628	pd	O
1319	14629	began	O
1319	14630	.	O
1320	14631	UNC	MISC
1320	14632	will	O
1320	14633	be	O
1320	14634	there	O
1320	14635	next	O
1320	14636	week	O
1320	14637	.	O
1321	14638	'Come	O
1321	14639	to	O
1321	14640	MRB	MISC
1321	14641	61	MISC
1321	14642	Roadhouse	MISC
1321	14643	BBQ	MISC
1321	14644	Sunday	O
1321	14645	,	O
1321	14646	October	O
1321	14647	10	O
1321	14648	from	O
1321	14649	12:00	O
1321	14650	pm	O
1321	14651	to	O
1321	14652	4:00	O
1321	14653	pm	O
1321	14654	.	O
1322	14655	We	O
1322	14656	are	O
1322	14657	playing	O
1322	14658	for	O
1322	14659	the	O
1322	14660	61	O
1322	14661	Roadhouse	O
1322	14662	...	O
1323	14663	its	O
1323	14664	time	O
1323	14665	for	O
1323	14666	the	O
1323	14667	devil	O
1323	14668	to	O
1323	14669	dance	O
1323	14670	.	O
1324	14671	.	O
1325	14672	.	O
1326	14673	Have	O
1326	14674	a	O
1326	14675	safe	O
1326	14676	trip	O
1326	14677	home	O
1326	14678	.	O
1327	14679	hopefully	O
1327	14680	next	O
1327	14681	time	O
1327	14682	you	O
1327	14683	will	O
1327	14684	be	O
1327	14685	able	O
1327	14686	to	O
1327	14687	see	O
1327	14688	some	O
1327	14689	of	O
1327	14690	the	O
1327	14691	really	O
1327	14692	good	O
1327	14693	stuff	O
1327	14694	at	O
1327	14695	KSC	LOCATION
1327	14696	.	O
1328	14697	Today	O
1328	14698	was	O
1328	14699	amazing	O
1328	14700	go	O
1328	14701	Jackets	O
1328	14702	!	O
1329	14703	I	O
1329	14704	want	O
1329	14705	sum	O
1329	14706	steak	O
1329	14707	!	O
1330	14708	George	PERSON
1330	14709	Hitchcock	PERSON
1330	14710	,	O
1330	14711	Kayak	PERSON
1330	14712	Magazine	PERSON
1330	14713	Founder	O
1330	14714	,	O
1330	14715	Dies	O
1330	14716	at	O
1330	14717	96	O
1330	14718	George	PERSON
1330	14719	Parks	PERSON
1330	14720	Hitchcock	PERSON
1330	14721	was	O
1330	14722	born	O
1330	14723	on	O
1330	14724	June	O
1330	14725	2	O
1330	14726	,	O
1330	14727	1914	O
1330	14728	,	O
1330	14729	in	O
1330	14730	Ho	O
1330	14731	...	O
1331	14732	I	O
1331	14733	think	O
1331	14734	i	O
1331	14735	might	O
1331	14736	get	O
1331	14737	8,000	O
1331	14738	tweets	O
1331	14739	today	O
1331	14740	RT	O
1331	14741	Mochi	O
1331	14742	waffles	O
1331	14743	!	O
1332	14744	new	LOCATION
1332	14745	Teaze	LOCATION
1332	14746	cafe	LOCATION
1332	14747	by	O
1332	14748	the	O
1332	14749	library	O
1332	14750	!	O
1333	14751	Try	O
1333	14752	two	O
1333	14753	for	O
1333	14754	$4	O
1333	14755	w/	O
1333	14756	today	O
1333	14757	's	O
1333	14758	deal	O
1333	14759	!	O
1334	14760	she	O
1334	14761	speeding	O
1334	14762	on	O
1334	14763	the	O
1334	14764	highway	O
1334	14765	tryna	O
1334	14766	catch	O
1334	14767	to	O
1334	14768	a	O
1334	14769	car	O
1334	14770	that	O
1334	14771	cut	O
1334	14772	her	O
1334	14773	off	O
1334	14774	10mins	O
1334	14775	ago	O
1334	14776	while	O
1334	14777	waving	O
1334	14778	a	O
1334	14779	bat	O
1334	14780	!	O
1335	14781	With	O
1335	14782	Kirsten	PERSON
1335	14783	going	O
1335	14784	to	O
1335	14785	Dicks	LOCATION
1335	14786	tonight	O
1335	14787	.	O
1336	14788	A	O
1336	14789	guy	O
1336	14790	at	O
1336	14791	work	O
1336	14792	calls	O
1336	14793	me	O
1336	14794	Larry	PERSON
1336	14795	Bird	PERSON
1336	14796	when	O
1336	14797	I	O
1336	14798	shoot	O
1336	14799	hoops	O
1336	14800	in	O
1336	14801	the	O
1336	14802	break	O
1336	14803	room	O
1336	14804	.	O
1337	14805	Should	O
1337	14806	I	O
1337	14807	call	O
1337	14808	him	O
1337	14809	Joel	PERSON
1337	14810	Ward	PERSON
1337	14811	if	O
1337	14812	he	O
1337	14813	's	O
1337	14814	playing	O
1337	14815	air	O
1337	14816	hockey	O
1337	14817	?	O
1338	14818	.	O
1339	14819	Linny	O
1339	14820	Linny	O
1339	14821	Linny	O
1339	14822	.	O
1340	14823	U	O
1340	14824	are	O
1340	14825	something	O
1340	14826	lady	O
1340	14827	...	O
1341	14828	Well	O
1341	14829	that	O
1341	14830	story	O
1341	14831	has	O
1341	14832	been	O
1341	14833	on	O
1341	14834	hold	O
1341	14835	for	O
1341	14836	weeks	O
1341	14837	now	O
1341	14838	hasn't	O
1341	14839	it	O
1341	14840	?	O
1342	14841	I	O
1342	14842	want	O
1342	14843	to	O
1342	14844	get	O
1342	14845	on	O
1342	14846	it	O
1342	14847	this	O
1342	14848	Tonight	O
1342	14849	!	O
1343	14850	Homemade	O
1343	14851	ice	O
1343	14852	cream	O
1343	14853	flights	O
1343	14854	try	O
1343	14855	3	O
1343	14856	of	O
1343	14857	chef	O
1343	14858	Tim	PERSON
1343	14859	's	O
1343	14860	boozy	O
1343	14861	ice	O
1343	14862	cream	O
1343	14863	creations	O
1343	14864	!	O
1344	14865	And	O
1344	14866	With	MISC
1344	14867	You	MISC
1344	14868	-	O
1344	14869	Delirious	MISC
1344	14870	?	O
1345	14871	World	O
1345	14872	Service	O
1345	14873	May	O
1345	14874	our	O
1345	14875	Lord	PERSON
1345	14876	Jesus	PERSON
1345	14877	be	O
1345	14878	with	O
1345	14879	u	O
1345	14880	,	O
1345	14881	watching	O
1345	14882	over	O
1345	14883	&	O
1345	14884	directing	O
1345	14885	u	O
1345	14886	.	O
1346	14887	Have	O
1346	14888	a	O
1346	14889	lovely	O
1346	14890	night	O
1346	14891	,	O
1346	14892	all	O
1346	14893	!	O
1347	14894	going	O
1347	14895	to	O
1347	14896	have	O
1347	14897	to	O
1347	14898	go	O
1347	14899	to	O
1347	14900	bed	O
1347	14901	before	O
1347	14902	i	O
1347	14903	cry	O
1347	14904	.	O
1348	14905	wish	O
1348	14906	you	O
1348	14907	would	O
1348	14908	make	O
1348	14909	an	O
1348	14910	effort	O
1348	14911	to	O
1348	14912	be	O
1348	14913	there	O
1348	14914	for	O
1348	14915	me	O
1348	14916	like	O
1348	14917	i	O
1348	14918	am	O
1348	14919	for	O
1348	14920	you	O
1348	14921	.	O
1349	14922	RT	O
1349	14923	SO	O
1349	14924	WHEN	O
1349	14925	I	O
1349	14926	GET	O
1349	14927	ON	O
1349	14928	106	O
1349	14929	N	O
1349	14930	JOKE	O
1349	14931	AROUND	O
1349	14932	YALL	O
1349	14933	TALK	O
1349	14934	ABOUT	O
1349	14935	ME	O
1349	14936	LIKE	O
1349	14937	A	O
1349	14938	DOG	O
1349	14939	SHAWTY	O
1349	14940	BUT	O
1349	14941	WHEN	O
1349	14942	I	O
1349	14943	BUY	O
1349	14944	30,000	O
1349	14945	WORTH	O
1349	14946	SCHOOL	O
1349	14947	SUPPLY	O
1349	14948	N	O
1349	14949	...	O
1350	14950	You	O
1350	14951	are	O
1350	14952	really	O
1350	14953	showing	O
1350	14954	out	O
1350	14955	today	O
1350	14956	lol	O
1350	14957	.	O
1351	14958	I	O
1351	14959	get	O
1351	14960	to	O
1351	14961	tomorrow	O
1351	14962	!	O
1352	14963	Oh	O
1352	14964	wait....I'm	O
1353	14965	getting	O
1353	14966	my	O
1353	14967	hair	O
1353	14968	cut	O
1353	14969	...	O
1354	14970	fail	O
1354	14971	Ceremony	O
1354	14972	Sunday	O
1354	14973	to	O
1354	14974	mark	O
1354	14975	Battle	MISC
1354	14976	of	MISC
1354	14977	Britain	MISC
1354	14978	What	O
1354	14979	do	O
1354	14980	you	O
1354	14981	do	O
1354	14982	when	O
1354	14983	you're	O
1354	14984	stuck	O
1354	14985	because	O
1354	14986	the	O
1354	14987	one	O
1354	14988	that	O
1354	14989	you	O
1354	14990	love	O
1354	14991	Has	O
1354	14992	pushed	O
1354	14993	you	O
1354	14994	away	O
1354	14995	,	O
1354	14996	And	O
1354	14997	you	O
1354	14998	can't	O
1354	14999	deal	O
1354	15000	with	O
1354	15001	the	O
1354	15002	pain	O
1354	15003	.	O
1355	15004	he	O
1355	15005	should	O
1355	15006	be	O
1355	15007	out	O
1355	15008	wednesday	O
1355	15009	..	O
1356	15010	;)	O
1357	15011	did	O
1357	15012	you	O
1357	15013	read	O
1357	15014	about	O
1357	15015	my	O
1357	15016	mealworm	O
1357	15017	prank	O
1357	15018	the	O
1357	15019	other	O
1357	15020	day	O
1357	15021	?	O
1358	15022	;)	O
1359	15023	wat	O
1359	15024	u	O
1359	15025	up	O
1359	15026	to	O
1359	15027	tonite	O
1359	15028	.	O
1360	15029	My	O
1360	15030	mob	O
1360	15031	won't	O
1360	15032	let	O
1360	15033	me	O
1360	15034	txt	O
1360	15035	fs	O
1360	15036	.	O
1361	15037	Xxx	O
1361	15038	GUYS	O
1361	15039	IF	O
1361	15040	YOU	O
1361	15041	WNNA	O
1361	15042	BE	O
1361	15043	IN	O
1361	15044	AN	O
1361	15045	AWESOME	O
1361	15046	FAN	O
1361	15047	BOOK	O
1361	15048	.	O
1362	15049	TWEET	O
1362	15050	AND	O
1362	15051	WE'LL	O
1362	15052	SORT	O
1362	15053	IT	O
1362	15054	OUT	O
1362	15055	.	O
1363	15056	WE'VE	O
1363	15057	GOT	O
1363	15058	15COOOOL	O
1363	15059	IDEAS	O
1363	15060	WHEN	O
1363	15061	WE	O
1363	15062	SEE	O
1363	15063	THEM	O
1363	15064	!:	O
1364	15065	D	O
1364	15066	RT	O
1364	15067	RE*TWEET	O
1364	15068	IF	O
1364	15069	YOU	O
1364	15070	DRINKING	O
1364	15071	TONIGHT	O
1364	15072	?	O
1365	15073	Serious	ORGANIZATION
1365	15074	Eats	ORGANIZATION
1365	15075	Leftovers	O
1365	15076	The	O
1365	15077	Day	O
1365	15078	's	O
1365	15079	Stray	O
1365	15080	Links	O
1365	15081	RT	O
1365	15082	OK	O
1365	15083	SO	O
1365	15084	WE	O
1365	15085	ARE	O
1365	15086	HAVING	O
1365	15087	A	O
1365	15088	POOL	O
1365	15089	PARTY	O
1365	15090	TONITE	O
1365	15091	,	O
1365	15092	HOPEFULLY	O
1365	15093	I	O
1365	15094	CAN	O
1365	15095	C	O
1365	15096	SUM	O
1365	15097	EYE	O
1365	15098	CANDY	O
1365	15099	!	O
1366	15100	LOL	O
1366	15101	My	O
1366	15102	mama	O
1366	15103	just	O
1366	15104	surprised	O
1366	15105	me	O
1366	15106	on	O
1366	15107	ring	O
1366	15108	day	O
1366	15109	!!	O
1367	15110	Ahh	O
1367	15111	today	O
1367	15112	just	O
1367	15113	got	O
1367	15114	so	O
1367	15115	much	O
1367	15116	better	O
1367	15117	!	O
1368	15118	Day	O
1368	15119	27	O
1368	15120	-	O
1368	15121	Day	O
1368	15122	27-	O
1368	15123	Why	O
1368	15124	are	O
1368	15125	you	O
1368	15126	doing	O
1368	15127	this	O
1368	15128	30	O
1368	15129	day	O
1368	15130	challenge	O
1368	15131	im	O
1368	15132	doing	O
1368	15133	this	O
1368	15134	because	O
1368	15135	i	O
1368	15136	am	O
1368	15137	bored	O
1368	15138	:)	O
1369	15139	good	O
1369	15140	idea	O
1369	15141	!	O
1370	15142	i	O
1370	15143	have	O
1370	15144	some	O
1370	15145	i	O
1370	15146	found	O
1370	15147	in	O
1370	15148	the	O
1370	15149	golf	O
1370	15150	bag	O
1370	15151	i	O
1370	15152	just	O
1370	15153	received	O
1370	15154	from	O
1370	15155	my	O
1370	15156	aunt	O
1370	15157	who	O
1370	15158	died	O
1370	15159	21	O
1370	15160	years	O
1370	15161	ago	O
1370	15162	!	O
1371	15163	Its	O
1371	15164	3	O
1371	15165	o'clock	O
1371	15166	on	O
1371	15167	my	O
1371	15168	first	O
1371	15169	day	O
1371	15170	in	O
1371	15171	Vegas	LOCATION
1371	15172	and	O
1371	15173	I	O
1371	15174	am	O
1371	15175	already	O
1371	15176	drunk	O
1371	15177	and	O
1371	15178	just	O
1371	15179	sang	O
1371	15180	meatloaf	PERSON
1371	15181	at	O
1371	15182	karoke	O
1371	15183	.	O
1372	15184	have	O
1372	15185	i	O
1372	15186	missed	O
1372	15187	anything	O
1372	15188	these	O
1372	15189	last	O
1372	15190	2	O
1372	15191	weeks-	O
1372	15192	how	O
1372	15193	's	O
1372	15194	music	O
1372	15195	practice	O
1372	15196	going	O
1372	15197	?	O
1373	15198	Ooo	O
1373	15199	I	O
1373	15200	do	O
1373	15201	!!	O
1374	15202	It	O
1374	15203	would	O
1374	15204	make	O
1374	15205	THiS	O
1374	15206	day	O
1374	15207	better	O
1374	15208	:-/	O
1375	15209	Kom	O
1375	15210	deze	O
1375	15211	maand	O
1375	15212	denk	O
1375	15213	ik	O
1375	15214	niet	O
1375	15215	,	O
1375	15216	next	O
1375	15217	week	O
1375	15218	Parijs	O
1375	15219	,	O
1375	15220	en	O
1375	15221	allemaal	O
1375	15222	toetsen	O
1375	15223	en	O
1375	15224	presentaties	O
1375	15225	enzo	O
1375	15226	.	O
1376	15227	'....	O
1377	15228	Well	O
1377	15229	had	O
1377	15230	the	O
1377	15231	weigh	O
1377	15232	in	O
1377	15233	today	O
1377	15234	.	O
1378	15235	I've	O
1378	15236	lost	O
1378	15237	a	O
1378	15238	pound	O
1378	15239	!!!	O
1379	15240	I've	O
1379	15241	had	O
1379	15242	no	O
1379	15243	alcohol	O
1379	15244	,	O
1379	15245	no	O
1379	15246	puddings	O
1379	15247	,	O
1379	15248	no	O
1379	15249	crisps	O
1379	15250	,	O
1379	15251	no	O
1379	15252	chocolate	O
1379	15253	&	O
1379	15254	I've	O
1379	15255	only	O
1379	15256	lost	O
1379	15257	a	O
1379	15258	pound	O
1379	15259	!!!!!	O
1380	15260	I'm	O
1380	15261	so	O
1380	15262	excited	O
1380	15263	to	O
1380	15264	see	O
1380	15265	you	O
1380	15266	guys	O
1380	15267	on	O
1380	15268	Oct	O
1380	15269	.	O
1381	15270	12th	O
1381	15271	at	O
1381	15272	the	O
1381	15273	Southgate	LOCATION
1381	15274	House	LOCATION
1381	15275	!	O
1382	15276	I've	O
1382	15277	been	O
1382	15278	listening	O
1382	15279	to	O
1382	15280	you	O
1382	15281	since	O
1382	15282	D	O
1382	15283	B	O
1382	15284	.	O
1383	15285	Your	O
1383	15286	so	O
1383	15287	amazing	O
1383	15288	!!	O
1384	15289	been	O
1384	15290	listenin	O
1384	15291	to	O
1384	15292	trey	PERSON
1384	15293	alllll	O
1384	15294	week	O
1384	15295	...	O
1385	15296	can	O
1385	15297	u	O
1385	15298	luv	O
1385	15299	someone	O
1385	15300	u	O
1385	15301	never	O
1385	15302	met	O
1385	15303	??	O
1386	15304	bcuz	O
1386	15305	i	O
1386	15306	think	O
1386	15307	im	O
1386	15308	in	O
1386	15309	luv	O
1386	15310	yeeuuuuppp	O
1386	15311	!!!	O
1387	15312	Last	O
1387	15313	day	O
1387	15314	in	O
1387	15315	full	O
1387	15316	force	O
1387	15317	!!!	O
1388	15318	Sunday	O
1388	15319	10:00	O
1388	15320	am	O
1388	15321	get	O
1388	15322	yo	O
1388	15323	popcorn	O
1388	15324	ready	O
1388	15325	will	O
1388	15326	dominate	O
1388	15327	!	O
1389	15328	well	O
1389	15329	my	O
1389	15330	700th	O
1389	15331	tweet	O
1389	15332	was	O
1389	15333	3	O
1389	15334	tweets	O
1389	15335	ago	O
1389	15336	.	O
1390	15337	gym	O
1390	15338	tonight	O
1390	15339	because	O
1390	15340	I	O
1390	15341	was	O
1390	15342	a	O
1390	15343	slacker	O
1390	15344	last	O
1390	15345	night	O
1390	15346	and	O
1390	15347	went	O
1390	15348	out	O
1390	15349	to	O
1390	15350	dinner	O
1390	15351	instead	O
1390	15352	of	O
1390	15353	working	O
1390	15354	out	O
1390	15355	"'"""	O
1390	15356	come	O
1390	15357	on	O
1390	15358	its	O
1390	15359	Friday	O
1390	15360	night	O
1390	15361	...	O
1391	15362	shes	O
1391	15363	dreaming	O
1391	15364	whoa	O
1391	15365	oh	O
1391	15366	oh	O
1391	15367	oh	O
1391	15368	dreaming	O
1391	15369	of	O
1391	15370	a	O
1391	15371	weekend	O
1391	15372	whoa	O
1391	15373	oh	O
1391	15374	oh	O
1391	15375	oh	O
1391	15376	"""'"	O
1391	15377	Hello	O
1391	15378	mate	O
1391	15379	hows	O
1391	15380	you	O
1391	15381	?	O
1392	15382	Long	O
1392	15383	time	O
1392	15384	no	O
1392	15385	tweet	O
1392	15386	What	O
1392	15387	you	O
1392	15388	been	O
1392	15389	up	O
1392	15390	to	O
1392	15391	?	O
1393	15392	Hows	O
1393	15393	the	O
1393	15394	book	O
1393	15395	?	O
1394	15396	Bouncing	O
1394	15397	my	O
1394	15398	ass	O
1394	15399	like	O
1394	15400	thrs	O
1394	15401	no	O
1394	15402	tomorrow	O
1394	15403	RT	O
1394	15404	When	O
1394	15405	trey	PERSON
1394	15406	songz	PERSON
1394	15407	was	O
1394	15408	a	O
1394	15409	kid	O
1394	15410	his	O
1394	15411	mother	O
1394	15412	probably	O
1394	15413	went	O
1394	15414	did	O
1394	15415	you	O
1394	15416	do	O
1394	15417	your	O
1394	15418	homework	O
1394	15419	?	O
1395	15420	And	O
1395	15421	he	O
1395	15422	probably	O
1395	15423	went	O
1395	15424	lol	O
1395	15425	Dear	O
1395	15426	sun	O
1395	15427	,	O
1395	15428	it	O
1395	15429	's	O
1395	15430	approaching	O
1395	15431	the	O
1395	15432	end	O
1395	15433	of	O
1395	15434	September	O
1395	15435	and	O
1395	15436	seriously	O
1395	15437	,	O
1395	15438	you're	O
1395	15439	still	O
1395	15440	unbearable	O
1395	15441	.	O
1396	15442	Give	O
1396	15443	Arizona	LOCATION
1396	15444	a	O
1396	15445	break	O
1396	15446	.	O
1397	15447	Love	O
1397	15448	,	O
1397	15449	Mackenna	PERSON
1397	15450	Kudos	O
1397	15451	to	O
1397	15452	them	O
1397	15453	,	O
1397	15454	Lois	PERSON
1397	15455	was	O
1397	15456	always	O
1397	15457	there	O
1397	15458	's	O
1397	15459	something	O
1397	15460	about	O
1397	15461	you	O
1397	15462	..	O
1398	15463	whatever	O
1398	15464	tell	O
1398	15465	me	O
1398	15466	when	O
1398	15467	you're	O
1398	15468	ready	O
1398	15469	thing	O
1398	15470	.	O
1399	15471	RT	O
1399	15472	Last	O
1399	15473	day	O
1399	15474	of	O
1399	15475	this	O
1399	15476	season	O
1399	15477	!!!	O
1400	15478	Next	O
1400	15479	season	O
1400	15480	I	O
1400	15481	hope	O
1400	15482	I'm	O
1400	15483	driving	O
1400	15484	myself	O
1400	15485	to	O
1400	15486	work	O
1400	15487	!	O
1401	15488	Gonna	O
1401	15489	miss	O
1401	15490	everybody	O
1401	15491	like	O
1401	15492	crazy	O
1401	15493	:)	O
1402	15494	ha	O
1402	15495	ye	O
1402	15496	theyr	O
1402	15497	may	O
1402	15498	be	O
1402	15499	severe	O
1402	15500	consiquences	O
1402	15501	of	O
1402	15502	our	O
1402	15503	meeting	O
1402	15504	like	O
1402	15505	the	O
1402	15506	waypeople	O
1402	15507	talk	O
1402	15508	bout	O
1402	15509	theday	O
1402	15510	sum1	O
1402	15511	told	O
1402	15512	adolf	O
1402	15513	he	O
1402	15514	wasnt	O
1402	15515	blond	O
1402	15516	enuf	O
1402	15517	S	O
1402	15518	Hah	O
1402	15519	!	O
1403	15520	That	O
1403	15521	's	O
1403	15522	the	O
1403	15523	one	O
1403	15524	programme	O
1403	15525	my	O
1403	15526	dad	O
1403	15527	and	O
1403	15528	I	O
1403	15529	watch	O
1403	15530	together	O
1403	15531	every	O
1403	15532	week	O
1403	15533	!	O
1404	15534	Are	O
1404	15535	you	O
1404	15536	ready	O
1404	15537	for	O
1404	15538	the	O
1404	15539	shield	O
1404	15540	game	O
1404	15541	tonight	O
1404	15542	at	O
1404	15543	7	O
1404	15544	?	O
1405	15545	Friday	O
1405	15546	night	O
1405	15547	is	O
1405	15548	the	O
1405	15549	best	O
1405	15550	cus	O
1405	15551	u	O
1405	15552	know	O
1405	15553	the	O
1405	15554	nest	O
1405	15555	day	O
1405	15556	u	O
1405	15557	can	O
1405	15558	rest	O
1405	15559	!!!!!	O
1406	15560	:D	O
1407	15561	Honestly	O
1407	15562	what	O
1407	15563	is	O
1407	15564	wrong	O
1407	15565	with	O
1407	15566	kids	O
1407	15567	today	O
1407	15568	.	O
1408	15569	On	O
1408	15570	a	O
1408	15571	packed	O
1408	15572	t	O
1408	15573	and	O
1408	15574	there	O
1408	15575	are	O
1408	15576	2	O
1408	15577	older	O
1408	15578	ppl	O
1408	15579	1	O
1408	15580	w/	O
1408	15581	a	O
1408	15582	cane	O
1408	15583	mind	O
1408	15584	you	O
1408	15585	and	O
1408	15586	nobody	O
1408	15587	gets	O
1408	15588	up	O
1408	15589	to	O
1408	15590	let	O
1408	15591	them	O
1408	15592	sit	O
1408	15593	!!	O
1409	15594	I'm	O
1409	15595	being	O
1409	15596	stalked	O
1409	15597	by	O
1409	15598	.	O
1410	15599	I	O
1410	15600	saw	O
1410	15601	this	O
1410	15602	when	O
1410	15603	I	O
1410	15604	opened	O
1410	15605	flipboard	ORGANIZATION
1410	15606	just	O
1410	15607	now	O
1410	15608	.	O
1411	15609	Our	O
1411	15610	Favorite	O
1411	15611	YouTube	ORGANIZATION
1411	15612	Videos	O
1411	15613	This	O
1411	15614	Week	O
1411	15615	The	O
1411	15616	Drama	O
1411	15617	Edition	O
1411	15618	|	O
1411	15619	mashable	O
1411	15620	Very	O
1411	15621	bad	O
1411	15622	day	O
1411	15623	.	O
1412	15624	For	O
1412	15625	the	O
1412	15626	late	O
1412	15627	Friday	O
1412	15628	p.m.	O
1413	15629	crowd	O
1413	15630	{	O
1413	15631	all	O
1413	15632	3	O
1413	15633	of	O
1413	15634	you}	O
1413	15635	!	O
1414	15636	On	O
1414	15637	the	O
1414	15638	blog	O
1414	15639	today	O
1414	15640	...	O
1415	15641	Creative	O
1415	15642	invitation	O
1415	15643	wording	O
1415	15644	for	O
1415	15645	different	O
1415	15646	situations	O
1415	15647	!	O
1416	15648	Thank	O
1416	15649	you	O
1416	15650	for	O
1416	15651	all	O
1416	15652	your	O
1416	15653	support	O
1416	15654	.	O
1417	15655	Best	O
1417	15656	wishes	O
1417	15657	from	O
1417	15658	DUKETERS'S..have	O
1418	15659	a	O
1418	15660	nice	O
1418	15661	day	O
1418	15662	'I	O
1418	15663	just	O
1418	15664	took	O
1418	15665	After	O
1418	15666	getting	O
1418	15667	trampled	O
1418	15668	at	O
1418	15669	a	O
1418	15670	Justin	PERSON
1418	15671	Bieber	PERSON
1418	15672	concert	O
1418	15673	,	O
1418	15674	yoiu	O
1418	15675	wake	O
1418	15676	up	O
1418	15677	and	O
1418	15678	"..."""	O
1419	15679	and	O
1419	15680	got	O
1419	15681	Part	O
1419	15682	1	O
1419	15683	:)	O
1420	15684	!	O
1421	15685	Try	O
1421	15686	it	O
1421	15687	cant	O
1421	15688	believe	O
1421	15689	her	O
1421	15690	brother	O
1421	15691	is	O
1421	15692	leaving	O
1421	15693	for	O
1421	15694	uni	O
1421	15695	tomorrow	O
1421	15696	!	O
1422	15697	He	O
1422	15698	's	O
1422	15699	taking	O
1422	15700	all	O
1422	15701	the	O
1422	15702	best	O
1422	15703	dvds	O
1422	15704	!	O
1423	15705	You	O
1423	15706	know	O
1423	15707	you	O
1423	15708	should	O
1423	15709	be	O
1423	15710	living	O
1423	15711	somewhere	O
1423	15712	when	O
1423	15713	you	O
1423	15714	know	O
1423	15715	that	O
1423	15716	place	O
1423	15717	front	O
1423	15718	and	O
1423	15719	back	O
1423	15720	without	O
1423	15721	living	O
1423	15722	there	O
1423	15723	.	O
1424	15724	Yay	O
1424	15725	,	O
1424	15726	just	O
1424	15727	ordered	O
1424	15728	new	O
1424	15729	tragus	O
1424	15730	bars	O
1424	15731	:)	O
1425	15732	Hopefully	O
1425	15733	they'll	O
1425	15734	arrive	O
1425	15735	on	O
1425	15736	Monday	O
1425	15737	'jennkorducki	O
1425	15738	-	O
1425	15739	Ah	O
1425	15740	this	O
1425	15741	made	O
1425	15742	my	O
1425	15743	national	O
1425	15744	holy	O
1425	15745	crap	O
1425	15746	day	O
1425	15747	even	O
1425	15748	better	O
1425	15749	:'	O
1425	15750	If	O
1425	15751	this	O
1425	15752	beer	O
1425	15753	list	O
1425	15754	doesn't	O
1425	15755	make	O
1425	15756	your	O
1425	15757	head	O
1425	15758	spin	O
1425	15759	,	O
1425	15760	it	O
1425	15761	will	O
1425	15762	tomorrow	O
1425	15763	when	O
1425	15764	we	O
1425	15765	ADD	O
1425	15766	MORE	O
1425	15767	!...	O
1426	15768	'Lovelylanvin	O
1426	15769	Oh	O
1426	15770	ugh	O
1426	15771	.	O
1427	15772	Should	O
1427	15773	never	O
1427	15774	do	O
1427	15775	before	O
1427	15776	coffee	O
1427	15777	.	O
1428	15778	You	O
1428	15779	should	O
1428	15780	have	O
1428	15781	been	O
1428	15782	in	O
1428	15783	the	O
1428	15784	tweeps	O
1428	15785	who	O
1428	15786	are	O
1428	15787	friends	O
1428	15788	IRL	O
1428	15789	Sorry	O
1428	15790	!'	O
1429	15791	Oh	O
1429	15792	before	O
1429	15793	I	O
1429	15794	forget	O
1429	15795	good	O
1429	15796	luck	O
1429	15797	also	O
1429	15798	to	O
1429	15799	the	O
1429	15800	cherry	O
1429	15801	and	O
1429	15802	whites	O
1429	15803	against	O
1429	15804	London	ORGANIZATION
1429	15805	Irish	ORGANIZATION
1429	15806	.	O
1430	15807	Only	O
1430	15808	a	O
1430	15809	win	O
1430	15810	will	O
1430	15811	do	O
1430	15812	.	O
1431	15813	Gives	O
1431	15814	me	O
1431	15815	more	O
1431	15816	excuses	O
1431	15817	to	O
1431	15818	celebrate	O
1431	15819	!	O
1432	15820	Lol	O
1432	15821	.	O
1433	15822	How	O
1433	15823	were	O
1433	15824	things	O
1433	15825	today	O
1433	15826	,	O
1433	15827	love	O
1433	15828	?	O
1434	15829	Oh	O
1434	15830	my	O
1434	15831	goodness	O
1434	15832	,	O
1434	15833	I	O
1434	15834	thought	O
1434	15835	by	O
1434	15836	Friday	O
1434	15837	evening	O
1434	15838	one	O
1434	15839	's	O
1434	15840	supposed	O
1434	15841	to	O
1434	15842	breath	O
1434	15843	easy	O
1434	15844	,	O
1434	15845	but	O
1434	15846	at	O
1434	15847	the	O
1434	15848	moment	O
1434	15849	this	O
1434	15850	is	O
1434	15851	sadly	O
1434	15852	not	O
1434	15853	the	O
1434	15854	case	O
1434	15855	.	O
1435	15856	Here	O
1435	15857	we	O
1435	15858	go	O
1435	15859	,	O
1435	15860	Friday	O
1435	15861	night	O
1435	15862	craziness	O
1435	15863	Just	O
1435	15864	as	O
1435	15865	i	O
1435	15866	have	O
1435	15867	pointed	O
1435	15868	out	O
1435	15869	to	O
1435	15870	our	O
1435	15871	readers-	O
1435	15872	The	O
1435	15873	Canadian	O
1435	15874	Markets	O
1435	15875	offer	O
1435	15876	so	O
1435	15877	much	O
1435	15878	opportunity	O
1435	15879	.	O
1436	15880	Gabriel	ORGANIZATION
1436	15881	Resources	ORGANIZATION
1436	15882	shares	O
1436	15883	shoot	O
1436	15884	up	O
1436	15885	after	O
1436	15886	Romania	LOCATION
1436	15887	mo	O
1436	15888	I	O
1436	15889	stopped	O
1436	15890	listening	O
1436	15891	to	O
1436	15892	this	O
1436	15893	lecture	O
1436	15894	like	O
1436	15895	20mins	O
1436	15896	ago	O
1436	15897	...	O
1437	15898	David	PERSON
1437	15899	's	O
1437	15900	new	O
1437	15901	season	O
1437	15902	celery	O
1437	15903	tomorrow	O
1437	15904	,	O
1437	15905	plus	O
1437	15906	local	O
1437	15907	apples	O
1437	15908	from	O
1437	15909	High	ORGANIZATION
1437	15910	House	ORGANIZATION
1437	15911	Farm	ORGANIZATION
1437	15912	=	O
1437	15913	mighty	O
1437	15914	fine	O
1437	15915	local	O
1437	15916	Waldorf	O
1437	15917	Salad	O
1437	15918	.	O
1438	15919	Yes	O
1438	15920	please	O
1438	15921	.	O
1439	15922	Do	O
1439	15923	you	O
1439	15924	know	O
1439	15925	when	O
1439	15926	its	O
1439	15927	on	O
1439	15928	babe	O
1439	15929	?	O
1440	15930	x	O
1440	15931	Seeyas	O
1440	15932	all	O
1440	15933	in	O
1440	15934	a	O
1440	15935	week	O
1440	15936	.	O
1441	15937	Off	O
1441	15938	to	O
1441	15939	hopefully	O
1441	15940	a	O
1441	15941	slightly	O
1441	15942	warmer	O
1441	15943	place	O
1441	15944	...	O
1442	15945	or	O
1442	15946	not	O
1442	15947	.	O
1443	15948	x	O
1443	15949	tu	O
1443	15950	vai	O
1443	15951	no	O
1443	15952	show	O
1443	15953	may	O
1443	15954	?	O
1444	15955	wow	O
1444	15956	i	O
1444	15957	just	O
1444	15958	noticed	O
1444	15959	i	O
1444	15960	always	O
1444	15961	feel	O
1444	15962	different	O
1444	15963	everyday	O
1444	15964	yesterday	O
1444	15965	i	O
1444	15966	was	O
1444	15967	depressed	O
1444	15968	,	O
1444	15969	and	O
1444	15970	today	O
1444	15971	im	O
1444	15972	happy	O
1444	15973	i	O
1444	15974	wonder	O
1444	15975	wat	O
1444	15976	tom	PERSON
1444	15977	.	O
1445	15978	is	O
1445	15979	......	O
1446	15980	random	O
1446	15981	much	O
1446	15982	?	O
1447	15983	Our	O
1447	15984	Favorite	O
1447	15985	YouTube	ORGANIZATION
1447	15986	Videos	O
1447	15987	This	O
1447	15988	Week	O
1447	15989	The	O
1447	15990	Drama	O
1447	15991	Edition	O
1447	15992	Had	O
1447	15993	any	O
1447	15994	epic	O
1447	15995	meltdowns	O
1447	15996	this	O
1447	15997	week	O
1447	15998	?	O
1448	15999	You	O
1448	16000	know	O
1448	16001	,	O
1448	16002	of	O
1448	16003	the	O
1448	16004	cryin	O
1448	16005	...	O
1449	16006	please	O
1449	16007	pray	O
1449	16008	for	O
1449	16009	my	O
1449	16010	hubby	O
1449	16011	&	O
1449	16012	I	O
1449	16013	,	O
1449	16014	u	O
1449	16015	spoke	O
1449	16016	a	O
1449	16017	promise	O
1449	16018	over	O
1449	16019	us	O
1449	16020	years	O
1449	16021	ago	O
1449	16022	,	O
1449	16023	I	O
1449	16024	pray	O
1449	16025	that	O
1449	16026	come	O
1449	16027	to	O
1449	16028	pass	O
1449	16029	and	O
1449	16030	my	O
1449	16031	hubby	O
1449	16032	stay	O
1449	16033	rooted	O
1449	16034	in	O
1449	16035	JC	O
1449	16036	x	O
1449	16037	looks	O
1449	16038	like	O
1449	16039	its	O
1449	16040	my	O
1449	16041	byza-bedtime	O
1449	16042	!	O
1450	16043	hope	O
1450	16044	to	O
1450	16045	fuck	O
1450	16046	that	O
1450	16047	ema	O
1450	16048	is	O
1450	16049	in	O
1450	16050	tomorrow	O
1450	16051	!	O
1451	16052	two	O
1451	16053	auditions	O
1451	16054	in	O
1451	16055	one	O
1451	16056	day	O
1451	16057	,	O
1451	16058	it&39	O
1451	16059	;	O
1451	16060	s	O
1451	16061	almost	O
1451	16062	as	O
1451	16063	if	O
1451	16064	I	O
1451	16065	am	O
1451	16066	a	O
1451	16067	real	O
1451	16068	actor	O
1451	16069	The	O
1451	16070	last	O
1451	16071	time	O
1451	16072	I	O
1451	16073	chatted	O
1451	16074	with	O
1451	16075	Kyle	PERSON
1451	16076	was	O
1451	16077	June	O
1451	16078	.	O
1452	16079	The	O
1452	16080	last	O
1452	16081	time	O
1452	16082	we	O
1452	16083	emailed	O
1452	16084	was	O
1452	16085	August	O
1452	16086	.	O
1453	16087	RT	O
1453	16088	As	O
1453	16089	an	O
1453	16090	romance	O
1453	16091	isn't	O
1453	16092	about	O
1453	16093	what	O
1453	16094	you're	O
1453	16095	after	O
1453	16096	it	O
1453	16097	's	O
1453	16098	about	O
1453	16099	taking	O
1453	16100	chances	O
1453	16101	,	O
1453	16102	exploring	O
1453	16103	and	O
1453	16104	keeping	O
1453	16105	an	O
1453	16106	...	O
1454	16107	I	O
1454	16108	hit	O
1454	16109	that	O
1454	16110	JL	PERSON
1454	16111	joint	O
1454	16112	when	O
1454	16113	it	O
1454	16114	came	O
1454	16115	out	O
1454	16116	,	O
1454	16117	he	O
1454	16118	does	O
1454	16119	Teddy	PERSON
1454	16120	P	PERSON
1454	16121	proud	O
1454	16122	on	O
1454	16123	Wake	O
1454	16124	Up	O
1454	16125	!	O
1455	16126	hahah	O
1455	16127	yeah	O
1455	16128	!	O
1456	16129	My	O
1456	16130	bestie	O
1456	16131	&	O
1456	16132	I	O
1456	16133	met	O
1456	16134	his	O
1456	16135	dad	O
1456	16136	too	O
1456	16137	&	O
1456	16138	were	O
1456	16139	seeing	O
1456	16140	him	O
1456	16141	I	O
1456	16142	think	O
1456	16143	on	O
1456	16144	Monday	O
1456	16145	were	O
1456	16146	not	O
1456	16147	sure	O
1456	16148	yet	O
1456	16149	;	O
1456	16150	Why	O
1456	16151	Your	O
1456	16152	Homepage	O
1456	16153	May	O
1456	16154	Matter	O
1456	16155	Less	O
1456	16156	Than	O
1456	16157	You	O
1456	16158	Think	O
1456	16159	via	O
1456	16160	RT	O
1456	16161	Happy	O
1456	16162	Yom	MISC
1456	16163	Kippur	MISC
1456	16164	to	O
1456	16165	all	O
1456	16166	my	O
1456	16167	Jewish	O
1456	16168	friends	O
1456	16169	.	O
1457	16170	Black	O
1457	16171	people	O
1457	16172	need	O
1457	16173	a	O
1457	16174	Leroy	MISC
1457	16175	Jenkins	MISC
1457	16176	Day	MISC
1457	16177	.	O
1458	16178	We	O
1458	16179	need	O
1458	16180	some	O
1458	16181	days	O
1458	16182	off	O
1458	16183	too	O
1458	16184	volleybaltraining	O
1458	16185	was	O
1458	16186	super	O
1458	16187	leuk	O
1458	16188	!	O
1459	16189	volgende	O
1459	16190	week	O
1459	16191	1e	O
1459	16192	wedstrijd	O
1459	16193	RT	O
1459	16194	SO	O
1459	16195	WHEN	O
1459	16196	I	O
1459	16197	GET	O
1459	16198	ON	O
1459	16199	106	O
1459	16200	N	O
1459	16201	JOKE	O
1459	16202	AROUND	O
1459	16203	YALL	O
1459	16204	TALK	O
1459	16205	ABOUT	O
1459	16206	ME	O
1459	16207	LIKE	O
1459	16208	A	O
1459	16209	DOG	O
1459	16210	SHAWTY	O
1459	16211	BUT	O
1459	16212	WHEN	O
1459	16213	I	O
1459	16214	BUY	O
1459	16215	30,000	O
1459	16216	WORTH	O
1459	16217	SCHOOL	O
1459	16218	SUPPLY	O
1459	16219	N	O
1459	16220	...	O
1460	16221	RT	O
1460	16222	Pisces	O
1460	16223	tend	O
1460	16224	to	O
1460	16225	escape	O
1460	16226	into	O
1460	16227	fantasy	O
1460	16228	and	O
1460	16229	day	O
1460	16230	dreams	O
1460	16231	.	O
1461	16232	There	O
1461	16233	they	O
1461	16234	are	O
1461	16235	free	O
1461	16236	.	O
1462	16237	RT	O
1462	16238	Authentic	O
1462	16239	leaders	O
1462	16240	don't	O
1462	16241	blame	O
1462	16242	other	O
1462	16243	people	O
1462	16244	when	O
1462	16245	they	O
1462	16246	make	O
1462	16247	a	O
1462	16248	mistake	O
1462	16249	.	O
1463	16250	RT	O
1463	16251	HELP	O
1463	16252	us	O
1463	16253	meet	O
1463	16254	Justin	PERSON
1463	16255	Bieber	PERSON
1463	16256	on	O
1463	16257	November	O
1463	16258	6	O
1463	16259	THANKYOU	O
1463	16260	i	O
1463	16261	swear	O
1463	16262	when	O
1463	16263	you	O
1463	16264	miss	O
1463	16265	1	O
1463	16266	day	O
1463	16267	of	O
1463	16268	school	O
1463	16269	,	O
1463	16270	feels	O
1463	16271	like	O
1463	16272	you	O
1463	16273	missed	O
1463	16274	a	O
1463	16275	whole	O
1463	16276	year	O
1463	16277	!	O
1464	16278	dont	O
1464	16279	even	O
1464	16280	have	O
1464	16281	homwork	O
1464	16282	today	O
1464	16283	,	O
1464	16284	suprising	O
1464	16285	?	O
1465	16286	Thrilled	O
1465	16287	about	O
1465	16288	this	O
1465	16289	//RTDeLynnRizzo	O
1465	16290	girls	O
1465	16291	,	O
1465	16292	register4	O
1465	16293	,	O
1465	16294	J	PERSON
1465	16295	John	PERSON
1465	16296	,	O
1465	16297	oct	O
1465	16298	7-9	O
1465	16299	.	O
1466	16300	livethedreamconference	O
1466	16301	.	O
1467	16302	com	O
1467	16303	Stop	O
1467	16304	by	O
1467	16305	the	O
1467	16306	COLLEGE	MISC
1467	16307	REPUBLICAN	MISC
1467	16308	TAILGATE	MISC
1467	16309	tomorrow	O
1467	16310	9:30	O
1467	16311	in	O
1467	16312	Yellow	O
1467	16313	Lot	O
1467	16314	17	O
1467	16315	for	O
1467	16316	FOOD	O
1467	16317	before	O
1467	16318	the	O
1467	16319	game	O
1467	16320	RT	O
1467	16321	That	O
1467	16322	time	O
1467	16323	again	O
1467	16324	!	O
1468	16325	Be	O
1468	16326	the	O
1468	16327	15th	O
1468	16328	RT	O
1468	16329	get	O
1468	16330	your	O
1468	16331	hands	O
1468	16332	on	O
1468	16333	a	O
1468	16334	free	O
1468	16335	travel	O
1468	16336	size	O
1468	16337	pronto	O
1468	16338	invisible	O
1468	16339	dry	O
1468	16340	shampoo	O
1468	16341	!	O
1469	16342	Oh	O
1469	16343	yeah	O
1469	16344	!	O
1470	16345	Probably	O
1470	16346	hairdresser	O
1470	16347	tomorrow	O
1470	16348	,	O
1470	16349	and	O
1470	16350	for	O
1470	16351	sure	O
1470	16352	meet	O
1470	16353	Levin	PERSON
1470	16354	,	O
1470	16355	Hien	PERSON
1470	16356	3	O
1470	16357	and	O
1470	16358	Fabi	PERSON
1470	16359	.	O
1471	16360	'll	O
1471	16361	have	O
1471	16362	a	O
1471	16363	great	O
1471	16364	daaaaay	O
1471	16365	33	O
1471	16366	good	O
1471	16367	friday	O
1471	16368	whatchu	O
1471	16369	got	O
1471	16370	for	O
1471	16371	me	O
1471	16372	I	O
1471	16373	think	O
1471	16374	that	O
1471	16375	today	O
1471	16376	the	O
1471	16377	party	O
1471	16378	has	O
1471	16379	been	O
1471	16380	canceled	O
1471	16381	makes	O
1471	16382	too	O
1471	16383	much	O
1471	16384	air	O
1471	16385	in	O
1471	16386	the	O
1471	16387	street	O
1471	16388	loll	O
1471	16389	.	O
1472	16390	miss	O
1472	16391	u	O
1472	16392	twitfriends	O
1472	16393	.	O
1473	16394	xx	O
1473	16395	I	O
1473	16396	may	O
1473	16397	have	O
1473	16398	been	O
1473	16399	wrong	O
1473	16400	about	O
1473	16401	Murkowski	PERSON
1473	16402	,	O
1473	16403	look	O
1473	16404	like	O
1473	16405	she	O
1473	16406	's	O
1473	16407	going	O
1473	16408	to	O
1473	16409	turn	O
1473	16410	Friday	O
1473	16411	news	O
1473	16412	dump	O
1473	16413	on	O
1473	16414	its	O
1473	16415	head	O
1473	16416	.	O
1474	16417	three-way	O
1474	16418	race	O
1474	16419	reportedly	O
1474	16420	ahead	O
1474	16421	in	O
1474	16422	AK	LOCATION
1474	16423	.	O
1475	16424	amusing	O
1475	16425	?	O
1476	16426	This	O
1476	16427	is	O
1476	16428	some	O
1476	16429	of	O
1476	16430	the	O
1476	16431	greatest	O
1476	16432	music	O
1476	16433	of	O
1476	16434	all	O
1476	16435	time	O
1476	16436	,	O
1476	16437	my	O
1476	16438	foot	O
1476	16439	has	O
1476	16440	n't	O
1476	16441	stopped	O
1476	16442	tapping	O
1476	16443	all	O
1476	16444	night	O
1476	16445	Salty	O
1476	16446	i	O
1476	16447	broke	O
1476	16448	one	O
1476	16449	of	O
1476	16450	my	O
1476	16451	favorite	O
1476	16452	Betsey	PERSON
1476	16453	Johnson	PERSON
1476	16454	necklaces	O
1476	16455	today	O
1476	16456	!!	O
1477	16457	cant	O
1477	16458	wait	O
1477	16459	to	O
1477	16460	see	O
1477	16461	my	O
1477	16462	beautiful	O
1477	16463	neice	O
1477	16464	nx	O
1477	16465	week	O
1477	16466	,	O
1477	16467	gonna	O
1477	16468	spoil	O
1477	16469	her	O
1477	16470	rotton	O
1477	16471	Well	O
1477	16472	.	O
1478	16473	just	O
1478	16474	beg	O
1478	16475	..	O
1479	16476	PLEASE	O
1479	16477	come	O
1479	16478	to	O
1479	16479	the	O
1479	16480	Next	O
1479	16481	year	O
1479	16482	!.	O
1480	16483	We	O
1480	16484	need	O
1480	16485	you	O
1480	16486	there	O
1480	16487	!	O
1481	16488	*puss	O
1481	16489	in	O
1481	16490	boots	O
1481	16491	eyes*	O
1481	16492	Korean	MISC
1481	16493	War	MISC
1481	16494	spy	O
1481	16495	rivalries	O
1481	16496	persist	O
1481	16497	60	O
1481	16498	years	O
1481	16499	later	O
1481	16500	Far	O
1481	16501	be	O
1481	16502	it	O
1481	16503	that	O
1481	16504	the	O
1481	16505	week	O
1481	16506	should	O
1481	16507	pass	O
1481	16508	without	O
1481	16509	noting	O
1481	16510	that	O
1481	16511	it	O
1481	16512	was	O
1481	16513	60	O
1481	16514	...	O
1482	16515	GaGa	PERSON
1482	16516	played	O
1482	16517	here	O
1482	16518	a	O
1482	16519	few	O
1482	16520	weeks	O
1482	16521	back	O
1482	16522	.	O
1483	16523	She	O
1483	16524	spoke	O
1483	16525	out	O
1483	16526	against	O
1483	16527	SB1070	MISC
1483	16528	during	O
1483	16529	the	O
1483	16530	show	O
1483	16531	.	O
1484	16532	God	O
1484	16533	bless	O
1484	16534	her	O
1484	16535	for	O
1484	16536	that	O
1484	16537	.	O
1485	16538	CHILLIN	O
1485	16539	TONIGHT	O
1485	16540	!	O
1486	16541	by	O
1486	16542	my	O
1486	16543	lonesome	O
1486	16544	tonight	O
1486	16545	....	O
1487	16546	Football	O
1487	16547	game	O
1487	16548	tonight	O
1487	16549	with	O
1487	16550	mariaelena	PERSON
1487	16551	,	O
1487	16552	sarah	PERSON
1487	16553	,	O
1487	16554	and	O
1487	16555	brittany	PERSON
1487	16556	!	O
1488	16557	Mood	O
1488	16558	excited	O
1488	16559	!!	O
1489	16560	GOO	O
1489	16561	WB	ORGANIZATION
1489	16562	WILDCATS	ORGANIZATION
1489	16563	!	O
1490	16564	I	O
1490	16565	've	O
1490	16566	been	O
1490	16567	out	O
1490	16568	of	O
1490	16569	the	O
1490	16570	loop	O
1490	16571	,	O
1490	16572	but	O
1490	16573	is	O
1490	16574	Private	MISC
1490	16575	Practice	MISC
1490	16576	coming	O
1490	16577	back	O
1490	16578	this	O
1490	16579	year	O
1490	16580	?	O
1491	16581	I	O
1491	16582	HATE	O
1491	16583	MY	O
1491	16584	MOTHER	O
1491	16585	!!!!!!!!!!!...	O
1492	16586	Where	O
1492	16587	is	O
1492	16588	Dee	PERSON
1492	16589	when	O
1492	16590	I	O
1492	16591	need	O
1492	16592	him	O
1492	16593	3	O
1492	16594	tests	O
1492	16595	and	O
1492	16596	an	O
1492	16597	essay	O
1492	16598	today	O
1492	16599	.	O
1493	16600	__	O
1493	16601	also	O
1493	16602	i	O
1493	16603	lost	O
1493	16604	my	O
1493	16605	backpackkk	O
1493	16606	c	O
1493	16607	but	O
1493	16608	then	O
1493	16609	i	O
1493	16610	found	O
1493	16611	it	O
1493	16612	.	O
1494	16613	RT	O
1494	16614	Yayaayayay	O
1494	16615	kings	MISC
1494	16616	of	MISC
1494	16617	leon	MISC
1494	16618	tonight	O
1494	16619	!!!	O
1495	16620	Amazon	ORGANIZATION
1495	16621	U.K.	ORGANIZATION
1496	16622	Offering	O
1496	16623	HTC	MISC
1496	16624	Desire	MISC
1496	16625	Z	MISC
1496	16626	Unlocked	O
1496	16627	October	O
1496	16628	11	O
1496	16629	We	O
1496	16630	just	O
1496	16631	got	O
1496	16632	official	O
1496	16633	word	O
1496	16634	of	O
1496	16635	the	O
1496	16636	HTC	MISC
1496	16637	Desire	MISC
1496	16638	Z	MISC
1496	16639	earlier	O
1496	16640	in	O
1496	16641	Lo	O
1496	16642	...	O
1497	16643	'll	O
1497	16644	be	O
1497	16645	back	O
1497	16646	in	O
1497	16647	LA	LOCATION
1497	16648	tomorrow	O
1497	16649	night	O
1497	16650	!	O
1498	16651	yaaaay	O
1498	16652	!	O
1499	16653	Lol	O
1499	16654	lucky	O
1499	16655	me	O
1499	16656	,	O
1499	16657	u	O
1499	16658	remembered	O
1499	16659	me	O
1499	16660	:D	O
1500	16661	...	O
1501	16662	When	O
1501	16663	u	O
1501	16664	c	O
1501	16665	her	O
1501	16666	again	O
1501	16667	tell	O
1501	16668	her	O
1501	16669	I	O
1501	16670	say	O
1501	16671	hi	O
1501	16672	x	O
1501	16673	RT	O
1501	16674	RT	O
1501	16675	lol	O
1501	16676	i	O
1501	16677	see	O
1501	16678	someone	O
1501	16679	hyped	O
1501	16680	and	O
1501	16681	ready	O
1501	16682	for	O
1501	16683	tonight	O
1501	16684	every	O
1501	16685	week	O
1501	16686	.	O
1502	16687	Lets	O
1502	16688	get	O
1502	16689	it	O
1502	16690	!	O
1503	16691	Everything	O
1503	16692	shouldber	O
1503	16693	cleared	O
1503	16694	up	O
1503	16695	by	O
1503	16696	the	O
1503	16697	week	O
1503	16698	end	O
1503	16699	.	O
1504	16700	the	O
1504	16701	last	O
1504	16702	group	O
1504	16703	dalam	O
1504	16704	lab	O
1504	16705	,	O
1504	16706	for	O
1504	16707	the	O
1504	16708	first	O
1504	16709	time	O
1504	16710	Add	O
1504	16711	a	O
1504	16712	little	O
1504	16713	Belanger	O
1504	16714	,	O
1504	16715	and	O
1504	16716	you	O
1504	16717	've	O
1504	16718	got	O
1504	16719	it	O
1504	16720	!	O
1505	16721	Of	O
1505	16722	course	O
1505	16723	...	O
1506	16724	after	O
1506	16725	his	O
1506	16726	household	O
1506	16727	items	O
1506	16728	arrive	O
1506	16729	from	O
1506	16730	D	O
1506	16731	.	O
1507	16732	C	O
1507	16733	.	O
1508	16734	RT	O
1508	16735	Headed	O
1508	16736	to	O
1508	16737	da	O
1508	16738	gump	O
1508	16739	today	O
1508	16740	alabama	LOCATION
1508	16741	here	O
1508	16742	I	O
1508	16743	come	O
1508	16744	come	O
1508	16745	to	O
1508	16746	shut	O
1508	16747	it	O
1508	16748	down	O
1508	16749	broski	O
1508	16750	..	O
1509	16751	fuck	O
1509	16752	wit	O
1509	16753	me..Parlae	O
1510	16754	's	O
1510	16755	in	O
1510	16756	house	O
1510	16757	producer	O
1510	16758	May	O
1510	16759	's	O
1510	16760	costume	O
1510	16761	is	O
1510	16762	the	O
1510	16763	giant	O
1510	16764	spider	O
1510	16765	on	O
1510	16766	her	O
1510	16767	upper	O
1510	16768	body	O
1510	16769	.	O
1511	16770	I	O
1511	16771	'm	O
1511	16772	confused	O
1511	16773	.	O
1512	16774	I	O
1512	16775	have	O
1512	16776	n't	O
1512	16777	unfortunately	O
1512	16778	:(	O
1513	16779	I	O
1513	16780	missed	O
1513	16781	the	O
1513	16782	chance	O
1513	16783	when	O
1513	16784	theycame	O
1513	16785	to	O
1513	16786	the	O
1513	16787	uk	LOCATION
1513	16788	this	O
1513	16789	year	O
1513	16790	,	O
1513	16791	you	O
1513	16792	seen	O
1513	16793	them	O
1513	16794	?	O
1514	16795	QUAKE	O
1514	16796	Mag	O
1514	16797	4.5	O
1515	16798	,	O
1515	16799	Saturday	O
1515	16800	,	O
1515	16801	September	O
1515	16802	18	O
1515	16803	2010	O
1515	16804	at	O
1515	16805	10:03	O
1515	16806	am	O
1515	16807	NZST	O
1515	16808	,	O
1515	16809	20	O
1515	16810	km	O
1515	16811	south-west	O
1515	16812	of	O
1515	16813	Christchurch	LOCATION
1515	16814	.	O
1516	16815	RT	O
1516	16816	RT	O
1516	16817	if	O
1516	16818	you	O
1516	16819	are	O
1516	16820	happy	O
1516	16821	that	O
1516	16822	today	O
1516	16823	is	O
1516	16824	FRIDAY	O
1516	16825	!	O
1517	16826	:)	O
1518	16827	Is	O
1518	16828	all	O
1518	16829	done	O
1518	16830	getting	O
1518	16831	things	O
1518	16832	set	O
1518	16833	up	O
1518	16834	for	O
1518	16835	the	O
1518	16836	Ultimate	MISC
1518	16837	Magic	MISC
1518	16838	playtest	O
1518	16839	that	O
1518	16840	starts	O
1518	16841	on	O
1518	16842	Monday	O
1518	16843	.	O
1519	16844	Ca	O
1519	16845	n't	O
1519	16846	wait	O
1519	16847	to	O
1519	16848	see	O
1519	16849	what	O
1519	16850	people	O
1519	16851	think	O
1519	16852	.	O
1520	16853	Gotta	O
1520	16854	call	O
1520	16855	mom	O
1520	16856	2	O
1520	16857	let	O
1520	16858	her	O
1520	16859	know	O
1520	16860	it	O
1520	16861	's	O
1520	16862	almost	O
1520	16863	3	O
1520	16864	.	O
1521	16865	Yli	O
1521	16866	gets	O
1521	16867	out	O
1521	16868	in	O
1521	16869	15	O
1521	16870	.	O
1522	16871	Mom	O
1522	16872	took	O
1522	16873	the	O
1522	16874	antenna	O
1522	16875	home	O
1522	16876	today	O
1522	16877	connected	O
1522	16878	it	O
1522	16879	at	O
1522	16880	home	O
1522	16881	,	O
1522	16882	finally	O
1522	16883	.	O
1523	16884	DJ	O
1523	16885	set	O
1523	16886	at	O
1523	16887	The	LOCATION
1523	16888	Standard	LOCATION
1523	16889	in	O
1523	16890	LA	LOCATION
1523	16891	tonight	O
1523	16892	!	O
1524	16893	RT	O
1524	16894	Headed	O
1524	16895	to	O
1524	16896	Shreveport	LOCATION
1524	16897	then	O
1524	16898	Lake	LOCATION
1524	16899	Charles	LOCATION
1524	16900	-might	O
1524	16901	as	O
1524	16902	well	O
1524	16903	shoot	O
1524	16904	through	O
1524	16905	dat	O
1524	16906	after	O
1524	16907	the	O
1524	16908	slab	O
1524	16909	show	O
1524	16910	in	O
1524	16911	Lake	LOCATION
1524	16912	Charles	LOCATION
1524	16913	..	O
1525	16914	LIVESTRONG	MISC
1525	16915	Day	MISC
1525	16916	is	O
1525	16917	10-02-10	O
1525	16918	around	O
1525	16919	the	O
1525	16920	world	O
1525	16921	.	O
1526	16922	one	O
1526	16923	of	O
1526	16924	the	O
1526	16925	complainers	O
1526	16926	is	O
1526	16927	a	O
1526	16928	child	O
1526	16929	minder	O
1526	16930	who	O
1526	16931	brings	O
1526	16932	kids	O
1526	16933	to	O
1526	16934	the	O
1526	16935	school	O
1526	16936	then	O
1526	16937	looks	O
1526	16938	after	O
1526	16939	other	O
1526	16940	kids	O
1526	16941	thro	O
1526	16942	the	O
1526	16943	day	O
1526	16944	.	O
1527	16945	Beggers	O
1527	16946	belief	O
1527	16947	ahaha	O
1527	16948	that	O
1527	16949	just	O
1527	16950	made	O
1527	16951	my	O
1527	16952	day	O
1527	16953	xDlmfao	O
1527	16954	!!!!	O
1528	16955	Amber	PERSON
1528	16956	Le	PERSON
1528	16957	Bon	PERSON
1528	16958	is	O
1528	16959	to	O
1528	16960	walk	O
1528	16961	in	O
1528	16962	Giles	PERSON
1528	16963	Deacon	PERSON
1528	16964	's	O
1528	16965	Monday	O
1528	16966	LFW	O
1528	16967	show	O
1528	16968	Someone	O
1528	16969	just	O
1528	16970	started	O
1528	16971	following	O
1528	16972	me	O
1528	16973	today	O
1528	16974	so	O
1528	16975	I	O
1528	16976	better	O
1528	16977	post	O
1528	16978	something	O
1528	16979	.	O
1529	16980	There	O
1529	16981	.	O
1530	16982	ik	O
1530	16983	me	O
1530	16984	2	O
1530	16985	.	O
1531	16986	At	O
1531	16987	night	O
1531	16988	I	O
1531	16989	'm	O
1531	16990	wide	O
1531	16991	awake	O
1531	16992	but	O
1531	16993	the	O
1531	16994	daytime	O
1531	16995	,	O
1531	16996	I	O
1531	16997	'm	O
1531	16998	so	O
1531	16999	tired	O
1531	17000	my	O
1531	17001	day	O
1531	17002	drags	O
1531	17003	LOL	O
1531	17004	A-W-E-S-O-M-E	O
1531	17005	!!	O
1532	17006	btw	O
1532	17007	,	O
1532	17008	totally	O
1532	17009	agree	O
1532	17010	RT	O
1532	17011	Fall	MISC
1532	17012	Out	MISC
1532	17013	Boy	MISC
1532	17014	is	O
1532	17015	gay	O
1532	17016	I	O
1532	17017	'm	O
1532	17018	secretly	O
1532	17019	a	O
1532	17020	big	O
1532	17021	time	O
1532	17022	fan	O
1532	17023	.	O
1533	17024	even	O
1533	17025	better	O
1533	17026	than	O
1533	17027	cocktail	O
1533	17028	friday	O
1533	17029	!	O
1534	17030	RT	O
1534	17031	When	O
1534	17032	everything	O
1534	17033	seems	O
1534	17034	to	O
1534	17035	be	O
1534	17036	going	O
1534	17037	against	O
1534	17038	you	O
1534	17039	,	O
1534	17040	remember	O
1534	17041	that	O
1534	17042	the	O
1534	17043	airplane	O
1534	17044	takes	O
1534	17045	off	O
1534	17046	against	O
1534	17047	the	O
1534	17048	wind	O
1534	17049	,	O
1534	17050	not	O
1534	17051	with	O
1534	17052	it	O
1534	17053	"."""	O
1535	17054	...	O
1536	17055	RT	O
1536	17056	Shout	O
1536	17057	out	O
1536	17058	to	O
1536	17059	for	O
1536	17060	a	O
1536	17061	dope	O
1536	17062	show	O
1536	17063	today	O
1536	17064	on	O
1536	17065	w/special	O
1536	17066	guest	O
1536	17067	...	O
1537	17068	audio	O
1537	17069	droppin	O
1537	17070	later	O
1537	17071	tod	O
1537	17072	...	O
1538	17073	DITR	O
1538	17074	REI	O
1538	17075	Update	O
1538	17076	California	LOCATION
1538	17077	Home	O
1538	17078	Sales	O
1538	17079	Decline	O
1538	17080	Year-Over-Year	O
1538	17081	By	O
1538	17082	Michael	PERSON
1538	17083	Kraus	PERSON
1538	17084	on	O
1538	17085	September	O
1538	17086	17	O
1538	17087	...	O
1539	17088	RT	O
1539	17089	EVERYBODY	O
1539	17090	WHO	O
1539	17091	WANT	O
1539	17092	A	O
1539	17093	FOLLOW	O
1539	17094	FROM	O
1539	17095	ME	O
1539	17096	FOR	O
1539	17097	FOLLOW	O
1539	17098	FRIDAY	O
1539	17099	LET	O
1539	17100	ME	O
1539	17101	KNOW	O
1539	17102	!!	O
1540	17103	WE	O
1540	17104	AINT	O
1540	17105	LIKE	O
1540	17106	THESE	O
1540	17107	HOLLYWOOD	LOCATION
1540	17108	AZZ	O
1540	17109	RAPPERS	O
1540	17110	WE	O
1540	17111	FOLLOW	O
1540	17112	BACK	O
1540	17113	!	O
1541	17114	*purrs	O
1541	17115	long	O
1541	17116	on	O
1541	17117	the	O
1541	17118	inside	O
1541	17119	,	O
1541	17120	moving	O
1541	17121	stealthy	O
1541	17122	like	O
1541	17123	my	O
1541	17124	pard	O
1541	17125	taught	O
1541	17126	me	O
1541	17127	to	O
1541	17128	do	O
1541	17129	..	O
1542	17130	ears	O
1542	17131	pulled	O
1542	17132	back	O
1542	17133	,	O
1542	17134	claws	O
1542	17135	out	O
1542	17136	long*	O
1542	17137	Israel	LOCATION
1542	17138	grinds	O
1542	17139	to	O
1542	17140	a	O
1542	17141	halt	O
1542	17142	for	O
1542	17143	Yom	MISC
1542	17144	Kippur	MISC
1542	17145	fasting	O
1542	17146	day	O
1542	17147	wwrn.org	O
1543	17148	Tidyin	O
1543	17149	my	O
1543	17150	room	O
1543	17151	.	O
1544	17152	Need	O
1544	17153	to	O
1544	17154	do	O
1544	17155	my	O
1544	17156	hair	O
1544	17157	.	O
1545	17158	its	O
1545	17159	soo	O
1545	17160	nasty	O
1545	17161	when	O
1545	17162	its	O
1545	17163	naturally	O
1545	17164	curly	O
1545	17165	.	O
1546	17166	RT	O
1546	17167	NEW	O
1546	17168	SONG	O
1546	17169	COMING	O
1546	17170	THIS	O
1546	17171	SUNDAY	O
1546	17172	!	O
1547	17173	:D	O
1548	17174	16	O
1548	17175	b	O
1548	17176	17	O
1548	17177	in	O
1548	17178	feb	O
1548	17179	to	O
1548	17180	all	O
1548	17181	my	O
1548	17182	girls	O
1548	17183	in	O
1548	17184	london	LOCATION
1548	17185	or	O
1548	17186	travelling	O
1548	17187	up	O
1548	17188	tomorrow	O
1548	17189	i	O
1548	17190	love	O
1548	17191	and	O
1548	17192	miss	O
1548	17193	you	O
1548	17194	wish	O
1548	17195	i	O
1548	17196	could	O
1548	17197	be	O
1548	17198	there	O
1548	17199	!	O
1549	17200	NEXT	O
1549	17201	YEAR	O
1549	17202	I	O
1549	17203	WILL	O
1549	17204	!	O
1550	17205	lineup	O
1550	17206	for	O
1550	17207	tonight	O
1550	17208	.	O
1551	17209	Keppinger	PERSON
1551	17210	sits	O
1551	17211	,	O
1551	17212	Downs	PERSON
1551	17213	plays	O
1551	17214	2B	O
1551	17215	,	O
1551	17216	CJ	PERSON
1551	17217	bats	O
1551	17218	5th	O
1551	17219	.	O
1552	17220	Yahoo	ORGANIZATION
1552	17221	Jackie	PERSON
1552	17222	joins	O
1552	17223	Twitter	ORGANIZATION
1552	17224	50	O
1552	17225	years	O
1552	17226	after	O
1552	17227	JFK	PERSON
1552	17228	campaign	O
1552	17229	Had	O
1552	17230	Twitter	ORGANIZATION
1552	17231	been	O
1552	17232	an	O
1552	17233	option	O
1552	17234	in	O
1552	17235	1960	O
1552	17236	,	O
1552	17237	a	O
1552	17238	pregnant	O
1552	17239	Jacquelin	PERSON
1552	17240	...	O
1553	17241	my	O
1553	17242	past	O
1553	17243	was	O
1553	17244	the	O
1553	17245	reason	O
1553	17246	i	O
1553	17247	tried	O
1553	17248	to	O
1553	17249	kill	O
1553	17250	myself	O
1553	17251	the	O
1553	17252	other	O
1553	17253	day	O
1553	17254	,	O
1553	17255	and	O
1553	17256	i	O
1553	17257	'll	O
1553	17258	gladly	O
1553	17259	do	O
1553	17260	it	O
1553	17261	again	O
1553	17262	.	O
1554	17263	But	O
1554	17264	Why	O
1554	17265	Do	O
1554	17266	Woman	O
1554	17267	Say	O
1554	17268	The	O
1554	17269	Want	O
1554	17270	A	O
1554	17271	Big	O
1554	17272	Dck	O
1554	17273	When	O
1554	17274	They	O
1554	17275	Get	O
1554	17276	It	O
1554	17277	They	O
1554	17278	Favorite	O
1554	17279	Line	O
1554	17280	Is	O
1554	17281	where	O
1554	17282	is	O
1554	17283	that	O
1554	17284	suppose	O
1554	17285	to	O
1554	17286	go	O
1554	17287	Rep	O
1554	17288	.	O
1555	17289	Bono	PERSON
1555	17290	Mack	PERSON
1555	17291	to	O
1555	17292	criticize	O
1555	17293	fellow	O
1555	17294	desert	O
1555	17295	dweller	O
1555	17296	Barbara	PERSON
1555	17297	Boxer	PERSON
1555	17298	at	O
1555	17299	event	O
1555	17300	today	O
1555	17301	.	O
1556	17302	My	O
1556	17303	town	O
1556	17304	!	O
1557	17305	RT	O
1557	17306	This	O
1557	17307	week	O
1557	17308	's	O
1557	17309	Dinner	O
1557	17310	a	O
1557	17311	Video	O
1557	17312	Take	O
1557	17313	a	O
1557	17314	visit	O
1557	17315	to	O
1557	17316	one	O
1557	17317	of	O
1557	17318	the	O
1557	17319	largest	O
1557	17320	antique	O
1557	17321	shows	O
1557	17322	in	O
1557	17323	the	O
1557	17324	country	O
1557	17325	.	O
1558	17326	Think	O
1558	17327	I	O
1558	17328	'm	O
1558	17329	going	O
1558	17330	to	O
1558	17331	give	O
1558	17332	in	O
1558	17333	and	O
1558	17334	pull	O
1558	17335	the	O
1558	17336	boots	O
1558	17337	out	O
1558	17338	tonight	O
1558	17339	!	O
1559	17340	Halo	MISC
1559	17341	Reach	MISC
1559	17342	was	O
1559	17343	a	O
1559	17344	bit	O
1559	17345	crap	O
1559	17346	tonight	O
1559	17347	No	O
1559	17348	.	O
1560	17349	The	O
1560	17350	Pope	PERSON
1560	17351	asked	O
1560	17352	me	O
1560	17353	to	O
1560	17354	stay	O
1560	17355	after	O
1560	17356	class	O
1560	17357	.	O
1561	17358	I	O
1561	17359	called	O
1561	17360	my	O
1561	17361	sister	O
1561	17362	and	O
1561	17363	she	O
1561	17364	asked	O
1561	17365	why	O
1561	17366	i	O
1561	17367	want	O
1561	17368	a	O
1561	17369	mcdonalds	ORGANIZATION
1561	17370	at	O
1561	17371	this	O
1561	17372	time	O
1561	17373	of	O
1561	17374	nigh	O
1561	17375	t.i	O
1562	17376	said	O
1562	17377	blame	O
1562	17378	rose	PERSON
1562	17379	she	O
1562	17380	said	O
1562	17381	who	O
1562	17382	's	O
1562	17383	rose	PERSON
1562	17384	?'	O
1563	17385	lmao	O
1563	17386	Driving	O
1563	17387	,	O
1563	17388	driving	O
1563	17389	,	O
1563	17390	driving	O
1563	17391	away	O
1563	17392	to	O
1563	17393	Phil	LOCATION
1563	17394	.	O
1564	17395	Tasty	O
1564	17396	dinner	O
1564	17397	tonight	O
1564	17398	with	O
1564	17399	the	O
1564	17400	Society	MISC
1564	17401	of	MISC
1564	17402	Mining	MISC
1564	17403	and	MISC
1564	17404	Metallurgy	MISC
1564	17405	Engineers	MISC
1564	17406	.	O
1565	17407	All	O
1565	17408	night	O
1565	17409	long	O
1565	17410	RT	O
1565	17411	I	O
1565	17412	rape	O
1565	17413	Nick	PERSON
1565	17414	Jonas	PERSON
1565	17415	.	O
1566	17416	or	O
1566	17417	the	O
1566	17418	best	O
1566	17419	is	O
1566	17420	just	O
1566	17421	walking	O
1566	17422	along	O
1566	17423	the	O
1566	17424	road	O
1566	17425	when	O
1566	17426	a	O
1566	17427	clump	O
1566	17428	of	O
1566	17429	it	O
1566	17430	just	O
1566	17431	appears	O
1566	17432	to	O
1566	17433	be	O
1566	17434	waiting	O
1566	17435	in	O
1566	17436	front	O
1566	17437	of	O
1566	17438	you	O
1566	17439	all	O
1566	17440	that	O
1566	17441	time	O
1566	17442	RT	O
1566	17443	Som1	O
1566	17444	ask	O
1566	17445	whn	O
1566	17446	do	O
1566	17447	I	O
1566	17448	sleep	O
1566	17449	when	O
1566	17450	God	PERSON
1566	17451	tel	O
1566	17452	me	O
1566	17453	to	O
1566	17454	cum	O
1566	17455	home	O
1566	17456	is	O
1566	17457	when	O
1566	17458	I	O
1566	17459	wil	O
1566	17460	sleep	O
1566	17461	til	O
1566	17462	thn	O
1566	17463	Im	O
1566	17464	chasin	O
1566	17465	n	O
1566	17466	makin	O
1566	17467	this	O
1566	17468	money	O
1566	17469	to	O
1566	17470	leav	O
1566	17471	...	O
1567	17472	Working	O
1567	17473	at	O
1567	17474	my	O
1567	17475	old	O
1567	17476	office	O
1567	17477	tomorrow	O
1567	17478	to	O
1567	17479	catch	O
1567	17480	the	O
1567	17481	bookkeeping	O
1567	17482	up	O
1567	17483	.	O
1568	17484	Money	O
1568	17485	to	O
1568	17486	do	O
1568	17487	easy	O
1568	17488	stuff	O
1568	17489	when	O
1568	17490	I	O
1568	17491	would	O
1568	17492	just	O
1568	17493	be	O
1568	17494	sitting	O
1568	17495	around	O
1568	17496	anyway	O
1568	17497	?	O
1569	17498	Yes	O
1569	17499	plz	O
1569	17500	.	O
1570	17501	I	O
1570	17502	liked	O
1570	17503	a	O
1570	17504	YouTube	ORGANIZATION
1570	17505	video	O
1570	17506	Family	MISC
1570	17507	Guy	MISC
1570	17508	-	O
1570	17509	Songs	O
1570	17510	Named	O
1570	17511	After	O
1570	17512	a	O
1570	17513	Girl	O
1570	17514	No	O
1570	17515	loss	O
1570	17516	is	O
1570	17517	greater	O
1570	17518	than	O
1570	17519	the	O
1570	17520	loss	O
1570	17521	of	O
1570	17522	a	O
1570	17523	thought	O
1570	17524	process	O
1570	17525	before	O
1570	17526	you	O
1570	17527	've	O
1570	17528	had	O
1570	17529	the	O
1570	17530	time	O
1570	17531	to	O
1570	17532	write	O
1570	17533	it	O
1570	17534	down	O
1570	17535	.	O
1571	17536	surgery	O
1571	17537	or	O
1571	17538	not	O
1571	17539	,	O
1571	17540	the	O
1571	17541	most	O
1571	17542	important	O
1571	17543	thing	O
1571	17544	is	O
1571	17545	that	O
1571	17546	'll	O
1571	17547	be	O
1571	17548	all	O
1571	17549	okay	O
1571	17550	after	O
1571	17551	that	O
1571	17552	!	O
1572	17553	Mmmm	O
1572	17554	wings	O
1572	17555	and	O
1572	17556	beer	O
1572	17557	.	O
1573	17558	Damn	O
1573	17559	that	O
1573	17560	means	O
1573	17561	extra	O
1573	17562	gym	O
1573	17563	time	O
1573	17564	2mar	O
1573	17565	RT	O
1573	17566	*kisses	O
1573	17567	your	O
1573	17568	ass**sneezes	O
1573	17569	after*	O
1573	17570	Lol	O
1573	17571	Day	O
1573	17572	One	O
1573	17573	Ten	O
1573	17574	things	O
1573	17575	you	O
1573	17576	want	O
1573	17577	to	O
1573	17578	say	O
1573	17579	to	O
1573	17580	ten	O
1573	17581	different	O
1573	17582	people	O
1573	17583	right	O
1573	17584	now	O
1573	17585	-	O
1573	17586	1	O
1573	17587	Eduardo	PERSON
1573	17588	Surita	PERSON
1573	17589	your	O
1573	17590	a	O
1573	17591	freaking	O
1573	17592	...	O
1574	17593	RT	O
1574	17594	Minimalist	O
1574	17595	Web	O
1574	17596	Design	O
1574	17597	When	O
1574	17598	Less	O
1574	17599	is	O
1574	17600	More	O
1574	17601	-	O
1574	17602	RT	O
1574	17603	who	O
1574	17604	thinks	O
1574	17605	they	O
1574	17606	deserve	O
1574	17607	a	O
1574	17608	follow	O
1574	17609	friday	O
1574	17610	?	O
1575	17611	lol	O
1575	17612	Duhhh	O
1575	17613	Lol	O
1575	17614	:)	O
1576	17615	That	O
1576	17616	's	O
1576	17617	not	O
1576	17618	the	O
1576	17619	story	O
1576	17620	by	O
1576	17621	a	O
1576	17622	long	O
1576	17623	shot	O
1576	17624	biotch	O
1576	17625	!	O
1577	17626	Columbus	LOCATION
1577	17627	,	O
1577	17628	GA	LOCATION
1577	17629	and	O
1577	17630	'll	O
1577	17631	be	O
1577	17632	mixing	O
1577	17633	an	O
1577	17634	80	O
1577	17635	's	O
1577	17636	and	O
1577	17637	other	O
1577	17638	throwbacks	O
1577	17639	dance	O
1577	17640	party	O
1577	17641	tonight	O
1577	17642	at	O
1577	17643	eighty-five	O
1577	17644	.	O
1578	17645	Come	O
1578	17646	kickit	O
1578	17647	!	O
1579	17648	I	O
1579	17649	want	O
1579	17650	it	O
1579	17651	NOW	O
1579	17652	!	O
1580	17653	;)	O
1581	17654	RT	O
1581	17655	Pumpkin	MISC
1581	17656	Moonshine	MISC
1581	17657	has	O
1581	17658	arrived	O
1581	17659	in	O
1581	17660	Nashville	LOCATION
1581	17661	Give	O
1581	17662	it	O
1581	17663	a	O
1581	17664	week	O
1581	17665	to	O
1581	17666	get	O
1581	17667	it	O
1581	17668	in	O
1581	17669	stores	O
1581	17670	.	O
1582	17671	KY	LOCATION
1582	17672	ships	O
1582	17673	next	O
1582	17674	week	O
1582	17675	!	O
1583	17676	I	O
1583	17677	've	O
1583	17678	just	O
1583	17679	watched	O
1583	17680	first	O
1583	17681	four	O
1583	17682	episodes	O
1583	17683	of	O
1583	17684	K-On	MISC
1583	17685	for	O
1583	17686	the	O
1583	17687	first	O
1583	17688	time	O
1583	17689	!	O
1584	17690	3	O
1584	17691	National	O
1584	17692	forget	O
1584	17693	the	O
1584	17694	he	O
1584	17695	say	O
1584	17696	she	O
1584	17697	say	O
1584	17698	...	O
1585	17699	what	O
1585	17700	do	O
1585	17701	God	PERSON
1585	17702	say	O
1585	17703	day	O
1585	17704	It	O
1585	17705	's	O
1585	17706	too	O
1585	17707	long	O
1585	17708	,	O
1585	17709	and	O
1585	17710	it	O
1585	17711	just	O
1585	17712	...	O
1586	17713	I	O
1586	17714	do	O
1586	17715	n't	O
1586	17716	know	O
1586	17717	,	O
1586	17718	it	O
1586	17719	sounds	O
1586	17720	cliche	O
1586	17721	.	O
1587	17722	And	O
1587	17723	dumb	O
1587	17724	.	O
1588	17725	My	O
1588	17726	sister	O
1588	17727	wants	O
1588	17728	to	O
1588	17729	cry	O
1588	17730	she	O
1588	17731	hates	O
1588	17732	it	O
1588	17733	so	O
1588	17734	much	O
1588	17735	.	O
1589	17736	im	O
1589	17737	doin	O
1589	17738	good	O
1589	17739	,	O
1589	17740	just	O
1589	17741	maxin	O
1589	17742	relaxin	O
1589	17743	on	O
1589	17744	my	O
1589	17745	day	O
1589	17746	off	O
1589	17747	...	O
1590	17748	i	O
1590	17749	have	O
1590	17750	a	O
1590	17751	4	O
1590	17752	day	O
1590	17753	stetch	O
1590	17754	startin	O
1590	17755	tomorrow	O
1590	17756	.	O
1591	17757	I	O
1591	17758	've	O
1591	17759	had	O
1591	17760	one	O
1591	17761	before	O
1591	17762	,	O
1591	17763	but	O
1591	17764	it	O
1591	17765	was	O
1591	17766	a	O
1591	17767	short	O
1591	17768	experience	O
1591	17769	double	O
1591	17770	entendre	O
1591	17771	intended	O
1591	17772	.	O
1592	17773	the	O
1592	17774	day	O
1592	17775	you	O
1592	17776	go	O
1592	17777	shirtless	O
1592	17778	in	O
1592	17779	school	O
1592	17780	is	O
1592	17781	the	O
1592	17782	day	O
1592	17783	I	O
1592	17784	give	O
1592	17785	birth	O
1592	17786	to	O
1592	17787	a	O
1592	17788	pig	O
1592	17789	RT	O
1592	17790	Yo	O
1592	17791	,	O
1592	17792	artists	O
1592	17793	!	O
1593	17794	ASU	LOCATION
1593	17795	Step	LOCATION
1593	17796	Gallery	LOCATION
1593	17797	wants	O
1593	17798	your	O
1593	17799	socially	O
1593	17800	relevant	O
1593	17801	comic	O
1593	17802	book	O
1593	17803	cover	O
1593	17804	designs	O
1593	17805	for	O
1593	17806	a	O
1593	17807	Nov	O
1593	17808	.	O
1594	17809	show	O
1594	17810	Ugh	O
1594	17811	I	O
1594	17812	DO	O
1594	17813	N'T	O
1594	17814	HAVE	O
1594	17815	MY	O
1594	17816	EARPHONES	O
1594	17817	I	O
1594	17818	GUESS	O
1594	17819	I	O
1594	17820	WO	O
1594	17821	N'T	O
1594	17822	B	O
1594	17823	TALKING	O
1594	17824	AND	O
1594	17825	DRIVING	O
1594	17826	TODAY	O
1594	17827	LOL	O
1594	17828	....	O
1595	17829	Excuses	O
1595	17830	Excuses	O
1595	17831	Excuses	O
1595	17832	SMH	O
1595	17833	There	O
1595	17834	was	O
1595	17835	just	O
1595	17836	a	O
1595	17837	fire	O
1595	17838	at	O
1595	17839	work	O
1595	17840	.	O
1596	17841	Today	O
1596	17842	is	O
1596	17843	looking	O
1596	17844	up	O
1596	17845	.	O
1597	17846	I	O
1597	17847	have	O
1597	17848	n't	O
1597	17849	tried	O
1597	17850	MAC	ORGANIZATION
1597	17851	.	O
1598	17852	Next	O
1598	17853	time	O
1598	17854	!	O
1599	17855	and	O
1599	17856	as	O
1599	17857	if	O
1599	17858	I	O
1599	17859	was	O
1599	17860	n't	O
1599	17861	obsessed	O
1599	17862	with	O
1599	17863	AFL	O
1599	17864	already	O
1599	17865	,	O
1599	17866	after	O
1599	17867	Sunday	O
1599	17868	I	O
1599	17869	've	O
1599	17870	gotten	O
1599	17871	even	O
1599	17872	more	O
1599	17873	so	O
1599	17874	!!	O
1600	17875	I	O
1600	17876	'm	O
1600	17877	so	O
1600	17878	obsessed	O
1600	17879	with	O
1600	17880	his	O
1600	17881	sexiness	O
1600	17882	!!!!	O
1601	17883	Kid	PERSON
1601	17884	Cudi	PERSON
1601	17885	Opens	O
1601	17886	Up	O
1601	17887	About	O
1601	17888	Cocaine	O
1601	17889	Use	O
1601	17890	,	O
1601	17891	Failed	O
1601	17892	Lady	O
1601	17893	Gaga	O
1601	17894	Tour	O
1601	17895	by	O
1601	17896	Mariel	PERSON
1601	17897	Concepcion	PERSON
1601	17898	,	O
1601	17899	NY	LOCATION
1601	17900	|	O
1601	17901	September	O
1601	17902	1	O
1601	17903	...	O
1602	17904	Jst	O
1602	17905	lock	O
1602	17906	her	O
1602	17907	outside	O
1602	17908	4	O
1602	17909	d	O
1602	17910	nite	O
1602	17911	.	O
1603	17912	It	O
1603	17913	workz	O
1603	17914	al	O
1603	17915	d	O
1603	17916	time	O
1603	17917	:-D	O
1604	17918	I	O
1604	17919	position	O
1604	17920	to	O
1604	17921	Manchester	LOCATION
1604	17922	tomorrow	O
1604	17923	on	O
1604	17924	BA	O
1604	17925	2910	O
1604	17926	and	O
1604	17927	fly	O
1604	17928	to	O
1604	17929	Barbados	LOCATION
1604	17930	on	O
1604	17931	Sunday	O
1604	17932	I	O
1604	17933	was	O
1604	17934	15	O
1604	17935	minutes	O
1604	17936	late	O
1604	17937	yesterday	O
1604	17938	so	O
1604	17939	I	O
1604	17940	left	O
1604	17941	20	O
1604	17942	min	O
1604	17943	earlier	O
1604	17944	today	O
1604	17945	.	O
1605	17946	I	O
1605	17947	will	O
1605	17948	be	O
1605	17949	20	O
1605	17950	minutes	O
1605	17951	late	O
1605	17952	today	O
1605	17953	.	O
1606	17954	call	O
1606	17955	me	O
1606	17956	when	O
1606	17957	u	O
1606	17958	go	O
1606	17959	out	O
1606	17960	to	O
1606	17961	practice	O
1606	17962	Was	O
1606	17963	hard	O
1606	17964	work	O
1606	17965	going	O
1606	17966	to	O
1606	17967	the	O
1606	17968	gym	O
1606	17969	on	O
1606	17970	my	O
1606	17971	own	O
1606	17972	tonight	O
1606	17973	but	O
1606	17974	managed	O
1606	17975	a	O
1606	17976	30	O
1606	17977	min	O
1606	17978	run	O
1606	17979	and	O
1606	17980	plenty	O
1606	17981	of	O
1606	17982	weights	O
1606	17983	.	O
1607	17984	Catching	O
1607	17985	up	O
1607	17986	on	O
1607	17987	ufc	ORGANIZATION
1607	17988	now	O
1607	17989	RT	O
1607	17990	Sagittarius	O
1607	17991	is	O
1607	17992	turned	O
1607	17993	off	O
1607	17994	when	O
1607	17995	you	O
1607	17996	play	O
1607	17997	hard	O
1607	17998	to	O
1607	17999	get	O
1607	18000	.	O
1608	18001	They	O
1608	18002	want	O
1608	18003	it	O
1608	18004	now	O
1608	18005	.	O
1609	18006	RT	O
1609	18007	Happy	O
1609	18008	birthday	O
1609	18009	!	O
1610	18010	have	O
1610	18011	fun	O
1610	18012	in	O
1610	18013	vancouver	LOCATION
1610	18014	tonight	O
1610	18015	!	O
1611	18016	I	O
1611	18017	swear	O
1611	18018	that	O
1611	18019	i`ll	O
1611	18020	hold	O
1611	18021	on	O
1611	18022	to	O
1611	18023	that	O
1611	18024	promise	O
1611	18025	i	O
1611	18026	made	O
1611	18027	on	O
1611	18028	the	O
1611	18029	17	O
1611	18030	of	O
1611	18031	March	O
1611	18032	2010	O
1611	18033	.	O
1612	18034	Engadget	ORGANIZATION
1612	18035	Sky	ORGANIZATION
1612	18036	3D	ORGANIZATION
1612	18037	enlists	O
1612	18038	Stephen	PERSON
1612	18039	Fry	PERSON
1612	18040	to	O
1612	18041	explain	O
1612	18042	the	O
1612	18043	technology	O
1612	18044	ahead	O
1612	18045	of	O
1612	18046	its	O
1612	18047	October	O
1612	18048	1	O
1612	18049	launch	O
1612	18050	video	O
1612	18051	With	O
1612	18052	the	O
1612	18053	of	O
1612	18054	...	O
1613	18055	...	O
1614	18056	if	O
1614	18057	I	O
1614	18058	didnt	O
1614	18059	have	O
1614	18060	to	O
1614	18061	worry	O
1614	18062	about	O
1614	18063	$	O
1614	18064	I'd	O
1614	18065	move	O
1614	18066	to	O
1614	18067	VT	LOCATION
1614	18068	and	O
1614	18069	buy	O
1614	18070	some	O
1614	18071	hogs	O
1614	18072	and	O
1614	18073	spend	O
1614	18074	my	O
1614	18075	days	O
1614	18076	dropping	O
1614	18077	LSD	O
1614	18078	and	O
1614	18079	taking	O
1614	18080	long	O
1614	18081	walks	O
1614	18082	in	O
1614	18083	gucci	ORGANIZATION
1614	18084	shoes	O
1614	18085	...	O
1615	18086	Relieved	O
1615	18087	that	O
1615	18088	the	O
1615	18089	first	O
1615	18090	full	O
1615	18091	week	O
1615	18092	of	O
1615	18093	school	O
1615	18094	is	O
1615	18095	over	O
1615	18096	!	O
1616	18097	So	O
1616	18098	happy	O
1616	18099	I	O
1616	18100	can	O
1616	18101	sleep	O
1616	18102	in	O
1616	18103	tomorrow	O
1616	18104	!	O
1617	18105	RT	O
1617	18106	RT	O
1617	18107	Each	O
1617	18108	time	O
1617	18109	you	O
1617	18110	RT	O
1617	18111	this	O
1617	18112	&	O
1617	18113	include	O
1617	18114	,	O
1617	18115	we'll	O
1617	18116	donate	O
1617	18117	a	O
1617	18118	meal	O
1617	18119	to	O
1617	18120	Give	O
1617	18121	us	O
1617	18122	a	O
1617	18123	...	O
1618	18124	night	O
1618	18125	:)	O
1619	18126	I'll	O
1619	18127	have	O
1619	18128	more	O
1619	18129	for	O
1619	18130	you	O
1619	18131	to	O
1619	18132	dream	O
1619	18133	tomorrow	O
1619	18134	I'm	O
1619	18135	in	O
1619	18136	tha	O
1619	18137	mood	O
1619	18138	for	O
1619	18139	writing	O
1619	18140	;)	O
1620	18141	If	O
1620	18142	you	O
1620	18143	can	O
1620	18144	smile	O
1620	18145	when	O
1620	18146	things	O
1620	18147	go	O
1620	18148	wrong	O
1620	18149	,	O
1620	18150	you	O
1620	18151	have	O
1620	18152	someone	O
1620	18153	in	O
1620	18154	mind	O
1620	18155	to	O
1620	18156	blame	O
1620	18157	.	O
1621	18158	I	O
1621	18159	hope	O
1621	18160	you	O
1621	18161	will	O
1621	18162	have	O
1621	18163	a	O
1621	18164	blessed	O
1621	18165	and	O
1621	18166	nice	O
1621	18167	time	O
1621	18168	off	O
1621	18169	this	O
1621	18170	weekend	O
1621	18171	.	O
1622	18172	Love	O
1622	18173	your	O
1622	18174	children	O
1622	18175	,	O
1622	18176	love	O
1622	18177	your	O
1622	18178	pets	O
1622	18179	and	O
1622	18180	enjoy	O
1622	18181	all	O
1622	18182	the	O
1622	18183	goodness	O
1622	18184	in	O
1622	18185	your	O
1622	18186	life	O
1622	18187	.	O
1623	18188	Shooting	O
1623	18189	sunset	O
1623	18190	in	O
1623	18191	,	O
1623	18192	time-lapse	O
1623	18193	5	O
1623	18194	sec	O
1623	18195	.	O
1624	18196	Intervals	O
1624	18197	from	O
1624	18198	Champlain	LOCATION
1624	18199	campus	LOCATION
1624	18200	.	O
1625	18201	Pretty	O
1625	18202	.	O
1626	18203	It	O
1626	18204	sucks	O
1626	18205	when	O
1626	18206	you	O
1626	18207	eat	O
1626	18208	old	O
1626	18209	cookies	O
1626	18210	for	O
1626	18211	lunch	O
1626	18212	and	O
1626	18213	they	O
1626	18214	make	O
1626	18215	you	O
1626	18216	feel	O
1626	18217	barfy	O
1626	18218	.	O
1627	18219	Aw	O
1627	18220	ur	O
1627	18221	cute	O
1627	18222	when	O
1627	18223	u	O
1627	18224	get	O
1627	18225	mad	O
1627	18226	ur	O
1627	18227	songs	O
1627	18228	r	O
1627	18229	Killing	O
1627	18230	me	O
1627	18231	I	O
1627	18232	just	O
1627	18233	Love	O
1627	18234	Ur	O
1627	18235	Voice	O
1627	18236	!	O
1628	18237	even	O
1628	18238	my	O
1628	18239	bros	O
1628	18240	do	O
1628	18241	which	O
1628	18242	is	O
1628	18243	weird	O
1628	18244	they	O
1628	18245	don't	O
1628	18246	like	O
1628	18247	my	O
1628	18248	stuff	O
1628	18249	Tomorrow	O
1628	18250	-	O
1628	18251	London	LOCATION
1628	18252	-	O
1628	18253	Hyde	LOCATION
1628	18254	Park	LOCATION
1628	18255	Corner	LOCATION
1628	18256	-	O
1628	18257	1.30	O
1629	18258	pm	O
1629	18259	.	O
1630	18260	If	O
1630	18261	you	O
1630	18262	cannot	O
1630	18263	be	O
1630	18264	there	O
1630	18265	-	O
1630	18266	send	O
1630	18267	out	O
1630	18268	supportive	O
1630	18269	thought	O
1630	18270	waves	O
1630	18271	!	O
1631	18272	no	O
1631	18273	you're	O
1631	18274	the	O
1631	18275	jerk-o	O
1631	18276	for	O
1631	18277	lying	O
1631	18278	.	O
1632	18279	Plus	O
1632	18280	I	O
1632	18281	had	O
1632	18282	just	O
1632	18283	decided	O
1632	18284	like	O
1632	18285	10	O
1632	18286	mins	O
1632	18287	before	O
1632	18288	then	O
1632	18289	that	O
1632	18290	I	O
1632	18291	wasn't	O
1632	18292	coming	O
1632	18293	Yahoo	ORGANIZATION
1632	18294	Jackie	PERSON
1632	18295	joins	O
1632	18296	Twitter	ORGANIZATION
1632	18297	50	O
1632	18298	years	O
1632	18299	after	O
1632	18300	JFK	PERSON
1632	18301	campaign	O
1632	18302	Had	O
1632	18303	Twitter	ORGANIZATION
1632	18304	been	O
1632	18305	an	O
1632	18306	option	O
1632	18307	in	O
1632	18308	1960	O
1632	18309	,	O
1632	18310	a	O
1632	18311	pregnant	O
1632	18312	Jacquelin	PERSON
1632	18313	...	O
1633	18314	Quit	O
1633	18315	messing	O
1633	18316	with	O
1633	18317	ut	O
1633	18318	...	O
1634	18319	every	O
1634	18320	time	O
1634	18321	you	O
1634	18322	take	O
1634	18323	the	O
1634	18324	cotton	O
1634	18325	out	O
1634	18326	you	O
1634	18327	break	O
1634	18328	the	O
1634	18329	clots	O
1634	18330	keeping	O
1634	18331	it	O
1634	18332	from	O
1634	18333	bleeding	O
1634	18334	goober	O
1634	18335	head	O
1634	18336	!	O
1635	18337	mhm	O
1635	18338	fo	O
1635	18339	sho	O
1635	18340	!	O
1636	18341	i	O
1636	18342	like	O
1636	18343	being	O
1636	18344	able	O
1636	18345	to	O
1636	18346	walk	O
1636	18347	over	O
1636	18348	when	O
1636	18349	im	O
1636	18350	bored	O
1636	18351	ha	O
1636	18352	RT	O
1636	18353	When	O
1636	18354	Justin	PERSON
1636	18355	gets	O
1636	18356	a	O
1636	18357	girlfriend	O
1636	18358	That	O
1636	18359	Should	O
1636	18360	Be	O
1636	18361	Me	O
1636	18362	is	O
1636	18363	gonna	O
1636	18364	be	O
1636	18365	on	O
1636	18366	iTunes	MISC
1636	18367	.	O
1637	18368	15	O
1637	18369	million	O
1637	18370	children	O
1637	18371	die	O
1637	18372	of	O
1637	18373	hunger	O
1637	18374	every	O
1637	18375	year	O
1637	18376	.	O
1638	18377	Heed	O
1638	18378	the	O
1638	18379	call	O
1638	18380	to	O
1638	18381	end	O
1638	18382	via	O
1638	18383	When	O
1638	18384	glass	O
1638	18385	breaks	O
1638	18386	,	O
1638	18387	the	O
1638	18388	cracks	O
1638	18389	move	O
1638	18390	faster	O
1638	18391	than	O
1638	18392	3,000	O
1638	18393	miles	O
1638	18394	per	O
1638	18395	hour	O
1638	18396	.	O
1639	18397	To	O
1639	18398	photograph	O
1639	18399	it	O
1639	18400	,	O
1639	18401	a	O
1639	18402	camera	O
1639	18403	must	O
1639	18404	shoot	O
1639	18405	at	O
1639	18406	a	O
1639	18407	millionth	O
1639	18408	of	O
1639	18409	a	O
1639	18410	second	O
1639	18411	!	O
1640	18412	When	O
1640	18413	the	O
1640	18414	last	O
1640	18415	time	O
1640	18416	you	O
1640	18417	ran	O
1640	18418	into	O
1640	18419	Rick	PERSON
1640	18420	Ross	PERSON
1640	18421	and	O
1640	18422	Drake	PERSON
1640	18423	twice	O
1640	18424	in	O
1640	18425	the	O
1640	18426	same	O
1640	18427	day	O
1640	18428	at	O
1640	18429	2	O
1640	18430	diff	O
1640	18431	video	O
1640	18432	shoot	O
1640	18433	locations	O
1640	18434	.	O
1641	18435	Today	O
1641	18436	I	O
1641	18437	did	O
1641	18438	!	O
1642	18439	Imma	O
1642	18440	get	O
1642	18441	your	O
1642	18442	heart	O
1642	18443	racing	O
1642	18444	in	O
1642	18445	my	O
1642	18446	skin-tight	O
1642	18447	jeans	O
1642	18448	be	O
1642	18449	your	O
1642	18450	teenage	O
1642	18451	dream	O
1642	18452	tonight	O
1642	18453	....	O
1643	18454	RT	O
1643	18455	I	O
1643	18456	noticed	O
1643	18457	a	O
1643	18458	Ryu	O
1643	18459	shaped	O
1643	18460	hole	O
1643	18461	in	O
1643	18462	the	O
1643	18463	show	O
1643	18464	...	O
1644	18465	;)	O
1645	18466	Def	O
1645	18467	tune	O
1645	18468	in	O
1645	18469	next	O
1645	18470	week	O
1645	18471	if	O
1645	18472	u	O
1645	18473	can	O
1645	18474	.	O
1646	18475	XX	O
1646	18476	PLANO	MISC
1646	18477	BALLOON	MISC
1646	18478	FESTIVAL	MISC
1646	18479	2010	MISC
1646	18480	TO	O
1646	18481	START	O
1646	18482	TODAY	O
1646	18483	The	MISC
1646	18484	31st	MISC
1646	18485	annual	MISC
1646	18486	Plano	MISC
1646	18487	Balloon	MISC
1646	18488	Festival	MISC
1646	18489	,	O
1646	18490	Plano	MISC
1646	18491	Balloon	MISC
1646	18492	Festival	MISC
1646	18493	2	O
1646	18494	...	O
1647	18495	i'll	O
1647	18496	miss	O
1647	18497	yooouuu	O
1647	18498	my	O
1647	18499	aunty	O
1647	18500	tersayangg	O
1647	18501	....	O
1648	18502	See	O
1648	18503	U	O
1648	18504	next	O
1648	18505	Time	O
1648	18506	yah	O
1648	18507	...	O
1649	18508	Mmuah	O
1649	18509	*	O
1649	18510	HPU	O
1649	18511	pau	O
1649	18512	for	O
1649	18513	the	O
1649	18514	day	O
1649	18515	!	O
1650	18516	Happy	O
1650	18517	Aloha	O
1650	18518	Friday	O
1650	18519	!!!	O
1651	18520	My	O
1651	18521	horrible	O
1651	18522	doctor	O
1651	18523	was	O
1651	18524	featured	O
1651	18525	on	O
1651	18526	Oh	MISC
1651	18527	Canada	MISC
1651	18528	Team	MISC
1651	18529	's	O
1651	18530	blog	O
1651	18531	will	O
1651	18532	send	O
1651	18533	again	O
1651	18534	tomorrow	O
1651	18535	honey	O
1651	18536	too	O
1651	18537	RT	O
1651	18538	I	O
1651	18539	enjoy	O
1651	18540	reading	O
1651	18541	,	O
1651	18542	because	O
1651	18543	I	O
1651	18544	can	O
1651	18545	visit	O
1651	18546	different	O
1651	18547	places/time	O
1651	18548	periods	O
1651	18549	,	O
1651	18550	and	O
1651	18551	I	O
1651	18552	always	O
1651	18553	learn	O
1651	18554	something	O
1651	18555	from	O
1651	18556	it	O
1651	18557	.	O
1652	18558	what	O
1652	18559	we	O
1652	18560	on	O
1652	18561	tonight	O
1652	18562	friend	O
1652	18563	And	O
1652	18564	we	O
1652	18565	had	O
1652	18566	some	O
1652	18567	amazing	O
1652	18568	dessert	O
1652	18569	wines	O
1652	18570	too	O
1652	18571	!	O
1653	18572	First	O
1653	18573	time	O
1653	18574	I've	O
1653	18575	tried	O
1653	18576	that	O
1653	18577	,	O
1653	18578	but	O
1653	18579	now	O
1653	18580	a	O
1653	18581	convert	O
1653	18582	.	O
1654	18583	Will	O
1654	18584	have	O
1654	18585	to	O
1654	18586	add	O
1654	18587	wine	O
1654	18588	to	O
1654	18589	dessert	O
1654	18590	from	O
1654	18591	now	O
1654	18592	on	O
1654	18593	!	O
1655	18594	Yum	O
1655	18595	!	O
1656	18596	This	O
1656	18597	week	O
1656	18598	I	O
1656	18599	have	O
1656	18600	peed	O
1656	18601	a	O
1656	18602	lot	O
1656	18603	and	O
1656	18604	have	O
1656	18605	eaten	O
1656	18606	very	O
1656	18607	well	O
1656	18608	.	O
1657	18609	Weekend	O
1657	18610	,	O
1657	18611	please	O
1657	18612	don't	O
1657	18613	kill	O
1657	18614	me	O
1657	18615	.	O
1658	18616	i	O
1658	18617	have	O
1658	18618	a	O
1658	18619	feeling	O
1658	18620	that	O
1658	18621	this	O
1658	18622	weekend	O
1658	18623	will	O
1658	18624	be	O
1658	18625	amazing	O
1658	18626	...	O
1659	18627	or	O
1659	18628	at	O
1659	18629	least	O
1659	18630	tonight	O
1659	18631	will	O
1659	18632	be	O
1659	18633	.	O
1660	18634	RT	O
1660	18635	When	O
1660	18636	Justin	PERSON
1660	18637	gets	O
1660	18638	a	O
1660	18639	girlfriend	O
1660	18640	...	O
1661	18641	its	O
1661	18642	going	O
1661	18643	to	O
1661	18644	be	O
1661	18645	World	MISC
1661	18646	War	MISC
1661	18647	3	MISC
1661	18648	!!!!!!	O
1662	18649	i	O
1662	18650	know	O
1662	18651	that	O
1662	18652	today	O
1662	18653	is	O
1662	18654	follow	O
1662	18655	friday	O
1662	18656	.	O
1663	18657	so	O
1663	18658	im	O
1663	18659	guessing	O
1663	18660	thats	O
1663	18661	what	O
1663	18662	i	O
1663	18663	means	O
1663	18664	.	O
1664	18665	but	O
1664	18666	im	O
1664	18667	not	O
1664	18668	suree	O
1664	18669	lmaoo	O
1664	18670	Copa	MISC
1664	18671	Sudamericana	MISC
1664	18672	Thursday	O
1664	18673	Round-Up	O
1664	18674	-	O
1664	18675	RT	O
1664	18676	A	O
1664	18677	gentleman	O
1664	18678	would	O
1664	18679	never	O
1664	18680	get	O
1664	18681	his	O
1664	18682	lipstick	O
1664	18683	on	O
1664	18684	a	O
1664	18685	lady	O
1664	18686	's	O
1664	18687	hand	O
1664	18688	when	O
1664	18689	kissing	O
1664	18690	it	O
1664	18691	!	O
1665	18692	It	O
1665	18693	's	O
1665	18694	been	O
1665	18695	ages	O
1665	18696	!!	O
1666	18697	How	O
1666	18698	are	O
1666	18699	you	O
1666	18700	?	O
1667	18701	We've	O
1667	18702	been	O
1667	18703	doing	O
1667	18704	non-Twitter	O
1667	18705	stuff	O
1667	18706	for	O
1667	18707	a	O
1667	18708	while	O
1667	18709	,	O
1667	18710	but	O
1667	18711	now	O
1667	18712	have	O
1667	18713	time	O
1667	18714	for	O
1667	18715	yapping	O
1667	18716	again	O
1667	18717	!	O
1668	18718	HUrrah	O
1668	18719	!!	O
1669	18720	Driving	O
1669	18721	,	O
1669	18722	driving	O
1669	18723	,	O
1669	18724	driving	O
1669	18725	away	O
1669	18726	to	O
1669	18727	Phil	LOCATION
1669	18728	.	O
1670	18729	Tasty	O
1670	18730	dinner	O
1670	18731	tonight	O
1670	18732	with	O
1670	18733	the	O
1670	18734	Society	MISC
1670	18735	of	MISC
1670	18736	Mining	MISC
1670	18737	and	MISC
1670	18738	Metallurgy	MISC
1670	18739	Engineers	MISC
1670	18740	.	O
1671	18741	This	O
1671	18742	.	O
1672	18743	RT	O
1672	18744	RT	O
1672	18745	Twitter	ORGANIZATION
1672	18746	is	O
1672	18747	going	O
1672	18748	to	O
1672	18749	be	O
1672	18750	less	O
1672	18751	fun	O
1672	18752	tonight	O
1672	18753	without	O
1672	18754	the	O
1672	18755	snarky	O
1672	18756	Joos	O
1672	18757	.	O
1673	18758	Aw	O
1673	18759	!!	O
1674	18760	TOP	O
1674	18761	EVENT	O
1674	18762	-	O
1674	18763	And	O
1674	18764	tomorrow	O
1674	18765	the	O
1674	18766	Event	O
1674	18767	goes	O
1674	18768	down	O
1674	18769	-	O
1674	18770	open	O
1674	18771	to	O
1674	18772	pros	O
1674	18773	,	O
1674	18774	home	O
1674	18775	baristas	O
1674	18776	,	O
1674	18777	c	O
1674	18778	...	O
1675	18779	via	O
1675	18780	but	O
1675	18781	hey	O
1675	18782	..	O
1676	18783	its	O
1676	18784	all	O
1676	18785	good	O
1676	18786	.	O
1677	18787	i	O
1677	18788	like	O
1677	18789	him	O
1677	18790	haha	O
1677	18791	&omg	O
1677	18792	jason	O
1677	18793	kept	O
1677	18794	touching	O
1677	18795	me	O
1677	18796	today	O
1677	18797	D	O
1677	18798	;	O
1677	18799	i	O
1677	18800	was	O
1677	18801	like	O
1677	18802	man	O
1677	18803	stop	O
1677	18804	touching	O
1677	18805	O	O
1677	18806	When	O
1677	18807	r	O
1677	18808	u	O
1677	18809	gona	O
1677	18810	realise	O
1677	18811	we	O
1677	18812	dont	O
1677	18813	want	O
1677	18814	u	O
1677	18815	on	O
1677	18816	our	O
1677	18817	tvs	O
1677	18818	??	O
1678	18819	To	O
1678	18820	prove	O
1678	18821	my	O
1678	18822	point	O
1678	18823	enter	O
1678	18824	ur	O
1678	18825	name	O
1678	18826	into	O
1678	18827	search	O
1678	18828	..	O
1679	18829	Uve	O
1679	18830	had	O
1679	18831	ur	O
1679	18832	15mins	O
1679	18833	!	O
1680	18834	I	O
1680	18835	liked	O
1680	18836	a	O
1680	18837	YouTube	ORGANIZATION
1680	18838	video	O
1680	18839	Testing	MISC
1680	18840	Tomorrow	MISC
1680	18841	I	O
1680	18842	love	O
1680	18843	to	O
1680	18844	see	O
1680	18845	a	O
1680	18846	child	O
1680	18847	's	O
1680	18848	face	O
1680	18849	when	O
1680	18850	they	O
1680	18851	think	O
1680	18852	of	O
1680	18853	the	O
1680	18854	fairies	O
1680	18855	.	O
1681	18856	Like	O
1681	18857	a	O
1681	18858	fairy	O
1681	18859	their	O
1681	18860	little	O
1681	18861	faces	O
1681	18862	light	O
1681	18863	up	O
1681	18864	:)	O
1682	18865	The	O
1682	18866	forced	O
1682	18867	ads	O
1682	18868	in	O
1682	18869	ngmoco	ORGANIZATION
1682	18870	games	O
1682	18871	are	O
1682	18872	outstandingly	O
1682	18873	annoying	O
1682	18874	!	O
1683	18875	Looks	O
1683	18876	like	O
1683	18877	it	O
1683	18878	's	O
1683	18879	time	O
1683	18880	to	O
1683	18881	delete	O
1683	18882	all	O
1683	18883	their	O
1683	18884	apps	O
1683	18885	from	O
1683	18886	my	O
1683	18887	iOS	MISC
1683	18888	devices	O
1683	18889	!	O
1684	18890	RT	O
1684	18891	Day	O
1684	18892	6	O
1684	18893	Win	O
1684	18894	1	O
1684	18895	of	O
1684	18896	10	O
1684	18897	iPads	O
1684	18898	from	O
1684	18899	-	O
1684	18900	RT	O
1684	18901	to	O
1684	18902	enter	O
1684	18903	or	O
1684	18904	read	O
1684	18905	more	O
1684	18906	RT	O
1684	18907	What	O
1684	18908	a	O
1684	18909	day	O
1684	18910	in	O
1684	18911	!	O
1685	18912	Watch	O
1685	18913	at	O
1685	18914	6	O
1685	18915	for	O
1685	18916	details	O
1685	18917	on	O
1685	18918	the	O
1685	18919	latest	O
1685	18920	growhouse	O
1685	18921	bust	O
1685	18922	and	O
1685	18923	the	O
1685	18924	county	O
1685	18925	's	O
1685	18926	first-ever	O
1685	18927	West	O
1685	18928	Nile	O
1685	18929	d	O
1685	18930	...	O
1686	18931	I	O
1686	18932	played	O
1686	18933	this	O
1686	18934	out	O
1686	18935	not	O
1686	18936	too	O
1686	18937	long	O
1686	18938	ago	O
1686	18939	lol	O
1686	18940	-	O
1686	18941	I	O
1686	18942	really	O
1686	18943	do	O
1686	18944	like	O
1686	18945	it	O
1686	18946	even	O
1686	18947	though	O
1686	18948	it	O
1686	18949	's	O
1686	18950	utter	O
1686	18951	shit	O
1686	18952	.	O
1687	18953	You	O
1687	18954	may	O
1687	18955	have	O
1687	18956	given	O
1687	18957	up	O
1687	18958	on	O
1687	18959	me	O
1687	18960	,	O
1687	18961	but	O
1687	18962	I'm	O
1687	18963	not	O
1687	18964	given	O
1687	18965	up	O
1687	18966	on	O
1687	18967	you	O
1687	18968	"."""	O
1688	18969	-The	O
1688	18970	Boy	O
1688	18971	You	O
1688	18972	Use	O
1688	18973	To	O
1688	18974	Love	O
1688	18975	Artful	O
1688	18976	Pumpkins	O
1688	18977	Ladies	O
1688	18978	Long	O
1688	18979	Sleeve	O
1688	18980	Artful	O
1688	18981	Pumpkins	O
1688	18982	Ladies	O
1688	18983	Long	O
1688	18984	Sleeve	O
1688	18985	.	O
1689	18986	Altered	O
1689	18987	vintage	O
1689	18988	design	O
1689	18989	.	O
1690	18990	Backgroun	O
1690	18991	...	O
1691	18992	June	MISC
1691	18993	Fest	MISC
1691	18994	2010	MISC
1691	18995	~	O
1691	18996	Forgotten	LOCATION
1691	18997	Door	LOCATION
1691	18998	LIVE	O
1691	18999	!	O
1692	19000	When	O
1692	19001	U	O
1692	19002	dig	O
1692	19003	grave	O
1692	19004	always	O
1692	19005	dig	O
1692	19006	2	O
1692	19007	.	O
1693	19008	Like	O
1693	19009	he	O
1693	19010	wanted	O
1693	19011	to	O
1693	19012	diminish	O
1693	19013	Brady	PERSON
1693	19014	&	O
1693	19015	end	O
1693	19016	up	O
1693	19017	doing	O
1693	19018	that	O
1693	19019	to	O
1693	19020	himself	O
1693	19021	True	O
1693	19022	....	O
1694	19023	Dat	O
1694	19024	I'm	O
1694	19025	tired	O
1694	19026	after	O
1694	19027	school	O
1694	19028	today	O
1694	19029	!	O
1695	19030	smell	O
1695	19031	.	O
1696	19032	the	O
1696	19033	lack	O
1696	19034	of	O
1696	19035	could	O
1696	19036	only	O
1696	19037	help	O
1696	19038	when	O
1696	19039	forced	O
1696	19040	to	O
1696	19041	go	O
1696	19042	cowtipping	O
1696	19043	with	O
1696	19044	ram	O
1696	19045	.	O
1697	19046	-	O
1697	19047	wins	O
1697	19048	!	O
1698	19049	your	O
1698	19050	mineral	O
1698	19051	water	O
1698	19052	is	O
1698	19053	in	O
1698	19054	the	O
1698	19055	mail	O
1698	19056	.	O
1699	19057	four	O
1699	19058	months	O
1699	19059	3	O
1699	19060	Rain	O
1699	19061	rain	O
1699	19062	go	O
1699	19063	away	O
1699	19064	come	O
1699	19065	back	O
1699	19066	when	O
1699	19067	it	O
1699	19068	's	O
1699	19069	not	O
1699	19070	my	O
1699	19071	dads	O
1699	19072	birthday	O
1699	19073	.	O
1700	19074	When	O
1700	19075	you	O
1700	19076	smile	O
1700	19077	I	O
1700	19078	smile	O
1700	19079	...	O
1701	19080	seriously	O
1701	19081	I	O
1701	19082	do	O
1701	19083	!!!!	O
1702	19084	to	O
1702	19085	be	O
1702	19086	fair	O
1702	19087	though	O
1702	19088	it	O
1702	19089	's	O
1702	19090	roughly	O
1702	19091	the	O
1702	19092	millionth	O
1702	19093	time	O
1702	19094	he	O
1702	19095	's	O
1702	19096	played	O
1702	19097	Tony	PERSON
1702	19098	Blair	PERSON
1702	19099	.	O
1703	19100	Did	O
1703	19101	you	O
1703	19102	get	O
1703	19103	heavy	O
1703	19104	rains	O
1703	19105	up	O
1703	19106	there	O
1703	19107	yesterday	O
1703	19108	?	O
1704	19109	Sweet	O
1704	19110	!	O
1705	19111	RT	O
1705	19112	Here	O
1705	19113	's	O
1705	19114	the	O
1705	19115	London	MISC
1705	19116	Fashion	MISC
1705	19117	Week	MISC
1705	19118	schedule	O
1705	19119	RT	O
1705	19120	Pope	PERSON
1705	19121	says	O
1705	19122	atheists	O
1705	19123	pick	O
1705	19124	&	O
1705	19125	choose	O
1705	19126	their	O
1705	19127	morals	O
1705	19128	.	O
1706	19129	Correct	O
1706	19130	.	O
1707	19131	Today	O
1707	19132	I	O
1707	19133	will	O
1707	19134	be	O
1707	19135	frowning	O
1707	19136	on	O
1707	19137	child	O
1707	19138	abuse	O
1707	19139	&	O
1707	19140	not	O
1707	19141	having	O
1707	19142	a	O
1707	19143	problem	O
1707	19144	wit	O
1707	19145	...	O
1708	19146	raiders	O
1708	19147	get	O
1708	19148	there	O
1708	19149	first	O
1708	19150	win	O
1708	19151	this	O
1708	19152	sunday	O
1708	19153	WHATS	O
1708	19154	GOODIE	O
1708	19155	EVERY1	O
1708	19156	COOLIN	O
1708	19157	COOLIN	O
1708	19158	FEELIN	O
1708	19159	THE	O
1708	19160	BREEZE	O
1708	19161	MANIA	O
1708	19162	sorry	O
1708	19163	i	O
1708	19164	meant	O
1708	19165	my	O
1708	19166	dad	O
1708	19167	in	O
1708	19168	the	O
1708	19169	first	O
1708	19170	tweet	O
1708	19171	,	O
1708	19172	my	O
1708	19173	mums	O
1708	19174	been	O
1708	19175	dead	O
1708	19176	5	O
1708	19177	years	O
1708	19178	.	O
1709	19179	Great	O
1709	19180	week	O
1709	19181	for	O
1709	19182	music	O
1709	19183	with	O
1709	19184	,	O
1709	19185	UNKLE	MISC
1709	19186	&	O
1709	19187	all	O
1709	19188	putting	O
1709	19189	out	O
1709	19190	new	O
1709	19191	releases	O
1709	19192	.	O
1710	19193	Amazing	O
1710	19194	stuff	O
1710	19195	.	O
1711	19196	**Support	O
1711	19197	decent	O
1711	19198	music**	O
1711	19199	So	O
1711	19200	can	O
1711	19201	I	O
1711	19202	call	O
1711	19203	in	O
1711	19204	sick	O
1711	19205	on	O
1711	19206	my	O
1711	19207	last	O
1711	19208	day	O
1711	19209	on	O
1711	19210	the	O
1711	19211	job	O
1711	19212	so	O
1711	19213	I	O
1711	19214	can	O
1711	19215	go	O
1711	19216	out	O
1711	19217	there	O
1711	19218	and	O
1711	19219	look	O
1711	19220	at	O
1711	19221	it	O
1711	19222	?	O
1712	19223	:-)	O
1713	19224	Thank	O
1713	19225	God	O
1713	19226	it	O
1713	19227	's	O
1713	19228	finally	O
1713	19229	Friday	O
1713	19230	!	O
1714	19231	I	O
1714	19232	really	O
1714	19233	needed	O
1714	19234	this	O
1714	19235	.	O
1715	19236	:-)	O
1716	19237	Telly	O
1716	19238	was	O
1716	19239	junk	O
1716	19240	last	O
1716	19241	week	O
1716	19242	Love	O
1716	19243	me	O
1716	19244	when	O
1716	19245	I	O
1716	19246	least	O
1716	19247	deserve	O
1716	19248	it	O
1716	19249	,	O
1716	19250	because	O
1716	19251	that	O
1716	19252	's	O
1716	19253	when	O
1716	19254	I	O
1716	19255	need	O
1716	19256	it	O
1716	19257	the	O
1716	19258	most	O
1716	19259	.	O
1717	19260	I	O
1717	19261	really	O
1717	19262	feel	O
1717	19263	like	O
1717	19264	staying	O
1717	19265	up	O
1717	19266	all	O
1717	19267	night	O
1717	19268	listening	O
1717	19269	to	O
1717	19270	my	O
1717	19271	CDs	O
1717	19272	.	O
1718	19273	The	O
1718	19274	neighbours	O
1718	19275	and	O
1718	19276	my	O
1718	19277	boss	O
1718	19278	at	O
1718	19279	work	O
1718	19280	tomorrow	O
1718	19281	would	O
1718	19282	complain	O
1718	19283	,	O
1718	19284	so	O
1718	19285	no	O
1718	19286	can	O
1718	19287	do	O
1718	19288	:(	O
1719	19289	what	O
1719	19290	's	O
1719	19291	the	O
1719	19292	look	O
1719	19293	for	O
1719	19294	tonight	O
1719	19295	?	O
1720	19296	volunteering	O
1720	19297	for	O
1720	19298	the	O
1720	19299	Rotary	LOCATION
1720	19300	Club	LOCATION
1720	19301	at	O
1720	19302	the	O
1720	19303	PoMo	O
1720	19304	Terry	PERSON
1720	19305	Fox	PERSON
1720	19306	run	O
1720	19307	.	O
1721	19308	Should	O
1721	19309	be	O
1721	19310	an	O
1721	19311	excellent	O
1721	19312	time	O
1721	19313	come	O
1721	19314	down	O
1721	19315	and	O
1721	19316	check	O
1721	19317	it	O
1721	19318	out	O
1721	19319	on	O
1721	19320	Sunday	O
1721	19321	am	O
1721	19322	!	O
1722	19323	I	O
1722	19324	distinctly	O
1722	19325	remember	O
1722	19326	someone	O
1722	19327	giving	O
1722	19328	me	O
1722	19329	chocolates	O
1722	19330	last	O
1722	19331	week	O
1722	19332	.	O
1723	19333	I	O
1723	19334	don't	O
1723	19335	recall	O
1723	19336	eating	O
1723	19337	a	O
1723	19338	single	O
1723	19339	piece	O
1723	19340	.	O
1724	19341	They're	O
1724	19342	nowhere	O
1724	19343	to	O
1724	19344	be	O
1724	19345	found	O
1724	19346	of	O
1724	19347	course	O
1724	19348	.	O
1725	19349	RT	O
1725	19350	When	O
1725	19351	life	O
1725	19352	throws	O
1725	19353	u	O
1725	19354	lemons	O
1725	19355	...	O
1726	19356	Throw	O
1726	19357	them	O
1726	19358	back	O
1726	19359	..	O
1727	19360	make	O
1727	19361	lemonade	O
1727	19362	or	O
1727	19363	sorbet	O
1727	19364	?	O
1728	19365	Coach	PERSON
1728	19366	Germano	PERSON
1728	19367	,	O
1728	19368	Albin	PERSON
1728	19369	,	O
1728	19370	Haines	PERSON
1728	19371	and	O
1728	19372	Burrow	PERSON
1728	19373	each	O
1728	19374	had	O
1728	19375	home	O
1728	19376	damage	O
1728	19377	from	O
1728	19378	the	O
1728	19379	storm	O
1728	19380	yesterday	O
1728	19381	,	O
1728	19382	according	O
1728	19383	to	O
1728	19384	.	O
1729	19385	Madden	MISC
1729	19386	tonite	O
1729	19387	!!!	O
1730	19388	the	O
1730	19389	homie	O
1730	19390	going	O
1730	19391	down	O
1730	19392	!	O
1731	19393	Better	O
1731	19394	get	O
1731	19395	then	O
1731	19396	clips	O
1731	19397	ready	O
1731	19398	!	O
1732	19399	For	O
1732	19400	my	O
1732	19401	free	O
1732	19402	cut	O
1732	19403	!!	O
1733	19404	Ha	O
1733	19405	ha	O
1733	19406	exhaustingly	O
1733	19407	long	O
1733	19408	lol	O
1733	19409	:)	O
1734	19410	how	O
1734	19411	has	O
1734	19412	yours	O
1734	19413	been	O
1734	19414	?	O
1735	19415	sexy	O
1735	19416	azz	O
1735	19417	tweeted	O
1735	19418	me	O
1735	19419	but	O
1735	19420	can	O
1735	19421	i	O
1735	19422	get	O
1735	19423	a	O
1735	19424	follow	O
1735	19425	baby	O
1735	19426	???	O
1736	19427	and	O
1736	19428	i	O
1736	19429	got	O
1736	19430	you	O
1736	19431	i	O
1736	19432	will	O
1736	19433	let	O
1736	19434	my	O
1736	19435	folks	O
1736	19436	know	O
1736	19437	...	O
1737	19438	when	O
1737	19439	is	O
1737	19440	the	O
1737	19441	new	O
1737	19442	album	O
1737	19443	??	O
1738	19444	i	O
1738	19445	willget	O
1738	19446	RT	O
1738	19447	Less	O
1738	19448	than	O
1738	19449	25	O
1738	19450	followers	O
1738	19451	to	O
1738	19452	go	O
1738	19453	!	O
1739	19454	Let	O
1739	19455	's	O
1739	19456	reach	O
1739	19457	11,000	O
1739	19458	before	O
1739	19459	the	O
1739	19460	weekend	O
1739	19461	!	O
1740	19462	:)	O
1741	19463	RT	O
1741	19464	The	O
1741	19465	exact	O
1741	19466	day	O
1741	19467	that	O
1741	19468	I	O
1741	19469	wear	O
1741	19470	shorts	O
1741	19471	and	O
1741	19472	a	O
1741	19473	tee	O
1741	19474	shirt	O
1741	19475	everyone	O
1741	19476	shows	O
1741	19477	up	O
1741	19478	wearing	O
1741	19479	hoodies	O
1741	19480	and	O
1741	19481	jeans	O
1741	19482	.	O
1742	19483	-_-	O
1742	19484	hahaha	O
1742	19485	.	O
1743	19486	Nice	O
1743	19487	.	O
1744	19488	How	O
1744	19489	was	O
1744	19490	ur	O
1744	19491	day	O
1744	19492	2day	O
1744	19493	?	O
1745	19494	good	O
1745	19495	day	O
1745	19496	.	O
1746	19497	bad	O
1746	19498	day	O
1746	19499	.	O
1747	19500	good	O
1747	19501	day	O
1747	19502	?	O
1748	19503	merek	O
1748	19504	minuman	O
1748	19505	sachet	O
1748	19506	Time	O
1748	19507	to	O
1748	19508	go	O
1748	19509	,	O
1748	19510	hihi	O
1748	19511	!	O
1749	19512	Beijinhos	O
1749	19513	,	O
1749	19514	seus	O
1749	19515	viciados	O
1749	19516	*	O
1749	19517	She	O
1749	19518	Love	O
1749	19519	Me	O
1749	19520	Long	O
1749	19521	Timeeeee	O
1749	19522	RT	O
1749	19523	lol	O
1749	19524	i	O
1749	19525	see	O
1749	19526	someone	O
1749	19527	hyped	O
1749	19528	and	O
1749	19529	ready	O
1749	19530	for	O
1749	19531	tonight	O
1749	19532	every	O
1749	19533	week	O
1749	19534	.	O
1750	19535	Lets	O
1750	19536	get	O
1750	19537	it	O
1750	19538	!	O
1751	19539	That	O
1751	19540	's	O
1751	19541	nothing	O
1751	19542	compared	O
1751	19543	to	O
1751	19544	the	O
1751	19545	LaserDiscs	O
1751	19546	I	O
1751	19547	picked	O
1751	19548	up	O
1751	19549	at	O
1751	19550	goodwill	O
1751	19551	the	O
1751	19552	other	O
1751	19553	day	O
1751	19554	.	O
1752	19555	Completely	O
1752	19556	useless	O
1752	19557	those	O
1752	19558	.	O
1753	19559	ahhh	O
1753	19560	that	O
1753	19561	made	O
1753	19562	my	O
1753	19563	day	O
1753	19564	i	O
1753	19565	would	O
1753	19566	say	O
1753	19567	something	O
1753	19568	stupid	O
1753	19569	like	O
1753	19570	that	O
1753	19571	:D	O
1754	19572	September	O
1754	19573	dates	O
1754	19574	to	O
1754	19575	remember	O
1754	19576	Internet	O
1754	19577	.	O
1755	19578	My	O
1755	19579	MOM	O
1755	19580	got	O
1755	19581	a	O
1755	19582	tattoo	O
1755	19583	today	O
1755	19584	.	O
1756	19585	Which	O
1756	19586	,	O
1756	19587	if	O
1756	19588	one	O
1756	19589	knows	O
1756	19590	her	O
1756	19591	,	O
1756	19592	is	O
1756	19593	so	O
1756	19594	out	O
1756	19595	of	O
1756	19596	character	O
1756	19597	.	O
1757	19598	I	O
1757	19599	find	O
1757	19600	it	O
1757	19601	awesome	O
1757	19602	.	O
1758	19603	Go	O
1758	19604	ma	O
1758	19605	!	O
1759	19606	Checking	O
1759	19607	out	O
1759	19608	this	O
1759	19609	weeks	O
1759	19610	tell	O
1759	19611	em	O
1759	19612	Steve	PERSON
1759	19613	Dave	PERSON
1759	19614	Podcast	O
1759	19615	Is	O
1759	19616	it	O
1759	19617	being	O
1759	19618	released	O
1759	19619	today	O
1759	19620	or	O
1759	19621	soon	O
1759	19622	?	O
1760	19623	Its	O
1760	19624	crazy	O
1760	19625	that	O
1760	19626	one	O
1760	19627	day	O
1760	19628	I	O
1760	19629	have	O
1760	19630	energy	O
1760	19631	to	O
1760	19632	do	O
1760	19633	laundry	O
1760	19634	,	O
1760	19635	mop	O
1760	19636	floors	O
1760	19637	,	O
1760	19638	scrub	O
1760	19639	everything	O
1760	19640	down	O
1760	19641	and	O
1760	19642	the	O
1760	19643	next	O
1760	19644	I	O
1760	19645	don't	O
1760	19646	even	O
1760	19647	feel	O
1760	19648	like	O
1760	19649	doing	O
1760	19650	anything	O
1760	19651	!	O
1761	19652	Why	O
1761	19653	hate	O
1761	19654	on	O
1761	19655	somebody	O
1761	19656	for	O
1761	19657	doing	O
1761	19658	well	O
1761	19659	when	O
1761	19660	you	O
1761	19661	can	O
1761	19662	simply	O
1761	19663	say	O
1761	19664	great	O
1761	19665	job	O
1761	19666	and	O
1761	19667	move	O
1761	19668	on	O
1761	19669	..	O
1762	19670	Haters	O
1762	19671	u	O
1762	19672	can	O
1762	19673	kill	O
1762	19674	yourself	O
1762	19675	cuz	O
1762	19676	ur	O
1762	19677	losers	O
1762	19678	Ooh	O
1762	19679	,	O
1762	19680	I	O
1762	19681	could	O
1762	19682	be	O
1762	19683	your	O
1762	19684	long	O
1762	19685	lost	O
1762	19686	Mexican	O
1762	19687	sister	O
1762	19688	for	O
1762	19689	this	O
1762	19690	.	O
1763	19691	its	O
1763	19692	time	O
1763	19693	to	O
1763	19694	have	O
1763	19695	some	O
1763	19696	fun	O
1763	19697	tonight	O
1763	19698	yet	O
1763	19699	,	O
1763	19700	once	O
1763	19701	I	O
1763	19702	get	O
1763	19703	my	O
1763	19704	iPhone	MISC
1763	19705	that	O
1763	19706	's	O
1763	19707	when	O
1763	19708	I'ma	O
1763	19709	scream	O
1763	19710	TeamiPhone	O
1763	19711	RT	O
1763	19712	your_commander	O
1763	19713	_Shomari	O
1763	19714	lol	O
1763	19715	why	O
1763	19716	u	O
1763	19717	say	O
1763	19718	u	O
1763	19719	guess	O
1763	19720	?	O
1764	19721	Saturday	O
1764	19722	September	O
1764	19723	18th	O
1764	19724	2010	O
1764	19725	8pm	O
1764	19726	Hotel	LOCATION
1764	19727	Elegante	LOCATION
1764	19728	Steve	PERSON
1764	19729	Stylez	PERSON
1764	19730	A.K.A.	O
1765	19731	Desperado	PERSON
1765	19732	Birthday	O
1765	19733	Bash	O
1765	19734	!	O
1766	19735	Headrush	O
1766	19736	in	O
1766	19737	da	O
1766	19738	building	O
1766	19739	sfitzy93	PERSON
1766	19740	asked	O
1766	19741	No	O
1766	19742	problem	O
1766	19743	awesome	O
1766	19744	!	O
1767	19745	toast	O
1767	19746	=	O
1767	19747	life	O
1767	19748	:P	O
1767	19749	..	O
1768	19750	You	O
1768	19751	doing	O
1768	19752	anything	O
1768	19753	for	O
1768	19754	the	O
1768	19755	day	O
1768	19756	?	O
1769	19757	The	MISC
1769	19758	Town	MISC
1769	19759	might	O
1769	19760	be	O
1769	19761	one	O
1769	19762	of	O
1769	19763	the	O
1769	19764	best	O
1769	19765	movies	O
1769	19766	I	O
1769	19767	have	O
1769	19768	seen	O
1769	19769	all	O
1769	19770	year	O
1769	19771	.	O
1770	19772	So	O
1770	19773	,	O
1770	19774	so	O
1770	19775	good	O
1770	19776	.	O
1771	19777	And	O
1771	19778	don't	O
1771	19779	worry	O
1771	19780	Ben	PERSON
1771	19781	,	O
1771	19782	we	O
1771	19783	already	O
1771	19784	forgave	O
1771	19785	you	O
1771	19786	for	O
1771	19787	Gigli	MISC
1771	19788	.	O
1772	19789	Really	O
1772	19790	.	O
1773	19791	Wow	O
1773	19792	,	O
1773	19793	I'd	O
1773	19794	forgotten	O
1773	19795	when	O
1773	19796	Jenny	PERSON
1773	19797	was	O
1773	19798	actually	O
1773	19799	really	O
1773	19800	nice	O
1773	19801	lol	O
1773	19802	Pretty	O
1773	19803	much	O
1773	19804	any	O
1773	19805	time	O
1773	19806	I	O
1773	19807	get	O
1773	19808	an	O
1773	19809	email	O
1773	19810	from	O
1773	19811	someone	O
1773	19812	who	O
1773	19813	puts	O
1773	19814	PhD	O
1773	19815	in	O
1773	19816	the	O
1773	19817	from	O
1773	19818	field	O
1773	19819	,	O
1773	19820	I	O
1773	19821	know	O
1773	19822	there	O
1773	19823	's	O
1773	19824	going	O
1773	19825	to	O
1773	19826	be	O
1773	19827	trouble	O
1773	19828	signing	O
1773	19829	along	O
1773	19830	to	O
1773	19831	Remembering	O
1773	19832	Sunday	O
1773	19833	he	O
1773	19834	didnt	O
1773	19835	say	O
1773	19836	when	O
1773	19837	..	O
1774	19838	he	O
1774	19839	just	O
1774	19840	said	O
1774	19841	he	O
1774	19842	workin	O
1774	19843	on	O
1774	19844	it	O
1774	19845	&	O
1774	19846	gonna	O
1774	19847	release	O
1774	19848	the	O
1774	19849	full	O
1774	19850	version	O
1774	19851	to	O
1774	19852	yeah3x	O
1774	19853	soon	O
1774	19854	!	O
1775	19855	was	O
1775	19856	WAITING	O
1775	19857	for	O
1775	19858	this	O
1775	19859	day	O
1775	19860	for	O
1775	19861	specific	O
1775	19862	reasons	O
1775	19863	.	O
1776	19864	now	O
1776	19865	im	O
1776	19866	leaving	O
1776	19867	again	O
1776	19868	&	O
1776	19869	will	O
1776	19870	have	O
1776	19871	to	O
1776	19872	try	O
1776	19873	this	O
1776	19874	bullshit	O
1776	19875	AGAIN	O
1776	19876	next	O
1776	19877	friday	O
1776	19878	.	O
1777	19879	dawg	O
1777	19880	wasted	O
1777	19881	my	O
1777	19882	time	O
1777	19883	Might	O
1777	19884	have	O
1777	19885	an	O
1777	19886	early	O
1777	19887	night	O
1777	19888	got	O
1777	19889	to	O
1777	19890	help	O
1777	19891	Rob	PERSON
1777	19892	finish	O
1777	19893	the	O
1777	19894	decorating	O
1777	19895	tomorrow	O
1777	19896	i'm	O
1777	19897	not	O
1777	19898	ignoring	O
1777	19899	you	O
1777	19900	doll..i'm	O
1778	19901	doing	O
1778	19902	my	O
1778	19903	friday	O
1778	19904	follows	O
1778	19905	hw	O
1778	19906	=/	O
1778	19907	i	O
1778	19908	cant	O
1778	19909	wate	O
1778	19910	til	O
1778	19911	summer	O
1778	19912	!!!	O
1779	19913	This	O
1779	19914	year	O
1779	19915	us	O
1779	19916	guna	O
1779	19917	b	O
1779	19918	a	O
1779	19919	mess	O
1779	19920	RT	O
1779	19921	I	O
1779	19922	hate	O
1779	19923	when	O
1779	19924	a	O
1779	19925	nigga	O
1779	19926	shows	O
1779	19927	me	O
1779	19928	a	O
1779	19929	video	O
1779	19930	of	O
1779	19931	him	O
1779	19932	on	O
1779	19933	his	O
1779	19934	phone	O
1779	19935	,	O
1779	19936	gettin	O
1779	19937	some	O
1779	19938	head	O
1779	19939	from	O
1779	19940	a	O
1779	19941	shorty	O
1779	19942	.	O
1780	19943	Im	O
1780	19944	Like	O
1780	19945	yo	O
1780	19946	...	O
1781	19947	U	O
1781	19948	just	O
1781	19949	showed	O
1781	19950	...	O
1782	19951	For	O
1782	19952	code	O
1782	19953	I've	O
1782	19954	written	O
1782	19955	since	O
1782	19956	Sept	O
1782	19957	09	O
1782	19958	,	O
1782	19959	the	O
1782	19960	delay	O
1782	19961	between	O
1782	19962	commit	O
1782	19963	to	O
1782	19964	SCM	O
1782	19965	and	O
1782	19966	running	O
1782	19967	on	O
1782	19968	customer	O
1782	19969	hardware	O
1782	19970	has	O
1782	19971	been	O
1782	19972	about	O
1782	19973	10	O
1782	19974	days	O
1782	19975	.	O
1783	19976	Thank	O
1783	19977	u	O
1783	19978	!	O
1784	19979	xo	O
1784	19980	RT	O
1784	19981	Happy	O
1784	19982	Bday	O
1784	19983	!!	O
1785	19984	From	O
1785	19985	all	O
1785	19986	ur	O
1785	19987	fans	O
1785	19988	in	O
1785	19989	the	O
1785	19990	Middle	LOCATION
1785	19991	East	LOCATION
1785	19992	:)	O
1786	19993	hope	O
1786	19994	to	O
1786	19995	c	O
1786	19996	u	O
1786	19997	n	O
1786	19998	the	O
1786	19999	voices	O
1786	20000	with	O
1786	20001	Yanni	PERSON
1786	20002	in	O
1786	20003	concert	O
1786	20004	here	O
1786	20005	some	O
1786	20006	day	O
1786	20007	:)	O
1787	20008	:O	O
1788	20009	seriously	O
1788	20010	even	O
1788	20011	when	O
1788	20012	you	O
1788	20013	do	O
1788	20014	not	O
1788	20015	want	O
1788	20016	?	O
1789	20017	Im	O
1789	20018	starting	O
1789	20019	to	O
1789	20020	hate	O
1789	20021	verizon	ORGANIZATION
1789	20022	.	O
1790	20023	I	O
1790	20024	normally	O
1790	20025	have	O
1790	20026	one	O
1790	20027	bar	O
1790	20028	or	O
1790	20029	no	O
1790	20030	bars	O
1790	20031	.	O
1791	20032	But	O
1791	20033	i	O
1791	20034	sure	O
1791	20035	have	O
1791	20036	4	O
1791	20037	bars	O
1791	20038	for	O
1791	20039	ev	O
1791	20040	all	O
1791	20041	the	O
1791	20042	time	O
1791	20043	..	O
1792	20044	.	O
1793	20045	.	O
1794	20046	.	O
1795	20047	Stupid	O
1795	20048	Gets	O
1795	20049	To	O
1795	20050	See	O
1795	20051	Lindsay	PERSON
1795	20052	Tonight	O
1795	20053	!	O
1796	20054	:D	O
1797	20055	:D	O
1798	20056	LD	O
1798	20057	3	O
1798	20058	Love	O
1798	20059	YOu	O
1798	20060	Beautiful	O
1798	20061	!!	O
1799	20062	You	O
1799	20063	think	O
1799	20064	I	O
1799	20065	secretly	O
1799	20066	love	O
1799	20067	dresses	O
1799	20068	lol	O
1799	20069	Only	O
1799	20070	when	O
1799	20071	Lilia	PERSON
1799	20072	wears	O
1799	20073	them	O
1799	20074	;)	O
1800	20075	It	O
1800	20076	's	O
1800	20077	the	O
1800	20078	view	O
1800	20079	from	O
1800	20080	where	O
1800	20081	I'm	O
1800	20082	living	O
1800	20083	for	O
1800	20084	two	O
1800	20085	weeks	O
1800	20086	.	O
1801	20087	Empire	LOCATION
1801	20088	State	LOCATION
1801	20089	Building	LOCATION
1801	20090	=	O
1801	20091	ESB	LOCATION
1801	20092	.	O
1802	20093	Pretty	O
1802	20094	bad	O
1802	20095	storm	O
1802	20096	here	O
1802	20097	last	O
1802	20098	evening	O
1802	20099	.	O
1803	20100	Lucid	MISC
1803	20101	Dementia	MISC
1803	20102	Playing	O
1803	20103	in	O
1803	20104	Austin	LOCATION
1803	20105	Tonite	O
1803	20106	at	O
1803	20107	The	LOCATION
1803	20108	Scoot	LOCATION
1803	20109	Inn	LOCATION
1803	20110	at	O
1803	20111	1am	O
1803	20112	!	O
1804	20113	AT&T	ORGANIZATION
1804	20114	Full	O
1804	20115	Time	O
1804	20116	Retail	O
1804	20117	Sales	O
1804	20118	Consultants	O
1804	20119	-	O
1804	20120	Greenville	LOCATION
1804	20121	,	O
1804	20122	AL	LOCATION
1804	20123	I	O
1804	20124	got	O
1804	20125	miami	LOCATION
1804	20126	pics	O
1804	20127	for	O
1804	20128	days	O
1804	20129	lol	O
1804	20130	8hr	O
1804	20131	shift	O
1804	20132	today	O
1804	20133	yuck	O
1804	20134	lol	O
1804	20135	Buck	LOCATION
1804	20136	mountain	LOCATION
1804	20137	tomorrow	O
1804	20138	.	O
1805	20139	ALL	O
1805	20140	TIME	O
1805	20141	LOW	O
1805	20142	ARE	O
1805	20143	COMMING	O
1805	20144	TO	O
1805	20145	GLASGOW	LOCATION
1805	20146	!!!!!!!!!!!!!!!!!!!	O
1806	20147	RT	O
1806	20148	my	O
1806	20149	1997th	O
1806	20150	tweet	O
1806	20151	goes	O
1806	20152	to	O
1806	20153	.......	O
1807	20154	,	O
1807	20155	i	O
1807	20156	would	O
1807	20157	like	O
1807	20158	to	O
1807	20159	thank	O
1807	20160	lidia	O
1807	20161	,	O
1807	20162	for	O
1807	20163	being	O
1807	20164	born	O
1807	20165	on	O
1807	20166	the	O
1807	20167	1997th	O
1807	20168	year	O
1807	20169	.	O
1808	20170	thank	O
1808	20171	you	O
1808	20172	.	O
1809	20173	RT	O
1809	20174	As	O
1809	20175	a	O
1809	20176	it	O
1809	20177	may	O
1809	20178	seem	O
1809	20179	like	O
1809	20180	things	O
1809	20181	are	O
1809	20182	falling	O
1809	20183	into	O
1809	20184	place	O
1809	20185	,	O
1809	20186	and	O
1809	20187	this	O
1809	20188	feeling	O
1809	20189	gives	O
1809	20190	you	O
1809	20191	a	O
1809	20192	surge	O
1809	20193	of	O
1809	20194	energy	O
1809	20195	.	O
1810	20196	RT	O
1810	20197	Performing	O
1810	20198	in	O
1810	20199	Naples	LOCATION
1810	20200	tomorrow	O
1810	20201	with	O
1810	20202	N.E.R.D.	MISC
1811	20203	,	O
1811	20204	Maroon	MISC
1811	20205	5	MISC
1811	20206	and	O
1811	20207	others	O
1811	20208	at	O
1811	20209	the	O
1811	20210	MTV	MISC
1811	20211	show	O
1811	20212	.	O
1812	20213	Tonight	O
1812	20214	Stars	LOCATION
1812	20215	in	O
1812	20216	Vordingborg	LOCATION
1812	20217	-	O
1812	20218	few	O
1812	20219	tic	O
1812	20220	...	O
1813	20221	RT	O
1813	20222	Eyeopener	ORGANIZATION
1813	20223	vs	O
1813	20224	.	O
1814	20225	Ryerson	ORGANIZATION
1814	20226	Quidditch	ORGANIZATION
1814	20227	team	O
1814	20228	this	O
1814	20229	Sunday	O
1814	20230	at	O
1814	20231	4	O
1814	20232	p.m.	O
1815	20233	Anyone	O
1815	20234	know	O
1815	20235	where	O
1815	20236	to	O
1815	20237	get	O
1815	20238	cheap	O
1815	20239	brooms	O
1815	20240	?	O
1816	20241	He	O
1816	20242	said	O
1816	20243	Rihanna	PERSON
1816	20244	all	O
1816	20245	low	O
1816	20246	toned	O
1816	20247	and	O
1816	20248	shit	O
1816	20249	!!	O
1817	20250	Prolly	O
1817	20251	the	O
1817	20252	first	O
1817	20253	time	O
1817	20254	he	O
1817	20255	said	O
1817	20256	her	O
1817	20257	names	O
1817	20258	in	O
1817	20259	AGES	O
1817	20260	!!!	O
1818	20261	LMFAOOOOO	O
1818	20262	Today	O
1818	20263	is	O
1818	20264	my	O
1818	20265	oldest	O
1818	20266	daughters	O
1818	20267	13th	O
1818	20268	birthday	O
1818	20269	.	O
1819	20270	Really	O
1819	20271	don't	O
1819	20272	know	O
1819	20273	what	O
1819	20274	to	O
1819	20275	think	O
1819	20276	about	O
1819	20277	her	O
1819	20278	being	O
1819	20279	a	O
1819	20280	teenager	O
1819	20281	"""."	O
1820	20282	Except	O
1820	20283	that	O
1820	20284	I	O
1820	20285	am	O
1820	20286	really	O
1820	20287	getting	O
1820	20288	old	O
1820	20289	.	O
1821	20290	Comment	O
1821	20291	of	O
1821	20292	the	O
1821	20293	Day	O
1821	20294	The	O
1821	20295	Depths	O
1821	20296	of	O
1821	20297	Poverty	O
1821	20298	We	O
1821	20299	Read	O
1821	20300	You	O
1821	20301	and	O
1821	20302	three	O
1821	20303	points	O
1821	20304	on	O
1821	20305	sunday	O
1821	20306	.....	O
1822	20307	na	O
1822	20308	night	O
1822	20309	!!	O
1823	20310	omg	O
1823	20311	is	O
1823	20312	playing	O
1823	20313	a	O
1823	20314	show	O
1823	20315	at	O
1823	20316	Stetson	LOCATION
1823	20317	in	O
1823	20318	November	O
1823	20319	..	O
1824	20320	if	O
1824	20321	it	O
1824	20322	's	O
1824	20323	students	O
1824	20324	only	O
1824	20325	,	O
1824	20326	I	O
1824	20327	will	O
1824	20328	be	O
1824	20329	pissed	O
1824	20330	I	O
1824	20331	really	O
1824	20332	didn't	O
1824	20333	want	O
1824	20334	one	O
1824	20335	either	O
1824	20336	but	O
1824	20337	I	O
1824	20338	literally	O
1824	20339	laughed	O
1824	20340	out	O
1824	20341	loud	O
1824	20342	when	O
1824	20343	I	O
1824	20344	read	O
1824	20345	it	O
1824	20346	.	O
1825	20347	I'm	O
1825	20348	sure	O
1825	20349	that	O
1825	20350	is	O
1825	20351	not	O
1825	20352	the	O
1825	20353	reaction	O
1825	20354	she	O
1825	20355	wanted	O
1825	20356	;)	O
1826	20357	i	O
1826	20358	may	O
1826	20359	have	O
1826	20360	failed	O
1826	20361	,	O
1826	20362	but	O
1826	20363	yeah	O
1826	20364	i	O
1826	20365	loved	O
1826	20366	you	O
1826	20367	from	O
1826	20368	the	O
1826	20369	start	O
1826	20370	-	O
1826	20371	i	O
1826	20372	should	O
1826	20373	continue	O
1826	20374	editing	O
1826	20375	and	O
1826	20376	stop	O
1826	20377	quoting	O
1826	20378	.	O
1827	20379	BBL	MISC
1827	20380	started	O
1827	20381	tonight	O
1827	20382	,	O
1827	20383	EBL	MISC
1827	20384	tmrw	O
1827	20385	,	O
1827	20386	Euroleague	MISC
1827	20387	qualifiers	O
1827	20388	tues	O
1827	20389	but	O
1827	20390	damn	O
1827	20391	,	O
1827	20392	i	O
1827	20393	can	O
1827	20394	haz	O
1827	20395	NBA	MISC
1827	20396	now	O
1827	20397	?	O
1828	20398	League	MISC
1828	20399	Pass	MISC
1828	20400	withdrawal	O
1828	20401	symptoms	O
1828	20402	......	O
1829	20403	All	O
1829	20404	caught	O
1829	20405	up	O
1829	20406	on	O
1829	20407	!	O
1830	20408	After	O
1830	20409	eating	O
1830	20410	a	O
1830	20411	full	O
1830	20412	meal	O
1830	20413	that	O
1830	20414	was	O
1830	20415	the	O
1830	20416	next	O
1830	20417	thing	O
1830	20418	on	O
1830	20419	my	O
1830	20420	list	O
1830	20421	to	O
1830	20422	do	O
1830	20423	after	O
1830	20424	graduating	O
1830	20425	!	O
1831	20426	Had	O
1831	20427	3	O
1831	20428	doctors	O
1831	20429	appts	O
1831	20430	today	O
1831	20431	...	O
1832	20432	fun	O
1832	20433	stuff	O
1832	20434	.	O
1833	20435	leaving	O
1833	20436	for	O
1833	20437	the	O
1833	20438	bahamas	LOCATION
1833	20439	tomorrow	O
1833	20440	though	O
1833	20441	!!	O
1834	20442	RT	O
1834	20443	Were	O
1834	20444	working	O
1834	20445	til	O
1834	20446	midnight	O
1834	20447	tonight	O
1834	20448	!	O
1835	20449	Sleepover	O
1835	20450	on	O
1835	20451	set	O
1835	20452	!	O
1836	20453	you	O
1836	20454	know	O
1836	20455	its	O
1836	20456	bad	O
1836	20457	when	O
1836	20458	you	O
1836	20459	do	O
1836	20460	that	O
1836	20461	,	O
1836	20462	but	O
1836	20463	you	O
1836	20464	don't	O
1836	20465	care	O
1836	20466	.	O
1837	20467	I	O
1837	20468	don't	O
1837	20469	understand	O
1837	20470	why	O
1837	20471	some	O
1837	20472	dudes	O
1837	20473	get	O
1837	20474	mad	O
1837	20475	when	O
1837	20476	you	O
1837	20477	flirt	O
1837	20478	with	O
1837	20479	someone	O
1837	20480	else	O
1837	20481	...	O
1838	20482	Disagree	O
1838	20483	,	O
1838	20484	disagree	O
1838	20485	,	O
1838	20486	no	O
1838	20487	,	O
1838	20488	no	O
1838	20489	.	O
1839	20490	When	O
1839	20491	it	O
1839	20492	's	O
1839	20493	a	O
1839	20494	finale	O
1839	20495	,	O
1839	20496	you	O
1839	20497	can't	O
1839	20498	really	O
1839	20499	argue	O
1839	20500	about	O
1839	20501	stories/etc	O
1839	20502	.	O
1840	20503	ATWT	O
1840	20504	went	O
1840	20505	out	O
1840	20506	great	O
1840	20507	...	O
1841	20508	splendidly	O
1841	20509	.	O
1842	20510	Join	O
1842	20511	Anya	PERSON
1842	20512	Kamenetz	PERSON
1842	20513	on	O
1842	20514	Monday	O
1842	20515	's	O
1842	20516	community	O
1842	20517	call	O
1842	20518	.	O
1843	20519	DIY	O
1843	20520	U	O
1843	20521	and	O
1843	20522	the	O
1843	20523	future	O
1843	20524	of	O
1843	20525	education	O
1843	20526	.	O
1844	20527	next	O
1844	20528	Friday	O
1844	20529	,	O
1844	20530	the	O
1844	20531	24th	O
1844	20532	both	O
1844	20533	my	O
1844	20534	bands	O
1844	20535	are	O
1844	20536	playing	O
1844	20537	at	O
1844	20538	Swayzes	LOCATION
1844	20539	Venue	LOCATION
1844	20540	.	O
1845	20541	Please	O
1845	20542	come	O
1845	20543	support	O
1845	20544	!!!	O
1846	20545	RT	O
1846	20546	RE*TWEET	O
1846	20547	IF	O
1846	20548	YOU	O
1846	20549	SMOKING	O
1846	20550	TONIGHT	O
1846	20551	?	O
1847	20552	What	O
1847	20553	my	O
1847	20554	Doing	O
1847	20555	tonight	O
1847	20556	?	O
1848	20557	Thnx	O
1848	20558	,	O
1848	20559	I'm	O
1848	20560	glad	O
1848	20561	they	O
1848	20562	weren't	O
1848	20563	totally	O
1848	20564	ignored	O
1848	20565	,	O
1848	20566	but	O
1848	20567	one	O
1848	20568	isn't	O
1848	20569	many	O
1848	20570	when	O
1848	20571	you	O
1848	20572	think	O
1848	20573	how	O
1848	20574	many	O
1848	20575	there	O
1848	20576	are	O
1848	20577	in	O
1848	20578	the	O
1848	20579	CofE	O
1848	20580	!	O
1849	20581	hmmm	O
1849	20582	..	O
1850	20583	u	O
1850	20584	kno	O
1850	20585	when	O
1850	20586	happy	O
1850	20587	hour	O
1850	20588	ends	O
1850	20589	?	O
1851	20590	Grammar	MISC
1851	20591	Boot	MISC
1851	20592	Camp	MISC
1851	20593	starts	O
1851	20594	on	O
1851	20595	Monday	O
1851	20596	!	O
1852	20597	7th	O
1852	20598	graders	O
1852	20599	should	O
1852	20600	be	O
1852	20601	ready	O
1852	20602	to	O
1852	20603	GO-GO-GO	O
1852	20604	!!!!	O
1853	20605	8th	O
1853	20606	Graders	O
1853	20607	have	O
1853	20608	a	O
1853	20609	big	O
1853	20610	project	O
1853	20611	due	O
1853	20612	next	O
1853	20613	Friday	O
1853	20614	...	O
1854	20615	be	O
1854	20616	ready	O
1854	20617	!	O
1855	20618	RT	O
1855	20619	RT	O
1855	20620	If	O
1855	20621	you	O
1855	20622	think	O
1855	20623	is	O
1855	20624	a	O
1855	20625	10	O
1855	20626	year	O
1855	20627	old	O
1855	20628	without	O
1855	20629	a	O
1855	20630	penis	O
1855	20631	to	O
1855	20632	play	O
1855	20633	with	O
1855	20634	so	O
1855	20635	they	O
1855	20636	hate	O
1855	20637	on	O
1855	20638	Shane	PERSON
1855	20639	instead	O
1855	20640	:(	O
1856	20641	:'	O
1856	20642	On	O
1856	20643	my	O
1856	20644	way	O
1856	20645	to	O
1856	20646	my	O
1856	20647	dentist	O
1856	20648	appointment	O
1856	20649	ugh	O
1856	20650	!	O
1857	20651	i	O
1857	20652	hate	O
1857	20653	the	O
1857	20654	dentist	O
1857	20655	!!	O
1858	20656	remember	O
1858	20657	kids	O
1858	20658	brush	O
1858	20659	3	O
1858	20660	times	O
1858	20661	a	O
1858	20662	day	O
1858	20663	and	O
1858	20664	floss	O
1858	20665	twice	O
1858	20666	and	O
1858	20667	u'll	O
1858	20668	have	O
1858	20669	a	O
1858	20670	great	O
1858	20671	Asprin	O
1858	20672	,	O
1858	20673	check	O
1858	20674	,	O
1858	20675	cup	O
1858	20676	of	O
1858	20677	tea	O
1858	20678	,	O
1858	20679	check	O
1858	20680	,	O
1858	20681	pillow	O
1858	20682	,	O
1858	20683	check	O
1858	20684	,	O
1858	20685	warm	O
1858	20686	sleeping	O
1858	20687	bag	O
1858	20688	,	O
1858	20689	check	O
1858	20690	,	O
1858	20691	fanfiction	O
1858	20692	on	O
1858	20693	the	O
1858	20694	laptop	O
1858	20695	,	O
1858	20696	check	O
1858	20697	.	O
1859	20698	Time	O
1859	20699	to	O
1859	20700	settle	O
1859	20701	down	O
1859	20702	and	O
1859	20703	relax	O
1859	20704	havnt	O
1859	20705	lost	O
1859	20706	a	O
1859	20707	game	O
1859	20708	in	O
1859	20709	open	O
1859	20710	gym	O
1859	20711	all	O
1859	20712	week	O
1859	20713	..	O
1860	20714	now	O
1860	20715	to	O
1860	20716	go	O
1860	20717	get	O
1860	20718	dat	O
1860	20719	fresh	O
1860	20720	cut	O
1860	20721	Tomorrows	O
1860	20722	plan	O
1860	20723	is	O
1860	20724	a	O
1860	20725	little	O
1860	20726	skirt	O
1860	20727	along	O
1860	20728	the	O
1860	20729	coast	O
1860	20730	then	O
1860	20731	a	O
1860	20732	stop	O
1860	20733	in	O
1860	20734	Glenveagh	LOCATION
1860	20735	national	LOCATION
1860	20736	park	LOCATION
1860	20737	,	O
1860	20738	should	O
1860	20739	be	O
1860	20740	a	O
1860	20741	picturesque	O
1860	20742	day	O
1860	20743	.	O
1861	20744	Est	O
1861	20745	85	O
1861	20746	mile	O
1861	20747	of	O
1861	20748	riding	O
1861	20749	New	O
1861	20750	Comic	O
1861	20751	List	O
1861	20752	is	O
1861	20753	out	O
1861	20754	for	O
1861	20755	Next	O
1861	20756	Week	O
1861	20757	September	O
1861	20758	22	O
1861	20759	,	O
1861	20760	2010	O
1861	20761	and	O
1861	20762	don't	O
1861	20763	forget	O
1861	20764	to	O
1861	20765	stop	O
1861	20766	by	O
1861	20767	Today	O
1861	20768	from	O
1861	20769	5-8pm	O
1861	20770	for	O
1861	20771	Happy	O
1861	20772	...	O
1862	20773	Fashion	MISC
1862	20774	week	MISC
1862	20775	ends	O
1862	20776	with	O
1862	20777	Ralph	PERSON
1862	20778	Lauren	PERSON
1862	20779	,	O
1862	20780	Oscar	PERSON
1862	20781	de	PERSON
1862	20782	la	PERSON
1862	20783	Renta	PERSON
1862	20784	,	O
1862	20785	Gwen	PERSON
1862	20786	Stefani	PERSON
1862	20787	&	O
1862	20788	a	O
1862	20789	Weir	O
1862	20790	...:	O
1863	20791	-Coco	PERSON
1863	20792	Chanel	PERSON
1863	20793	I	O
1863	20794	design	O
1863	20795	for	O
1863	20796	the	O
1863	20797	...	O
1864	20798	Sir	O
1864	20799	..	O
1865	20800	I	O
1865	20801	SWEAR	O
1865	20802	I	O
1865	20803	had	O
1865	20804	nothing	O
1865	20805	to	O
1865	20806	do	O
1865	20807	with	O
1865	20808	it	O
1865	20809	this	O
1865	20810	time	O
1865	20811	..	O
1866	20812	honest	O
1866	20813	..	O
1867	20814	please	O
1867	20815	don't	O
1867	20816	hurt	O
1867	20817	me	O
1867	20818	..	O
1868	20819	i	O
1868	20820	do	O
1868	20821	talk	O
1868	20822	about	O
1868	20823	him	O
1868	20824	every	O
1868	20825	second	O
1868	20826	she	O
1868	20827	like	O
1868	20828	his	O
1868	20829	songs	O
1868	20830	for	O
1868	20831	a	O
1868	20832	week	O
1868	20833	:/	O
1869	20834	np	O
1869	20835	!	O
1870	20836	sure	O
1870	20837	!!	O
1871	20838	I	O
1871	20839	was	O
1871	20840	on	O
1871	20841	a	O
1871	20842	successful	O
1871	20843	business	O
1871	20844	trip	O
1871	20845	!!!	O
1872	20846	I	O
1872	20847	had	O
1872	20848	no	O
1872	20849	time	O
1872	20850	to	O
1872	20851	tweet	O
1872	20852	!!!	O
1873	20853	took	O
1873	20854	the	O
1873	20855	combine	O
1873	20856	out	O
1873	20857	for	O
1873	20858	a	O
1873	20859	spin	O
1873	20860	today	O
1873	20861	,	O
1873	20862	but	O
1873	20863	the	O
1873	20864	barley	O
1873	20865	is	O
1873	20866	still	O
1873	20867	a	O
1873	20868	tad	O
1873	20869	on	O
1873	20870	the	O
1873	20871	wet	O
1873	20872	side	O
1873	20873	.	O
1874	20874	OK	O
1874	20875	IMMA	O
1874	20876	ASK	O
1874	20877	THIS	O
1874	20878	AGAIN	O
1874	20879	HOW	O
1874	20880	LONG	O
1874	20881	DO	O
1874	20882	YOU	O
1874	20883	TALK	O
1874	20884	TO	O
1874	20885	A	O
1874	20886	GIRL	O
1874	20887	BEFORE	O
1874	20888	U	O
1874	20889	MAKE	O
1874	20890	IT	O
1874	20891	OFFICIAL	O
1874	20892	&	O
1874	20893	START	O
1874	20894	GOIN	O
1874	20895	OUT	O
1874	20896	WITH	O
1874	20897	HER	O
1874	20898	????	O
1875	20899	Branching	O
1875	20900	out	O
1875	20901	from	O
1875	20902	Lincoln	MISC
1875	20903	park	MISC
1875	20904	after	MISC
1875	20905	dark	MISC
1875	20906	...	O
1876	20907	Hello	O
1876	20908	Russian	MISC
1876	20909	navy	MISC
1876	20910	it	O
1876	20911	's	O
1876	20912	like	O
1876	20913	the	O
1876	20914	same	O
1876	20915	thing	O
1876	20916	but	O
1876	20917	with	O
1876	20918	glitter	O
1876	20919	!	O
1877	20920	Free	O
1877	20921	Day	O
1877	20922	26	O
1877	20923	''	O
1877	20924	What	O
1877	20925	A	O
1877	20926	Great	O
1877	20927	Day	O
1877	20928	!	O
1878	20929	Except	O
1878	20930	For	O
1878	20931	Another	O
1878	20932	Schedule	O
1878	20933	Change	O
1878	20934	:/	O
1879	20935	Dance	O
1879	20936	Tonightt	O
1879	20937	!	O
1880	20938	Our	O
1880	20939	Favorite	O
1880	20940	YouTube	ORGANIZATION
1880	20941	Videos	O
1880	20942	This	O
1880	20943	Week	O
1880	20944	The	O
1880	20945	Drama	O
1880	20946	Edition	O
1880	20947	Had	O
1880	20948	any	O
1880	20949	epic	O
1880	20950	meltdowns	O
1880	20951	this	O
1880	20952	week	O
1880	20953	?	O
1881	20954	You	O
1881	20955	know	O
1881	20956	,	O
1881	20957	of	O
1881	20958	the	O
1881	20959	cr	O
1881	20960	...	O
1882	20961	RT	O
1882	20962	RT	O
1882	20963	this	O
1882	20964	if	O
1882	20965	you	O
1882	20966	want	O
1882	20967	me	O
1882	20968	to	O
1882	20969	go	O
1882	20970	back	O
1882	20971	live	O
1882	20972	on	O
1882	20973	Ustream	ORGANIZATION
1882	20974	later	O
1882	20975	tonight	O
1882	20976	Institutional	O
1882	20977	buying	O
1882	20978	lifts	O
1882	20979	UFlex	ORGANIZATION
1882	20980	30%	O
1882	20981	in	O
1882	20982	a	O
1882	20983	month	O
1882	20984	Nothing	O
1882	20985	like	O
1882	20986	a	O
1882	20987	3pm	O
1882	20988	Friday	O
1882	20989	meeting	O
1882	20990	!	O
1883	20991	RT	O
1883	20992	Mariano	PERSON
1883	20993	she	O
1883	20994	used	O
1883	20995	to	O
1883	20996	be	O
1883	20997	a	O
1883	20998	very	O
1883	20999	nice	O
1883	21000	girl	O
1883	21001	,	O
1883	21002	before	O
1883	21003	she	O
1883	21004	discovered	O
1883	21005	macdonalds	MISC
1883	21006	haha	O
1883	21007	it	O
1883	21008	's	O
1883	21009	not	O
1883	21010	that	O
1883	21011	bad	O
1883	21012	now	O
1883	21013	but	O
1883	21014	when	O
1883	21015	i	O
1883	21016	was	O
1883	21017	little	O
1883	21018	i	O
1883	21019	used	O
1883	21020	to	O
1883	21021	freak	O
1883	21022	out	O
1883	21023	so	O
1883	21024	i	O
1883	21025	would	O
1883	21026	use	O
1883	21027	the	O
1883	21028	chewables	O
1883	21029	that	O
1883	21030	tasted	O
1883	21031	like	O
1883	21032	chalk	O
1883	21033	.	O
1884	21034	well	O
1884	21035	I'm	O
1884	21036	sure	O
1884	21037	u	O
1884	21038	could	O
1884	21039	do	O
1884	21040	it	O
1884	21041	one	O
1884	21042	at	O
1884	21043	a	O
1884	21044	time	O
1884	21045	with	O
1884	21046	Paco	PERSON
1884	21047	Thats	O
1884	21048	my	O
1884	21049	cars	O
1884	21050	name	O
1884	21051	plust	O
1884	21052	there	O
1884	21053	's	O
1884	21054	a	O
1884	21055	roof	O
1884	21056	rack	O
1884	21057	on	O
1884	21058	top	O
1884	21059	u	O
1884	21060	can	O
1884	21061	tie	O
1884	21062	stuff	O
1884	21063	too	O
1884	21064	?	O
1885	21065	it	O
1885	21066	took	O
1885	21067	me	O
1885	21068	2	O
1885	21069	tries	O
1885	21070	,	O
1885	21071	but	O
1885	21072	after	O
1885	21073	the	O
1885	21074	2nd	O
1885	21075	he	O
1885	21076	became	O
1885	21077	one	O
1885	21078	of	O
1885	21079	my	O
1885	21080	favorite	O
1885	21081	.	O
1886	21082	Take	O
1886	21083	this	O
1886	21084	time	O
1886	21085	to	O
1886	21086	discover	O
1886	21087	the	O
1886	21088	treasures	O
1886	21089	within	O
1886	21090	you	O
1886	21091	!	O
1887	21092	So	O
1887	21093	far	O
1887	21094	this	O
1887	21095	day	O
1887	21096	hasn'	O
1887	21097	;	O
1887	21098	t	O
1887	21099	gone	O
1887	21100	to	O
1887	21101	well	O
1887	21102	,	O
1887	21103	hopefully	O
1887	21104	my	O
1887	21105	night	O
1887	21106	will	O
1887	21107	be	O
1887	21108	better	O
1887	21109	!	O
1888	21110	Read	O
1888	21111	so	O
1888	21112	much	O
1888	21113	on	O
1888	21114	India	LOCATION
1888	21115	,	O
1888	21116	looks	O
1888	21117	like	O
1888	21118	a	O
1888	21119	cert	O
1888	21120	for	O
1888	21121	future	O
1888	21122	vacation	O
1888	21123	,	O
1888	21124	when	O
1888	21125	I'm	O
1888	21126	retired	O
1888	21127	probably	O
1888	21128	-	O
1888	21129	Balloon	O
1888	21130	glowing	O
1888	21131	?	O
1889	21132	We'd	O
1889	21133	love	O
1889	21134	to	O
1889	21135	see	O
1889	21136	you	O
1889	21137	before	O
1889	21138	or	O
1889	21139	after	O
1889	21140	at	O
1889	21141	Pi	LOCATION
1889	21142	!	O
1890	21143	CWE	LOCATION
1890	21144	and	O
1890	21145	Delmar	LOCATION
1890	21146	are	O
1890	21147	around	O
1890	21148	the	O
1890	21149	corner	O
1890	21150	,	O
1890	21151	Kirkwood	LOCATION
1890	21152	&	O
1890	21153	...	O
1891	21154	Tonight	O
1891	21155	is	O
1891	21156	going	O
1891	21157	to	O
1891	21158	be	O
1891	21159	romantic	O
1891	21160	It	O
1891	21161	's	O
1891	21162	in	O
1891	21163	my	O
1891	21164	tweets	O
1891	21165	a	O
1891	21166	year	O
1891	21167	ago	O
1891	21168	I'll	O
1891	21169	pull	O
1891	21170	up	O
1891	21171	the	O
1891	21172	story	O
1891	21173	later	O
1891	21174	on	O
1891	21175	.	O
1892	21176	Just	O
1892	21177	hope	O
1892	21178	the	O
1892	21179	film	O
1892	21180	helps	O
1892	21181	Shange	PERSON
1892	21182	sell	O
1892	21183	more	O
1892	21184	books	O
1892	21185	.	O
1893	21186	Today	O
1893	21187	's	O
1893	21188	post	O
1893	21189	is	O
1893	21190	about	O
1893	21191	3D	O
1893	21192	graffitti	O
1893	21193	...	O
1894	21194	I've	O
1894	21195	got	O
1894	21196	some	O
1894	21197	bad	O
1894	21198	news	O
1894	21199	,	O
1894	21200	Yeah	O
1894	21201	I	O
1894	21202	cant	O
1894	21203	come	O
1894	21204	to	O
1894	21205	the	O
1894	21206	meeting	O
1894	21207	tomorrow	O
1894	21208	.	O
1895	21209	S	O
1895	21210	what	O
1895	21211	were	O
1895	21212	yu	O
1895	21213	talking	O
1895	21214	about	O
1895	21215	yesterday	O
1895	21216	?	O
1896	21217	What	O
1896	21218	made	O
1896	21219	you	O
1896	21220	laugh	O
1896	21221	?	O
1897	21222	This	O
1897	21223	did	O
1897	21224	,	O
1897	21225	courtesy	O
1897	21226	of	O
1897	21227	Stairs	O
1897	21228	One	O
1897	21229	more	O
1897	21230	chance	O
1897	21231	to	O
1897	21232	win	O
1897	21233	Roger	PERSON
1897	21234	Waters	PERSON
1897	21235	tickets	O
1897	21236	on	O
1897	21237	KLH	MISC
1897	21238	tonight	O
1897	21239	between	O
1897	21240	6:15	O
1897	21241	&	O
1897	21242	6:45	O
1897	21243	!!	O
1898	21244	The	O
1898	21245	British	O
1898	21246	have	O
1898	21247	a	O
1898	21248	remarkable	O
1898	21249	talent	O
1898	21250	for	O
1898	21251	keeping	O
1898	21252	calm	O
1898	21253	,	O
1898	21254	even	O
1898	21255	when	O
1898	21256	there	O
1898	21257	is	O
1898	21258	no	O
1898	21259	crisis	O
1898	21260	.	O
1899	21261	Tonight	O
1899	21262	Baka	MISC
1899	21263	Boyz	MISC
1899	21264	LIVE	O
1899	21265	w/	O
1899	21266	DJ	MISC
1899	21267	Elements	MISC
1899	21268	103.5	O
1900	21269	&	O
1900	21270	Soreal	O
1900	21271	.	O
1901	21272	$150	O
1901	21273	VIP	O
1901	21274	booths	O
1901	21275	tonight	O
1901	21276	.	O
1902	21277	Text	O
1902	21278	916.960	O
1903	21279	.	O
1904	21280	8120	O
1904	21281	for	O
1904	21282	NO	O
1904	21283	cover	O
1904	21284	glist	O
1904	21285	!!	O
1905	21286	First	O
1905	21287	week	O
1905	21288	of	O
1905	21289	school	O
1905	21290	has	O
1905	21291	been	O
1905	21292	crazy	O
1905	21293	.	O
1906	21294	Everyone	O
1906	21295	is	O
1906	21296	very	O
1906	21297	moody	O
1906	21298	and	O
1906	21299	tired	O
1906	21300	!	O
1907	21301	Dems	MISC
1907	21302	to	O
1907	21303	voters	O
1907	21304	You	O
1907	21305	may	O
1907	21306	hate	O
1907	21307	us	O
1907	21308	,	O
1907	21309	but	O
1907	21310	GOP	MISC
1907	21311	is	O
1907	21312	worse	O
1907	21313	AP	O
1907	21314	AP	O
1907	21315	-	O
1907	21316	With	O
1907	21317	just	O
1907	21318	six	O
1907	21319	weeks	O
1907	21320	to	O
1907	21321	avoid	O
1907	21322	a	O
1907	21323	possible	O
1907	21324	election	O
1907	21325	catastrophe	O
1907	21326	,	O
1907	21327	RT	O
1907	21328	Virgos	O
1907	21329	need	O
1907	21330	to	O
1907	21331	learn	O
1907	21332	how	O
1907	21333	to	O
1907	21334	relax	O
1907	21335	at	O
1907	21336	the	O
1907	21337	end	O
1907	21338	of	O
1907	21339	the	O
1907	21340	day	O
1907	21341	.	O
1908	21342	You	O
1908	21343	tend	O
1908	21344	to	O
1908	21345	stress	O
1908	21346	yourself	O
1908	21347	out	O
1908	21348	due	O
1908	21349	to	O
1908	21350	your	O
1908	21351	high	O
1908	21352	standards	O
1908	21353	.	O
1909	21354	RT	O
1909	21355	When	O
1909	21356	I	O
1909	21357	Get	O
1909	21358	Old	O
1909	21359	,	O
1909	21360	Imma	O
1909	21361	Still	O
1909	21362	Be	O
1909	21363	Rockin	O
1909	21364	Out	O
1909	21365	To	O
1909	21366	Baby'...Even	O
1910	21367	If	O
1910	21368	I	O
1910	21369	Break	O
1910	21370	A	O
1910	21371	Hip	O
1910	21372	;)	O
1911	21373	9	O
1911	21374	days	O
1911	21375	then	O
1911	21376	Sydney	LOCATION
1911	21377	why	O
1911	21378	is	O
1911	21379	it	O
1911	21380	you	O
1911	21381	always	O
1911	21382	look	O
1911	21383	seriously	O
1911	21384	stoned	O
1911	21385	when	O
1911	21386	i	O
1911	21387	see	O
1911	21388	you	O
1911	21389	?	O
1912	21390	-	O
1912	21391	-	O
1912	21392	Danny	PERSON
1912	21393	.	O
1913	21394	lol	O
1913	21395	good	O
1913	21396	god	O
1913	21397	!	O
1914	21398	I	O
1914	21399	just	O
1914	21400	took	O
1914	21401	When	O
1914	21402	your	O
1914	21403	mom	O
1914	21404	makes	O
1914	21405	you	O
1914	21406	go	O
1914	21407	live	O
1914	21408	with	O
1914	21409	your	O
1914	21410	dad	O
1914	21411	Scooter	PERSON
1914	21412	Braun	PERSON
1914	21413	,	O
1914	21414	your	O
1914	21415	life	O
1914	21416	"..."""	O
1915	21417	and	O
1915	21418	got	O
1915	21419	Part	O
1915	21420	7	O
1915	21421	!	O
1916	21422	Try	O
1916	21423	it	O
1916	21424	Pls	O
1916	21425	RT	O
1916	21426	-	O
1916	21427	NIGHT	O
1916	21428	golf	O
1916	21429	tournament	O
1916	21430	9/25	O
1916	21431	to	O
1916	21432	benefit	O
1916	21433	3	O
1916	21434	year	O
1916	21435	old	O
1916	21436	Penny	PERSON
1916	21437	of	O
1916	21438	Mesa	LOCATION
1916	21439	,	O
1916	21440	AZ	LOCATION
1916	21441	who	O
1916	21442	had	O
1916	21443	heart	O
1916	21444	transplant	O
1916	21445	.	O
1917	21446	www.flancers.com	O
1918	21447	4	O
1918	21448	info	O
1918	21449	The	O
1918	21450	end	O
1918	21451	of	O
1918	21452	another	O
1918	21453	week	O
1918	21454	for	O
1918	21455	MTS	ORGANIZATION
1918	21456	,	O
1918	21457	Above&Beyond	MISC
1918	21458	-	O
1918	21459	Trance	MISC
1918	21460	Around	MISC
1918	21461	The	MISC
1918	21462	World	MISC
1918	21463	338	MISC
1918	21464	Wippenberg	MISC
1918	21465	Guestmix	MISC
1918	21466	17	O
1918	21467	September	O
1918	21468	2010	O
1918	21469	Mac	O
1918	21470	Sync	O
1918	21471	Completed	O
1918	21472	-	O
1918	21473	September	O
1918	21474	17	O
1918	21475	,	O
1918	21476	2010	O
1918	21477	,	O
1918	21478	5:00	O
1918	21479	pm	O
1918	21480	football	O
1918	21481	game	O
1918	21482	tonight	O
1918	21483	!	O
1919	21484	ahh	O
1919	21485	im	O
1919	21486	so	O
1919	21487	nervous	O
1919	21488	about	O
1919	21489	our	O
1919	21490	dance	O
1919	21491	!!	O
1920	21492	Today	O
1920	21493	is	O
1920	21494	friday	O
1920	21495	.	O
1921	21496	Crap	O
1921	21497	forgot	O
1921	21498	XD	O
1921	21499	not	O
1921	21500	sure	O
1921	21501	how	O
1921	21502	i	O
1921	21503	feel	O
1921	21504	about	O
1921	21505	the	O
1921	21506	rain	O
1921	21507	right	O
1921	21508	now	O
1921	21509	...	O
1922	21510	but	O
1922	21511	what	O
1922	21512	a	O
1922	21513	wonderful	O
1922	21514	day	O
1922	21515	it	O
1922	21516	has	O
1922	21517	been	O
1922	21518	...	O
1923	21519	can't	O
1923	21520	wait	O
1923	21521	for	O
1923	21522	later	O
1923	21523	tonight	O
1923	21524	!!!	O
1924	21525	Man	O
1924	21526	i	O
1924	21527	been	O
1924	21528	eatin	O
1924	21529	fastfood	O
1924	21530	everyday	O
1924	21531	im	O
1924	21532	so	O
1924	21533	glad	O
1924	21534	my	O
1924	21535	mommy	O
1924	21536	cookin	O
1924	21537	today	O
1924	21538	...	O
1925	21539	Gotta	O
1925	21540	call	O
1925	21541	mom	O
1925	21542	2	O
1925	21543	let	O
1925	21544	her	O
1925	21545	know	O
1925	21546	it	O
1925	21547	's	O
1925	21548	almost	O
1925	21549	3	O
1925	21550	.	O
1926	21551	Yli	PERSON
1926	21552	gets	O
1926	21553	out	O
1926	21554	in	O
1926	21555	15	O
1926	21556	.	O
1927	21557	Mom	O
1927	21558	took	O
1927	21559	the	O
1927	21560	antenna	O
1927	21561	home	O
1927	21562	today	O
1927	21563	&	O
1927	21564	connected	O
1927	21565	it	O
1927	21566	at	O
1927	21567	home	O
1927	21568	,	O
1927	21569	finally	O
1927	21570	.	O
1928	21571	Chicago	LOCATION
1928	21572	Weekend	O
1928	21573	Events	O
1928	21574	Lebowski	MISC
1928	21575	Fest	MISC
1928	21576	,	O
1928	21577	Dave	PERSON
1928	21578	Matthews	PERSON
1928	21579	,	O
1928	21580	Latin	O
1928	21581	Music	O
1928	21582	And	O
1928	21583	More	O
1928	21584	The	O
1928	21585	lively	O
1928	21586	weekend	O
1928	21587	well	O
1928	21588	,	O
1928	21589	Friday	O
1928	21590	throu	O
1928	21591	...	O
1929	21592	thanks	O
1929	21593	for	O
1929	21594	hitting	O
1929	21595	me	O
1929	21596	and	O
1929	21597	up	O
1929	21598	.	O
1930	21599	Let	O
1930	21600	me	O
1930	21601	know	O
1930	21602	when	O
1930	21603	that	O
1930	21604	DM	O
1930	21605	with	O
1930	21606	all	O
1930	21607	the	O
1930	21608	info	O
1930	21609	has	O
1930	21610	been	O
1930	21611	sent	O
1930	21612	.	O
1931	21613	holy	O
1931	21614	cow	O
1931	21615	-	O
1931	21616	I'm	O
1931	21617	almost	O
1931	21618	ready	O
1931	21619	for	O
1931	21620	sessions	O
1931	21621	!	O
1932	21622	Walls	O
1932	21623	painted	O
1932	21624	,	O
1932	21625	lights	O
1932	21626	hung	O
1932	21627	,	O
1932	21628	backdrop	O
1932	21629	system	O
1932	21630	up	O
1932	21631	and	O
1932	21632	working	O
1932	21633	!	O
1933	21634	Tomorrow	O
1933	21635	...	O
1934	21636	CyberNation	O
1934	21637	Sky	ORGANIZATION
1934	21638	3D	ORGANIZATION
1934	21639	enlists	O
1934	21640	Stephen	PERSON
1934	21641	Fry	PERSON
1934	21642	to	O
1934	21643	explain	O
1934	21644	the	O
1934	21645	technology	O
1934	21646	ahead	O
1934	21647	of	O
1934	21648	its	O
1934	21649	October	O
1934	21650	1	O
1934	21651	launch	O
1934	21652	video	O
1934	21653	With	O
1934	21654	the	O
1934	21655	o	O
1934	21656	...	O
1935	21657	I	O
1935	21658	just	O
1935	21659	took	O
1935	21660	ALL	O
1935	21661	PARTS	O
1935	21662	Your	O
1935	21663	a	O
1935	21664	normal	O
1935	21665	belieber	O
1935	21666	....	O
1936	21667	what	O
1936	21668	happens	O
1936	21669	when	O
1936	21670	you	O
1936	21671	find	O
1936	21672	J	O
1936	21673	"..."""	O
1937	21674	and	O
1937	21675	got	O
1937	21676	Part	O
1937	21677	1	O
1937	21678	Holidays	O
1937	21679	!!	O
1938	21680	Try	O
1938	21681	it	O
1938	21682	u	O
1938	21683	kno	O
1938	21684	that	O
1938	21685	day	O
1938	21686	when	O
1938	21687	the	O
1938	21688	wanted	O
1938	21689	will	O
1938	21690	go	O
1938	21691	2	O
1938	21692	a	O
1938	21693	radio	O
1938	21694	station	O
1938	21695	to	O
1938	21696	find	O
1938	21697	out	O
1938	21698	if	O
1938	21699	there	O
1938	21700	number	O
1938	21701	1	O
1938	21702	with	O
1938	21703	heart	O
1938	21704	vacancy	O
1938	21705	,	O
1938	21706	when	O
1938	21707	will	O
1938	21708	that	O
1938	21709	be	O
1938	21710	?	O
1939	21711	RT	O
1939	21712	SO	O
1939	21713	WHEN	O
1939	21714	I	O
1939	21715	GET	O
1939	21716	ON	O
1939	21717	106	O
1939	21718	N	O
1939	21719	JOKE	O
1939	21720	AROUND	O
1939	21721	YALL	O
1939	21722	TALK	O
1939	21723	ABOUT	O
1939	21724	ME	O
1939	21725	LIKE	O
1939	21726	A	O
1939	21727	DOG	O
1939	21728	SHAWTY	O
1939	21729	BUT	O
1939	21730	WHEN	O
1939	21731	I	O
1939	21732	BUY	O
1939	21733	30,000	O
1939	21734	WORTH	O
1939	21735	SCHOOL	O
1939	21736	SUPPLY	O
1939	21737	N	O
1939	21738	...	O
1940	21739	Gonna	O
1940	21740	for	O
1940	21741	vocal	O
1940	21742	solo	O
1940	21743	on	O
1940	21744	tuesday	O
1940	21745	.	O
1941	21746	T_T	O
1941	21747	one	O
1941	21748	of	O
1941	21749	the	O
1941	21750	complainers	O
1941	21751	is	O
1941	21752	a	O
1941	21753	child	O
1941	21754	minder	O
1941	21755	who	O
1941	21756	brings	O
1941	21757	kids	O
1941	21758	to	O
1941	21759	the	O
1941	21760	school	O
1941	21761	then	O
1941	21762	looks	O
1941	21763	after	O
1941	21764	other	O
1941	21765	kids	O
1941	21766	thro	O
1941	21767	the	O
1941	21768	day	O
1941	21769	.	O
1942	21770	Beggers	O
1942	21771	belief	O
1942	21772	I	O
1942	21773	just	O
1942	21774	heard	O
1942	21775	attention	O
1942	21776	deficit	O
1942	21777	today	O
1942	21778	.	O
1943	21779	Waay	O
1943	21780	underrated	O
1943	21781	but	O
1943	21782	I	O
1943	21783	still	O
1943	21784	like	O
1943	21785	more	O
1943	21786	about	O
1943	21787	nothing	O
1943	21788	better	O
1943	21789	RT	O
1943	21790	I	O
1943	21791	tried	O
1943	21792	to	O
1943	21793	walk	O
1943	21794	into	O
1943	21795	target	ORGANIZATION
1943	21796	yesterday	O
1943	21797	,	O
1943	21798	I	O
1943	21799	missed	O
1943	21800	"."""	O
1944	21801	Boo	O
1944	21802	Boo	O
1944	21803	,	O
1944	21804	Ta	O
1944	21805	and	O
1944	21806	I	O
1944	21807	had	O
1944	21808	a	O
1944	21809	girls	O
1944	21810	day	O
1944	21811	.	O
1945	21812	She	O
1945	21813	is	O
1945	21814	such	O
1945	21815	a	O
1945	21816	wonderful	O
1945	21817	baby	O
1945	21818	.	O
1946	21819	when	O
1946	21820	i	O
1946	21821	TOLD	O
1946	21822	you	O
1946	21823	i	O
1946	21824	was	O
1946	21825	goin	O
1946	21826	back	O
1946	21827	to	O
1946	21828	sleep	O
1946	21829	!	O
1947	21830	Action	O
1947	21831	is	O
1947	21832	the	O
1947	21833	foundational	O
1947	21834	key	O
1947	21835	to	O
1947	21836	all	O
1947	21837	success	O
1947	21838	!....	O
1948	21839	take	O
1948	21840	massive	O
1948	21841	action	O
1948	21842	today	O
1948	21843	my	O
1948	21844	friends	O
1948	21845	......	O
1949	21846	and	O
1949	21847	watch	O
1949	21848	synchronicities	O
1949	21849	happen	O
1949	21850	Salt	O
1949	21851	tasting	O
1949	21852	today	O
1949	21853	haha	O
1949	21854	I	O
1949	21855	need	O
1949	21856	to	O
1949	21857	update	O
1949	21858	my	O
1949	21859	tan	O
1949	21860	I	O
1949	21861	feel	O
1949	21862	so	O
1949	21863	white	O
1949	21864	.	O
1950	21865	My	O
1950	21866	face	O
1950	21867	!	O
1951	21868	I	O
1951	21869	have	O
1951	21870	been	O
1951	21871	tanning	O
1951	21872	myself	O
1951	21873	this	O
1951	21874	month	O
1951	21875	,	O
1951	21876	hurry	O
1951	21877	up	O
1951	21878	summer	O
1951	21879	!	O
1952	21880	Can	O
1952	21881	your	O
1952	21882	CMS	O
1952	21883	guarantee	O
1952	21884	pixel-precise	O
1952	21885	output	O
1952	21886	when	O
1952	21887	compared	O
1952	21888	to	O
1952	21889	our	O
1952	21890	MS-Paint	O
1952	21891	designs	O
1952	21892	?	O
1953	21893	ik	O
1953	21894	me	O
1953	21895	2	O
1953	21896	.	O
1954	21897	At	O
1954	21898	night	O
1954	21899	I'm	O
1954	21900	wide	O
1954	21901	awake	O
1954	21902	but	O
1954	21903	the	O
1954	21904	daytime	O
1954	21905	,	O
1954	21906	I'm	O
1954	21907	so	O
1954	21908	tired	O
1954	21909	my	O
1954	21910	day	O
1954	21911	drags	O
1954	21912	night	O
1954	21913	night	O
1954	21914	good	O
1954	21915	luck	O
1954	21916	tomorrow	O
1954	21917	x	O
1954	21918	it	O
1954	21919	's	O
1954	21920	friday	O
1954	21921	it	O
1954	21922	's	O
1954	21923	friday	O
1954	21924	i'm	O
1954	21925	so	O
1954	21926	happy	O
1954	21927	it	O
1954	21928	's	O
1954	21929	friday	O
1954	21930	::	O
1954	21931	whooo	O
1954	21932	yooo	O
1954	21933	doing	O
1954	21934	dance	O
1954	21935	and	O
1954	21936	takin	O
1954	21937	a	O
1954	21938	chance	O
1954	21939	la	O
1954	21940	la	O
1954	21941	la	O
1954	21942	lalala	O
1954	21943	::	O
1954	21944	You're	O
1954	21945	welcome	O
1954	21946	!	O
1955	21947	Yes	O
1955	21948	,	O
1955	21949	it	O
1955	21950	saved	O
1955	21951	a	O
1955	21952	lot	O
1955	21953	of	O
1955	21954	time	O
1955	21955	,	O
1955	21956	although	O
1955	21957	i	O
1955	21958	still	O
1955	21959	had	O
1955	21960	a	O
1955	21961	few	O
1955	21962	twits	O
1955	21963	i	O
1955	21964	wanted	O
1955	21965	to	O
1955	21966	that	O
1955	21967	weren't	O
1955	21968	on	O
1955	21969	the	O
1955	21970	list	O
1955	21971	Funniest	O
1955	21972	shit	O
1955	21973	of	O
1955	21974	the	O
1955	21975	day	O
1955	21976	Im	O
1955	21977	officially	O
1955	21978	blown	O
1955	21979	.	O
1956	21980	Dont	O
1956	21981	wanna	O
1956	21982	to	O
1956	21983	talk	O
1956	21984	about	O
1956	21985	it	O
1956	21986	lls	O
1956	21987	RT	O
1956	21988	Remember	O
1956	21989	,	O
1956	21990	every	O
1956	21991	Sunday	O
1956	21992	morning	O
1956	21993	gathering	O
1956	21994	at	O
1956	21995	New	LOCATION
1956	21996	Life	LOCATION
1956	21997	can	O
1956	21998	be	O
1956	21999	watched	O
1956	22000	live	O
1956	22001	at	O
1956	22002	9am	O
1956	22003	and	O
1956	22004	11am	O
1956	22005	-	O
1956	22006	www.NLCLive.com	O
1957	22007	you	O
1957	22008	been	O
1957	22009	23	O
1957	22010	for	O
1957	22011	a	O
1957	22012	few	O
1957	22013	years	O
1957	22014	now	O
1957	22015	After	O
1957	22016	2	O
1957	22017	months	O
1957	22018	not	O
1957	22019	even	O
1957	22020	a	O
1957	22021	word	O
1957	22022	.	O
1958	22023	Guess	O
1958	22024	ure	O
1958	22025	fine	O
1958	22026	..	O
1959	22027	thanks	O
1959	22028	for	O
1959	22029	being	O
1959	22030	nothing	O
1959	22031	but	O
1959	22032	a	O
1959	22033	fake	O
1959	22034	.	O
1960	22035	Seriously	O
1960	22036	cycling	O
1960	22037	?	O
1961	22038	Said	O
1961	22039	it	O
1961	22040	once	O
1961	22041	and	O
1961	22042	I	O
1961	22043	will	O
1961	22044	say	O
1961	22045	it	O
1961	22046	again	O
1961	22047	,	O
1961	22048	when	O
1961	22049	someone	O
1961	22050	shows	O
1961	22051	you	O
1961	22052	who	O
1961	22053	they	O
1961	22054	are	O
1961	22055	,	O
1961	22056	BELIEVE	O
1961	22057	THEM	O
1961	22058	!!	O
1962	22059	Hi	O
1962	22060	Ellen	PERSON
1962	22061	.	O
1963	22062	Can	O
1963	22063	you	O
1963	22064	ask	O
1963	22065	Portia	PERSON
1963	22066	when	O
1963	22067	she	O
1963	22068	's	O
1963	22069	going	O
1963	22070	to	O
1963	22071	make	O
1963	22072	a	O
1963	22073	Twitter	ORGANIZATION
1963	22074	account	O
1963	22075	?	O
1964	22076	Love	O
1964	22077	you	O
1964	22078	both	O
1964	22079	so	O
1964	22080	much	O
1964	22081	!	O
1965	22082	Xo	O
1965	22083	The	MISC
1965	22084	Town	MISC
1965	22085	was	O
1965	22086	a	O
1965	22087	really	O
1965	22088	good	O
1965	22089	movie	O
1965	22090	!!!	O
1966	22091	Now	O
1966	22092	passing	O
1966	22093	the	O
1966	22094	time	O
1966	22095	watching	O
1966	22096	Easy	MISC
1966	22097	A	MISC
1966	22098	until	O
1966	22099	Devil	MISC
1966	22100	starts	O
1966	22101	!	O
1967	22102	in	O
1967	22103	like	O
1967	22104	3	O
1967	22105	days	O
1967	22106	I	O
1967	22107	think	O
1967	22108	...	O
1968	22109	Well	O
1968	22110	that	O
1968	22111	's	O
1968	22112	when	O
1968	22113	the	O
1968	22114	single	O
1968	22115	's	O
1968	22116	released	O
1968	22117	:P	O
1968	22118	this	O
1968	22119	is	O
1968	22120	what	O
1968	22121	we	O
1968	22122	do	O
1968	22123	when	O
1968	22124	we	O
1968	22125	have	O
1968	22126	no	O
1968	22127	picture	O
1968	22128	ideas	O
1968	22129	.	O
1969	22130	I'm	O
1969	22131	not	O
1969	22132	kidding	O
1969	22133	!	O
1970	22134	I	O
1970	22135	used	O
1970	22136	a	O
1970	22137	book	O
1970	22138	which	O
1970	22139	was	O
1970	22140	published	O
1970	22141	in	O
1970	22142	2008	O
1970	22143	last	O
1970	22144	year	O
1970	22145	...	O
1971	22146	it	O
1971	22147	was	O
1971	22148	an	O
1971	22149	awesome	O
1971	22150	book	O
1971	22151	!	O
1972	22152	realy	O
1972	22153	bored	O
1972	22154	smack	O
1972	22155	down	O
1972	22156	tonite	O
1972	22157	yay	O
1972	22158	!!	O
1973	22159	mood	O
1973	22160	bored-_-	O
1973	22161	ha	O
1973	22162	!	O
1974	22163	going	O
1974	22164	to	O
1974	22165	talk	O
1974	22166	vill	O
1974	22167	into	O
1974	22168	gettinhg	O
1974	22169	reach	O
1974	22170	today	O
1974	22171	.	O
1975	22172	want	O
1975	22173	it	O
1975	22174	in	O
1975	22175	time	O
1975	22176	for	O
1975	22177	sundays	O
1975	22178	reacharound	O
1975	22179	gamenight	O
1975	22180	Going	O
1975	22181	to	O
1975	22182	the	O
1975	22183	country	O
1975	22184	fair	O
1975	22185	today	O
1975	22186	:)	O
1976	22187	I	O
1976	22188	hate	O
1976	22189	it	O
1976	22190	here	O
1976	22191	,	O
1976	22192	lol	O
1976	22193	.	O
1977	22194	i'm	O
1977	22195	moving	O
1977	22196	to	O
1977	22197	america	LOCATION
1977	22198	when	O
1977	22199	i'm	O
1977	22200	at	O
1977	22201	least	O
1977	22202	23	O
1977	22203	.	O
1978	22204	no	O
1978	22205	joke	O
1978	22206	im	O
1978	22207	sick	O
1978	22208	had	O
1978	22209	a	O
1978	22210	bad	O
1978	22211	day	O
1978	22212	hope	O
1978	22213	thee	O
1978	22214	game	O
1978	22215	us	O
1978	22216	good	O
1978	22217	foi	O
1978	22218	quando	O
1978	22219	eu	O
1978	22220	te	O
1978	22221	encontrei	O
1978	22222	,	O
1978	22223	ouvindo	O
1978	22224	o	O
1978	22225	som	O
1978	22226	do	O
1978	22227	mar	O
1978	22228	8	O
1978	22229	I	O
1978	22230	went	O
1978	22231	to	O
1978	22232	old	ORGANIZATION
1978	22233	navy	ORGANIZATION
1978	22234	today	O
1978	22235	and	O
1978	22236	bought	O
1978	22237	two	O
1978	22238	pairs	O
1978	22239	of	O
1978	22240	pants	O
1978	22241	.	O
1979	22242	Now	O
1979	22243	I	O
1979	22244	have	O
1979	22245	three	O
1979	22246	pairs	O
1979	22247	of	O
1979	22248	pants	O
1979	22249	!	O
1980	22250	Ha	O
1980	22251	ha	O
1980	22252	i	O
1980	22253	try	O
1980	22254	for	O
1980	22255	you	O
1980	22256	really	O
1980	22257	hm	O
1980	22258	lmao	O
1980	22259	lame	O
1980	22260	pretty	O
1980	22261	day	O
1980	22262	after	O
1980	22263	Big	O
1980	22264	Maxxx	O
1980	22265	left	O
1980	22266	his	O
1980	22267	mark	O
1980	22268	on	O
1980	22269	my	O
1980	22270	hottie	O
1980	22271	SlutWife	O
1980	22272	Glad	O
1980	22273	to	O
1980	22274	hear	O
1980	22275	they	O
1980	22276	are	O
1980	22277	okay	O
1980	22278	.	O
1981	22279	A	O
1981	22280	drunk	O
1981	22281	ran	O
1981	22282	into	O
1981	22283	the	O
1981	22284	back	O
1981	22285	of	O
1981	22286	my	O
1981	22287	son	O
1981	22288	's	O
1981	22289	car	O
1981	22290	this	O
1981	22291	week	O
1981	22292	.	O
1982	22293	He	O
1982	22294	said	O
1982	22295	it	O
1982	22296	was	O
1982	22297	frightening	O
1982	22298	.	O
1983	22299	N	O
1983	22300	we	O
1983	22301	all	O
1983	22302	need	O
1983	22303	it	O
1983	22304	from	O
1983	22305	time	O
1983	22306	to	O
1983	22307	time	O
1983	22308	.	O
1984	22309	:)	O
1985	22310	when	O
1985	22311	dnt	O
1985	22312	follow	O
1985	22313	you	O
1985	22314	back	O
1985	22315	or	O
1985	22316	follow	O
1985	22317	me	O
1985	22318	for	O
1985	22319	make	O
1985	22320	this	O
1985	22321	bad	O
1985	22322	day	O
1985	22323	a	O
1985	22324	HAPPY	O
1985	22325	day	O
1985	22326	:D	O
1986	22327	love	O
1986	22328	you	O
1986	22329	guys	O
1986	22330	!!!	O
1987	22331	looool	O
1987	22332	u	O
1987	22333	hav	O
1987	22334	made	O
1987	22335	me	O
1987	22336	want	O
1987	22337	mcdz	O
1987	22338	again	O
1987	22339	an	O
1987	22340	im	O
1987	22341	tryin	O
1987	22342	2	O
1987	22343	stay	O
1987	22344	off	O
1987	22345	that	O
1987	22346	had	O
1987	22347	it	O
1987	22348	all	O
1987	22349	week	O
1987	22350	an	O
1987	22351	sounds	O
1987	22352	nice	O
1987	22353	:D	O
1988	22354	x	O
1988	22355	...	O
1989	22356	around	O
1989	22357	all	O
1989	22358	day	O
1989	22359	isnt	O
1989	22360	good	O
1989	22361	for	O
1989	22362	you	O
1989	22363	,	O
1989	22364	least	O
1989	22365	i	O
1989	22366	get	O
1989	22367	home-relaxing	O
1989	22368	time	O
1989	22369	,	O
1989	22370	thursday	O
1989	22371	and	O
1989	22372	frees	O
1989	22373	to	O
1989	22374	keeep	O
1989	22375	me	O
1989	22376	sane	O
1989	22377	:)	O
1990	22378	RT	O
1990	22379	Good	O
1990	22380	Morning	O
1990	22381	!	O
1991	22382	Have	O
1991	22383	a	O
1991	22384	pleasant	O
1991	22385	and	O
1991	22386	happy	O
1991	22387	day	O
1991	22388	"!"""	O
1992	22389	Hey	O
1992	22390	....	O
1993	22391	my	O
1993	22392	birthday	O
1993	22393	is	O
1993	22394	in	O
1993	22395	exactly	O
1993	22396	one	O
1993	22397	month	O
1993	22398	!!!	O
1994	22399	:D	O
1995	22400	for	O
1995	22401	you	O
1995	22402	?	O
1996	22403	when	O
1996	22404	I	O
1996	22405	see	O
1996	22406	you	O
1996	22407	...	O
1997	22408	seriously	O
1997	22409	...	O
1998	22410	oi	O
1998	22411	u	O
1998	22412	there	O
1998	22413	's	O
1998	22414	a	O
1998	22415	on	O
1998	22416	tonight	O
1998	22417	.	O
1999	22418	No	O
1999	22419	idea	O
1999	22420	what	O
1999	22421	it	O
1999	22422	entails	O
1999	22423	but	O
1999	22424	if	O
1999	22425	it	O
1999	22426	's	O
1999	22427	new	O
1999	22428	album	O
1999	22429	convos	O
1999	22430	were	O
1999	22431	in	O
1999	22432	!!	O
2000	22433	miren	O
2000	22434	el	O
2000	22435	video0	O
2000	22436	one	O
2000	22437	time	O
2000	22438	....	O
2001	22439	ESTA	O
2001	22440	SIENDO	O
2001	22441	ATACADO	O
2001	22442	X	O
2001	22443	LOS	O
2001	22444	NO	O
2001	22445	ME	O
2001	22446	GUSTA	O
2001	22447	D	O
2001	22448	RT	O
2001	22449	had	O
2001	22450	a	O
2001	22451	great	O
2001	22452	time	O
2001	22453	hanging	O
2001	22454	out	O
2001	22455	and	O
2001	22456	dinner-ing	O
2001	22457	with	O
2001	22458	DL3	O
2001	22459	peeps	O
2001	22460	!!	O
2002	22461	:)	O
2003	22462	they	O
2003	22463	are	O
2003	22464	really	O
2003	22465	awesome	O
2003	22466	people	O
2003	22467	!!	O
2004	22468	:D	O
2005	22469	im	O
2005	22470	thinking	O
2005	22471	jalepeno	O
2005	22472	poppers	O
2005	22473	tonight	O
2005	22474	Today	O
2005	22475	is	O
2005	22476	goin	O
2005	22477	to	O
2005	22478	slow	O
2005	22479	at	O
2005	22480	work	O
2005	22481	...	O
2006	22482	Can't	O
2006	22483	wait	O
2006	22484	to	O
2006	22485	get	O
2006	22486	this	O
2006	22487	weekend	O
2006	22488	started	O
2006	22489	!!!	O
2007	22490	you've	O
2007	22491	been	O
2007	22492	working	O
2007	22493	on	O
2007	22494	that	O
2007	22495	all	O
2007	22496	night	O
2007	22497	!	O
2008	22498	I	O
2008	22499	suspect	O
2008	22500	you	O
2008	22501	may	O
2008	22502	even	O
2008	22503	have	O
2008	22504	opened	O
2008	22505	a	O
2008	22506	git	MISC
2008	22507	manual	O
2008	22508	.	O
2009	22509	hey	O
2009	22510	Joe	PERSON
2009	22511	.	O
2010	22512	I'm	O
2010	22513	down	O
2010	22514	the	O
2010	22515	road	O
2010	22516	in	O
2010	22517	Ft	LOCATION
2010	22518	Mitchell	LOCATION
2010	22519	.	O
2011	22520	No	O
2011	22521	time	O
2011	22522	to	O
2011	22523	smoke	O
2011	22524	but	O
2011	22525	waving	O
2011	22526	.	O
2012	22527	Did	O
2012	22528	you	O
2012	22529	get	O
2012	22530	the	O
2012	22531	book	O
2012	22532	?	O
2013	22533	Congrats	O
2013	22534	to	O
2013	22535	and	O
2013	22536	their	O
2013	22537	record	O
2013	22538	release	O
2013	22539	today	O
2013	22540	!	O
2014	22541	Join	O
2014	22542	us	O
2014	22543	to	O
2014	22544	celebrate	O
2014	22545	with	O
2014	22546	them	O
2014	22547	at	O
2014	22548	Get	O
2014	22549	your	O
2014	22550	CD	O
2014	22551	&	O
2014	22552	tees	O
2014	22553	8PM	O
2014	22554	today	O
2014	22555	!	O
2015	22556	Dearrykas	O
2015	22557	rule	O
2015	22558	of	O
2015	22559	lifenever	O
2015	22560	date	O
2015	22561	someone	O
2015	22562	who	O
2015	22563	lives	O
2015	22564	by	O
2015	22565	you	O
2015	22566	it	O
2015	22567	only	O
2015	22568	causes	O
2015	22569	troublr	O
2015	22570	when	O
2015	22571	you	O
2015	22572	break	O
2015	22573	up	O
2015	22574	FRIDAY	O
2015	22575	!	O
2016	22576	yesshh	O
2016	22577	!!	O
2017	22578	FiNaLlY	O
2017	22579	Just	O
2017	22580	ordered	O
2017	22581	pizza	O
2017	22582	.	O
2018	22583	First	O
2018	22584	time	O
2018	22585	since	O
2018	22586	May	O
2018	22587	to	O
2018	22588	order	O
2018	22589	Pizza	ORGANIZATION
2018	22590	Hut	ORGANIZATION
2018	22591	.	O
2019	22592	Definitely	O
2019	22593	not	O
2019	22594	a	O
2019	22595	fave	O
2019	22596	,	O
2019	22597	but	O
2019	22598	Pizza	O
2019	22599	by	O
2019	22600	the	O
2019	22601	Chef	O
2019	22602	doesn't	O
2019	22603	deliver	O
2019	22604	five	O
2019	22605	hours	O
2019	22606	away/	O
2019	22607	Drop	O
2019	22608	by	O
2019	22609	the	O
2019	22610	sweat	O
2019	22611	check	O
2019	22612	I'll	O
2019	22613	be	O
2019	22614	there	O
2019	22615	volunteering	O
2019	22616	RT	O
2019	22617	Ah	O
2019	22618	,	O
2019	22619	the	O
2019	22620	weekend	O
2019	22621	.	O
2020	22622	See	O
2020	22623	you	O
2020	22624	at	O
2020	22625	the	O
2020	22626	Army	MISC
2020	22627	Run	MISC
2020	22628	on	O
2020	22629	Sunday	O
2020	22630	?	O
2021	22631	RT	O
2021	22632	Gonna	O
2021	22633	study	O
2021	22634	for	O
2021	22635	a	O
2021	22636	while	O
2021	22637	before	O
2021	22638	iTake	O
2021	22639	this	O
2021	22640	quiz	O
2021	22641	...	O
2022	22642	wish	O
2022	22643	me	O
2022	22644	luck	O
2022	22645	=)	O
2023	22646	luck	O
2023	22647	This	O
2023	22648	week	O
2023	22649	only	O
2023	22650	$5	O
2023	22651	off	O
2023	22652	custom	O
2023	22653	blogger	O
2023	22654	design	O
2023	22655	!	O
2024	22656	omg	O
2024	22657	Todo	PERSON
2024	22658	Cabio	PERSON
2024	22659	has	O
2024	22660	been	O
2024	22661	my	O
2024	22662	fav	O
2024	22663	since	O
2024	22664	like	O
2024	22665	`07	O
2024	22666	i	O
2024	22667	still	O
2024	22668	listen	O
2024	22669	to	O
2024	22670	their	O
2024	22671	CD	O
2024	22672	all	O
2024	22673	the	O
2024	22674	time	O
2024	22675	i	O
2024	22676	want	O
2024	22677	the	O
2024	22678	new	O
2024	22679	one	O
2024	22680	.	O
2025	22681	alejate	O
2025	22682	de	O
2025	22683	mi	O
2025	22684	...	O
2026	22685	I	O
2026	22686	know	O
2026	22687	u	O
2026	22688	like	O
2026	22689	that	O
2026	22690	turn	O
2026	22691	you	O
2026	22692	into	O
2026	22693	a	O
2026	22694	star	O
2026	22695	I	O
2026	22696	got	O
2026	22697	it	O
2026	22698	like	O
2026	22699	that	O
2026	22700	baby	O
2026	22701	don't	O
2026	22702	fight	O
2026	22703	it	O
2026	22704	cus	O
2026	22705	when	O
2026	22706	I	O
2026	22707	miss	O
2026	22708	your	O
2026	22709	call	O
2026	22710	I	O
2026	22711	hit	O
2026	22712	u	O
2026	22713	right	O
2026	22714	back	O
2026	22715	A	O
2026	22716	world	O
2026	22717	without	O
2026	22718	bare	O
2026	22719	legs	O
2026	22720	is	O
2026	22721	a	O
2026	22722	terrible	O
2026	22723	place	O
2026	22724	indeed	O
2026	22725	!	O
2027	22726	Here	O
2027	22727	's	O
2027	22728	to	O
2027	22729	6+	O
2027	22730	more	O
2027	22731	years	O
2027	22732	of	O
2027	22733	bare	O
2027	22734	legged	O
2027	22735	cassie	O
2027	22736	RT	O
2027	22737	It	O
2027	22738	would	O
2027	22739	be	O
2027	22740	lovely	O
2027	22741	if	O
2027	22742	I	O
2027	22743	could	O
2027	22744	get	O
2027	22745	on	O
2027	22746	my	O
2027	22747	laptop	O
2027	22748	and	O
2027	22749	do	O
2027	22750	some	O
2027	22751	work	O
2027	22752	before	O
2027	22753	I	O
2027	22754	go	O
2027	22755	out	O
2027	22756	,	O
2027	22757	but	O
2027	22758	is	O
2027	22759	flirting	O
2027	22760	with	O
2027	22761	some	O
2027	22762	boy	O
2027	22763	.	O
2028	22764	Was	O
2028	22765	thinking	O
2028	22766	today	O
2028	22767	that	O
2028	22768	I	O
2028	22769	am	O
2028	22770	fortunate	O
2028	22771	o	O
2028	22772	know	O
2028	22773	so	O
2028	22774	many	O
2028	22775	incredible	O
2028	22776	people	O
2028	22777	in	O
2028	22778	this	O
2028	22779	world	O
2028	22780	.	O
2029	22781	This	O
2029	22782	is	O
2029	22783	also	O
2029	22784	the	O
2029	22785	time	O
2029	22786	of	O
2029	22787	year	O
2029	22788	where	O
2029	22789	's	O
2029	22790	kittehs	O
2029	22791	are	O
2029	22792	all	O
2029	22793	,	O
2029	22794	U	O
2029	22795	FASTIN	O
2029	22796	?	O
2030	22797	LOLZ	O
2030	22798	,	O
2030	22799	WE	O
2030	22800	IZ	O
2030	22801	UP	O
2030	22802	IN	O
2030	22803	OUR	O
2030	22804	FOODZ	O
2030	22805	"."""	O
2031	22806	Belief	O
2031	22807	happens	O
2031	22808	for	O
2031	22809	most	O
2031	22810	from	O
2031	22811	the	O
2031	22812	gut'-Oh	O
2031	22813	there	O
2031	22814	may	O
2031	22815	be	O
2031	22816	some	O
2031	22817	mental	O
2031	22818	stimulus	O
2031	22819	..	O
2032	22820	But	O
2032	22821	feeling	O
2032	22822	often	O
2032	22823	has	O
2032	22824	more	O
2032	22825	to	O
2032	22826	do	O
2032	22827	with	O
2032	22828	it	O
2032	22829	RT	O
2032	22830	Boyfriend	O
2032	22831	Ive	O
2032	22832	got	O
2032	22833	dinner	O
2032	22834	planned	O
2032	22835	for	O
2032	22836	Valentines	MISC
2032	22837	Day	MISC
2032	22838	.	O
2033	22839	Me	O
2033	22840	Sorry	O
2033	22841	,	O
2033	22842	i	O
2033	22843	wont	O
2033	22844	have	O
2033	22845	time	O
2033	22846	for	O
2033	22847	u	O
2033	22848	or	O
2033	22849	your	O
2033	22850	dinner	O
2033	22851	.....	O
2034	22852	Im	O
2034	22853	Watching	O
2034	22854	Bie	O
2034	22855	...	O
2035	22856	lol	O
2035	22857	im	O
2035	22858	a	O
2035	22859	sargittarius	O
2035	22860	so	O
2035	22861	dat	O
2035	22862	means	O
2035	22863	i	O
2035	22864	wanna	O
2035	22865	have	O
2035	22866	a	O
2035	22867	good	O
2035	22868	time	O
2035	22869	2	O
2035	22870	??	O
2036	22871	half	O
2036	22872	the	O
2036	22873	time	O
2036	22874	in	O
2036	22875	inglewood	LOCATION
2036	22876	the	O
2036	22877	other	O
2036	22878	half	O
2036	22879	in	O
2036	22880	mv	LOCATION
2036	22881	...	O
2037	22882	where	O
2037	22883	u	O
2037	22884	been	O
2037	22885	wake	O
2037	22886	me	O
2037	22887	up	O
2037	22888	when	O
2037	22889	I	O
2037	22890	have	O
2037	22891	a	O
2037	22892	reason	O
2037	22893	to	O
2037	22894	stay	O
2037	22895	up	O
2037	22896	!	O
2038	22897	AH	O
2038	22898	!	O
2039	22899	Concert	O
2039	22900	in	O
2039	22901	2	O
2039	22902	days	O
2039	22903	!	O
2040	22904	So	O
2040	22905	excited	O
2040	22906	!	O
2041	22907	Okay	O
2041	22908	,	O
2041	22909	I	O
2041	22910	now	O
2041	22911	don't	O
2041	22912	have	O
2041	22913	plans	O
2041	22914	for	O
2041	22915	tonight	O
2041	22916	.	O
2042	22917	Let	O
2042	22918	me	O
2042	22919	know	O
2042	22920	if	O
2042	22921	you	O
2042	22922	wanna	O
2042	22923	hang	O
2042	22924	:)	O
2043	22925	ooh	O
2043	22926	!	O
2044	22927	as	O
2044	22928	long	O
2044	22929	as	O
2044	22930	food	O
2044	22931	was	O
2044	22932	had	O
2044	22933	to	O
2044	22934	celebrate	O
2044	22935	.	O
2045	22936	you	O
2045	22937	HAVE	O
2045	22938	to	O
2045	22939	celebrate	O
2045	22940	all	O
2045	22941	occasions	O
2045	22942	with	O
2045	22943	good	O
2045	22944	food	O
2045	22945	!	O
2046	22946	5:59	O
2046	22947	and	O
2046	22948	the	O
2046	22949	train	O
2046	22950	comes	O
2046	22951	to	O
2046	22952	a	O
2046	22953	halt	O
2046	22954	.	O
2047	22955	Here	O
2047	22956	we	O
2047	22957	go	O
2047	22958	again	O
2047	22959	I	O
2047	22960	do	O
2047	22961	not	O
2047	22962	think	O
2047	22963	so	O
2047	22964	.	O
2048	22965	There	O
2048	22966	's	O
2048	22967	sun	O
2048	22968	this	O
2048	22969	time	O
2048	22970	!	O
2049	22971	What	O
2049	22972	's	O
2049	22973	the	O
2049	22974	deal	O
2049	22975	,	O
2049	22976	LIRR	O
2049	22977	?	O
2050	22978	OK	O
2050	22979	,	O
2050	22980	back	O
2050	22981	on	O
2050	22982	the	O
2050	22983	move	O
2050	22984	.	O
2051	22985	Work	O
2051	22986	from	O
2051	22987	Home	O
2051	22988	try	O
2051	22989	a	O
2051	22990	FREE	O
2051	22991	90	O
2051	22992	Day	O
2051	22993	Membership	O
2051	22994	,	O
2051	22995	We	O
2051	22996	have	O
2051	22997	Clients	O
2051	22998	waiting	O
2051	22999	for	O
2051	23000	You	O
2051	23001	at	O
2051	23002	The	O
2051	23003	Revolution	O
2051	23004	Jump	O
2051	23005	onboard	O
2051	23006	and	O
2051	23007	earn	O
2051	23008	60%	O
2051	23009	commission	O
2051	23010	today	O
2051	23011	!	O
2052	23012	Hot	O
2052	23013	...	O
2053	23014	Mike	PERSON
2053	23015	vick	O
2053	23016	back	O
2053	23017	in	O
2053	23018	dat	O
2053	23019	line	O
2053	23020	up	O
2053	23021	its	O
2053	23022	bout	O
2053	23023	time	O
2053	23024	ee	O
2053	23025	it	O
2053	23026	wasnt	O
2053	23027	lambrini	O
2053	23028	actually	O
2053	23029	LOL	O
2053	23030	:)	O
2054	23031	was	O
2054	23032	posh	O
2054	23033	proper	O
2054	23034	wine	O
2054	23035	my	O
2054	23036	mam	O
2054	23037	got	O
2054	23038	today	O
2054	23039	from	O
2054	23040	work	O
2054	23041	off	O
2054	23042	someone	O
2054	23043	,	O
2054	23044	it	O
2054	23045	was	O
2054	23046	RANK	O
2054	23047	down	O
2054	23048	the	O
2054	23049	sink	O
2054	23050	LOL	O
2054	23051	I	O
2054	23052	had	O
2054	23053	a	O
2054	23054	good	O
2054	23055	day	O
2054	23056	:)	O
2055	23057	,	O
2055	23058	how	O
2055	23059	y'all	O
2055	23060	doing	O
2055	23061	?	O
2056	23062	It	O
2056	23063	's	O
2056	23064	about	O
2056	23065	that	O
2056	23066	time	O
2056	23067	!	O
2057	23068	you'll	O
2057	23069	see	O
2057	23070	when	O
2057	23071	you	O
2057	23072	catch	O
2057	23073	up	O
2057	23074	in	O
2057	23075	the	O
2057	23076	thread	O
2057	23077	.	O
2058	23078	He	O
2058	23079	was	O
2058	23080	bitching	O
2058	23081	,	O
2058	23082	I	O
2058	23083	asked	O
2058	23084	if	O
2058	23085	he'd	O
2058	23086	be	O
2058	23087	happier	O
2058	23088	in	O
2058	23089	another	O
2058	23090	league	O
2058	23091	and	O
2058	23092	he	O
2058	23093	said	O
2058	23094	replace	O
2058	23095	him	O
2058	23096	Hmm	O
2058	23097	...	O
2059	23098	I	O
2059	23099	probably	O
2059	23100	would	O
2059	23101	.	O
2060	23102	I	O
2060	23103	don't	O
2060	23104	know	O
2060	23105	if	O
2060	23106	I	O
2060	23107	can	O
2060	23108	find	O
2060	23109	a	O
2060	23110	visual	O
2060	23111	for	O
2060	23112	R'lyeh,	MISC
2060	23113	though	O
2060	23114	.	O
2061	23115	I	O
2061	23116	may	O
2061	23117	have	O
2061	23118	to	O
2061	23119	bust	O
2061	23120	out	O
2061	23121	my	O
2061	23122	copy	O
2061	23123	of	O
2061	23124	the	O
2061	23125	story	O
2061	23126	...	O
2062	23127	never	O
2062	23128	too	O
2062	23129	late	O
2062	23130	-	O
2062	23131	three	O
2062	23132	days	O
2062	23133	grace	O
2062	23134	3	O
2062	23135	U	O
2062	23136	shoulda	O
2062	23137	known	O
2062	23138	!	O
2063	23139	Its	O
2063	23140	a	O
2063	23141	Friday	O
2063	23142	!	O
2064	23143	RT	O
2064	23144	Tutoring	O
2064	23145	ppl	O
2064	23146	all	O
2064	23147	day	O
2064	23148	at	O
2064	23149	work	O
2064	23150	on	O
2064	23151	a	O
2064	23152	Friday	O
2064	23153	is	O
2064	23154	already	O
2064	23155	a	O
2064	23156	bore	O
2064	23157	then	O
2064	23158	the	O
2064	23159	students	O
2064	23160	don't	O
2064	23161	show	O
2064	23162	up	O
2064	23163	!!.	O
2065	23164	O	O
2065	23165	happy	O
2065	23166	day	O
2065	23167	.	O
2066	23168	My	O
2066	23169	local	O
2066	23170	grocery	O
2066	23171	carries	O
2066	23172	Hoegaarden	MISC
2066	23173	.	O
2067	23174	After	MISC
2067	23175	Eventide	MISC
2067	23176	Kindle	MISC
2067	23177	EditionBy	O
2067	23178	Catherine	PERSON
2067	23179	Olson	PERSON
2067	23180	Buy	O
2067	23181	new	O
2067	23182	$	O
2067	23183	6.49	O
2068	23184	Customer	O
2068	23185	R	O
2068	23186	...	O
2069	23187	cuz	O
2069	23188	this	O
2069	23189	isnt	O
2069	23190	a	O
2069	23191	confusing	O
2069	23192	phrasing	O
2069	23193	of	O
2069	23194	this	O
2069	23195	...	O
2070	23196	LOL	O
2070	23197	r	O
2070	23198	u	O
2070	23199	busy	O
2070	23200	the	O
2070	23201	next	O
2070	23202	day	O
2070	23203	?	O
2071	23204	;)	O
2072	23205	RT	O
2072	23206	l	O
2072	23207	busy	O
2072	23208	day	O
2072	23209	the	O
2072	23210	next	O
2072	23211	Catching	O
2072	23212	up	O
2072	23213	with	O
2072	23214	old	O
2072	23215	friends	O
2072	23216	is	O
2072	23217	sound	O
2072	23218	haven't	O
2072	23219	seen	O
2072	23220	ben	O
2072	23221	for	O
2072	23222	like	O
2072	23223	4	O
2072	23224	years	O
2072	23225	RT	O
2072	23226	i	O
2072	23227	was	O
2072	23228	watching	O
2072	23229	all	O
2072	23230	the	O
2072	23231	footage	O
2072	23232	on	O
2072	23233	my	O
2072	23234	camera	O
2072	23235	from	O
2072	23236	the	O
2072	23237	past	O
2072	23238	few	O
2072	23239	months	O
2072	23240	and	O
2072	23241	if	O
2072	23242	i'd	O
2072	23243	actually	O
2072	23244	finish	O
2072	23245	what	O
2072	23246	i	O
2072	23247	was	O
2072	23248	talking	O
2072	23249	abou	O
2072	23250	...	O
2073	23251	is	O
2073	23252	going	O
2073	23253	to	O
2073	23254	be	O
2073	23255	at	O
2073	23256	HoveLive	MISC
2073	23257	Festival	MISC
2073	23258	tomorrow	O
2073	23259	in	O
2073	23260	Belgium	LOCATION
2073	23261	!	O
2074	23262	RT	O
2074	23263	Here	O
2074	23264	's	O
2074	23265	the	O
2074	23266	video	O
2074	23267	for	O
2074	23268	tonight	O
2074	23269	's	O
2074	23270	Cahill	LOCATION
2074	23271	event	O
2074	23272	nooo	O
2074	23273	-	O
2074	23274	i	O
2074	23275	have	O
2074	23276	when	O
2074	23277	people	O
2074	23278	ask	O
2074	23279	me	O
2074	23280	so	O
2074	23281	i	O
2074	23282	dont	O
2074	23283	ask	O
2074	23284	people	O
2074	23285	lool	O
2074	23286	.	O
2075	23287	Land	MISC
2075	23288	of	MISC
2075	23289	Talk	MISC
2075	23290	-	O
2075	23291	Minneapolis	LOCATION
2075	23292	First	O
2075	23293	Avenue	O
2075	23294	and	O
2075	23295	7th	O
2075	23296	St	O
2075	23297	Entry	O
2075	23298	Wed	O
2075	23299	,	O
2075	23300	Sep	O
2075	23301	29	O
2075	23302	,	O
2075	23303	2010	O
2075	23304	Today	O
2075	23305	=	O
2075	23306	Morton	MISC
2075	23307	's	MISC
2075	23308	Salt	MISC
2075	23309	motto	O
2075	23310	+	O
2075	23311	Murphy	MISC
2075	23312	's	MISC
2075	23313	Law	MISC
2075	23314	RT	O
2075	23315	iPad	MISC
2075	23316	Refresh	O
2075	23317	Due	O
2075	23318	in	O
2075	23319	January	O
2075	23320	wanna	O
2075	23321	go	O
2075	23322	to	O
2075	23323	Liffey	LOCATION
2075	23324	valley	O
2075	23325	tomorrow	O
2075	23326	?	O
2076	23327	:)	O
2077	23328	3	O
2077	23329	The	O
2077	23330	outages	O
2077	23331	have	O
2077	23332	been	O
2077	23333	increasing	O
2077	23334	for	O
2077	23335	the	O
2077	23336	last	O
2077	23337	year	O
2077	23338	and	O
2077	23339	yet	O
2077	23340	the	O
2077	23341	prices	O
2077	23342	haven't	O
2077	23343	gone	O
2077	23344	down	O
2077	23345	.	O
2078	23346	It	O
2078	23347	's	O
2078	23348	still	O
2078	23349	Friday	O
2078	23350	here	O
2078	23351	so	O
2078	23352	my	O
2078	23353	first	O
2078	23354	goes	O
2078	23355	to	O
2078	23356	-	O
2078	23357	its	O
2078	23358	her	O
2078	23359	birthday	O
2078	23360	today	O
2078	23361	and	O
2078	23362	-	O
2078	23363	thank	O
2078	23364	you	O
2078	23365	:)	O
2079	23366	RT	O
2079	23367	50	PERSON
2079	23368	tyson	PERSON
2079	23369	droppin	O
2079	23370	a	O
2079	23371	video	O
2079	23372	before	O
2079	23373	you	O
2079	23374	bumass	O
2079	23375	rappers	O
2079	23376	....	O
2080	23377	i	O
2080	23378	bet	O
2080	23379	they	O
2080	23380	hella	O
2080	23381	mad	O
2080	23382	...	O
2081	23383	yall	O
2081	23384	niggas	O
2081	23385	been	O
2081	23386	rappin	O
2081	23387	for	O
2081	23388	years	O
2081	23389	and	O
2081	23390	still	O
2081	23391	a	O
2081	23392	...	O
2082	23393	RT	O
2082	23394	You	O
2082	23395	may	O
2082	23396	say	O
2082	23397	that	O
2082	23398	I'm	O
2082	23399	a	O
2082	23400	dreamer	O
2082	23401	But	O
2082	23402	I'm	O
2082	23403	not	O
2082	23404	the	O
2082	23405	only	O
2082	23406	one	O
2082	23407	I	O
2082	23408	hope	O
2082	23409	someday	O
2082	23410	you'll	O
2082	23411	join	O
2082	23412	cont	O
2082	23413	http	O
2082	23414	...	O
2083	23415	REFINERY29	O
2083	23416	STALKS	O
2083	23417	LA'S	O
2083	23418	MOST	O
2083	23419	FASHIONABLE	O
2083	23420	FEMMES	O
2083	23421	FROM	O
2083	23422	LAST	O
2083	23423	WEEK	O
2083	23424	VB'S	O
2083	23425	PARISIAN	O
2083	23426	BREAKFAST	O
2083	23427	.	O
2084	23428	MERCI	O
2084	23429	,	O
2084	23430	MERCI	O
2084	23431	!	O
2085	23432	XX	O
2085	23433	I	O
2085	23434	hate	O
2085	23435	it	O
2085	23436	when	O
2085	23437	my	O
2085	23438	HONK	O
2085	23439	!	O
2086	23440	gets	O
2086	23441	stuck	O
2086	23442	in	O
2086	23443	my	O
2086	23444	WHOOPWHOOP	O
2086	23445	.	O
2087	23446	Season	O
2087	23447	opener	O
2087	23448	for	O
2087	23449	Bradley	ORGANIZATION
2087	23450	Soccer	ORGANIZATION
2087	23451	tonight	O
2087	23452	!	O
2088	23453	Getting	O
2088	23454	ready	O
2088	23455	,	O
2088	23456	&	O
2088	23457	then	O
2088	23458	out	O
2088	23459	for	O
2088	23460	the	O
2088	23461	nighttttt	O
2088	23462	:)	O
2089	23463	With	O
2089	23464	my	O
2089	23465	boyfriend	O
2089	23466	tomorrow-Sunday	O
2089	23467	3	O
2089	23468	what	O
2089	23469	happens	O
2089	23470	when	O
2089	23471	your	O
2089	23472	happy	O
2089	23473	but	O
2089	23474	heartbroken	O
2089	23475	?	O
2090	23476	this	O
2090	23477	.	O
2091	23478	Heading	O
2091	23479	to	O
2091	23480	Herbivore	LOCATION
2091	23481	tonight	O
2091	23482	for	O
2091	23483	dinner	O
2091	23484	for	O
2091	23485	the	O
2091	23486	first	O
2091	23487	time	O
2091	23488	.	O
2092	23489	Any	O
2092	23490	favorites	O
2092	23491	or	O
2092	23492	must	O
2092	23493	trys	O
2092	23494	?	O
2093	23495	Yes	O
2093	23496	,	O
2093	23497	thanks	O
2093	23498	.	O
2094	23499	We're	O
2094	23500	more	O
2094	23501	traumatised	O
2094	23502	than	O
2094	23503	he	O
2094	23504	is	O
2094	23505	...	O
2095	23506	;)	O
2096	23507	I	O
2096	23508	hate	O
2096	23509	A&E	MISC
2096	23510	shudders	O
2096	23511	Now	O
2096	23512	it	O
2096	23513	's	O
2096	23514	time	O
2096	23515	to	O
2096	23516	catch	O
2096	23517	up	O
2096	23518	with	O
2096	23519	the	O
2096	23520	day	O
2096	23521	...	O
2097	23522	i	O
2097	23523	just	O
2097	23524	woke	O
2097	23525	up	O
2097	23526	from	O
2097	23527	the	O
2097	23528	worst	O
2097	23529	nap	O
2097	23530	eva	O
2097	23531	..	O
2098	23532	arggghhh	O
2098	23533	!	O
2099	23534	now	O
2099	23535	its	O
2099	23536	time	O
2099	23537	for	O
2099	23538	work	O
2099	23539	..	O
2100	23540	double	O
2100	23541	arggghhh	O
2100	23542	!!	O
2101	23543	When	O
2101	23544	TIFF	MISC
2101	23545	is	O
2101	23546	in	O
2101	23547	Tdot	LOCATION
2101	23548	,	O
2101	23549	ALWAYS	O
2101	23550	have	O
2101	23551	ur	O
2101	23552	camera	O
2101	23553	in	O
2101	23554	purse	O
2101	23555	!	O
2102	23556	Managed	O
2102	23557	to	O
2102	23558	get	O
2102	23559	a	O
2102	23560	pic	O
2102	23561	of	O
2102	23562	EVA	PERSON
2102	23563	MENDES	PERSON
2102	23564	!	O
2103	23565	Didn't	O
2103	23566	know	O
2103	23567	she	O
2103	23568	was	O
2103	23569	signing	O
2103	23570	autographs	O
2103	23571	the	O
2103	23572	mall	O
2103	23573	.	O
2104	23574	Does	O
2104	23575	anyone	O
2104	23576	else	O
2104	23577	hate	O
2104	23578	when	O
2104	23579	authors	O
2104	23580	spend	O
2104	23581	the	O
2104	23582	first	O
2104	23583	half	O
2104	23584	of	O
2104	23585	each	O
2104	23586	book	O
2104	23587	chapter	O
2104	23588	telling	O
2104	23589	you	O
2104	23590	what	O
2104	23591	the	O
2104	23592	rest	O
2104	23593	of	O
2104	23594	the	O
2104	23595	chapter	O
2104	23596	is	O
2104	23597	going	O
2104	23598	to	O
2104	23599	be	O
2104	23600	about	O
2104	23601	?	O
2105	23602	RT	O
2105	23603	I	O
2105	23604	think	O
2105	23605	Big	O
2105	23606	Sam	PERSON
2105	23607	was	O
2105	23608	misquoted	O
2105	23609	when	O
2105	23610	he	O
2105	23611	said	O
2105	23612	he	O
2105	23613	could	O
2105	23614	manage	O
2105	23615	Real	ORGANIZATION
2105	23616	.	O
2106	23617	What	O
2106	23618	he	O
2106	23619	actually	O
2106	23620	said	O
2106	23621	was	O
2106	23622	he	O
2106	23623	could	O
2106	23624	manage	O
2106	23625	a	O
2106	23626	real	O
2106	23627	ale	O
2106	23628	.	O
2107	23629	Tomorrow	O
2107	23630	always	O
2107	23631	comes	O
2107	23632	-	O
2107	23633	well	O
2107	23634	same	O
2107	23635	thing	O
2107	23636	goes	O
2107	23637	to	O
2107	23638	me	O
2107	23639	duhh	O
2107	23640	i	O
2107	23641	need	O
2107	23642	up	O
2107	23643	to	O
2107	23644	800	O
2107	23645	more	O
2107	23646	follower	O
2107	23647	before	O
2107	23648	i	O
2107	23649	drop	O
2107	23650	my	O
2107	23651	album	O
2107	23652	...	O
2108	23653	Wats	O
2108	23654	good	O
2108	23655	for	O
2108	23656	tonight	O
2108	23657	any	O
2108	23658	partys	O
2108	23659	Have	O
2108	23660	a	O
2108	23661	lovely	O
2108	23662	day	O
2108	23663	and	O
2108	23664	take	O
2108	23665	lots	O
2108	23666	of	O
2108	23667	inappropriate	O
2108	23668	photos	O
2108	23669	!	O
2109	23670	*bg*	O
2109	23671	Rsn	O
2109	23672	out	O
2109	23673	of	O
2109	23674	gas	O
2109	23675	.	O
2110	23676	Walking	O
2110	23677	to	O
2110	23678	the	O
2110	23679	gas	O
2110	23680	station	O
2110	23681	this	O
2110	23682	time	O
2110	23683	.	O
2111	23684	This	O
2111	23685	is	O
2111	23686	supposed	O
2111	23687	to	O
2111	23688	happen	O
2111	23689	!!!	O
2112	23690	'RT	O
2112	23691	Danger	MISC
2112	23692	Days	MISC
2112	23693	The	MISC
2112	23694	True	MISC
2112	23695	Lives	MISC
2112	23696	Of	MISC
2112	23697	The	MISC
2112	23698	Fabulous	MISC
2112	23699	Killjoys	MISC
2112	23700	"""'"	O
2112	23701	I	O
2112	23702	hate	O
2112	23703	when	O
2112	23704	people	O
2112	23705	ask	O
2112	23706	me	O
2112	23707	what	O
2112	23708	are	O
2112	23709	you	O
2112	23710	,	O
2112	23711	like	O
2112	23712	your	O
2112	23713	race	O
2112	23714	"?"""	O
2113	23715	cuz	O
2113	23716	I	O
2113	23717	don't	O
2113	23718	be	O
2113	23719	knowing	O
2113	23720	what	O
2113	23721	to	O
2113	23722	say	O
2113	23723	.	O
2114	23724	I	O
2114	23725	just	O
2114	23726	say	O
2114	23727	I'm	O
2114	23728	black	O
2114	23729	and	O
2114	23730	stuff	O
2114	23731	.	O
2115	23732	lol	O
2115	23733	watching	O
2115	23734	camp	MISC
2115	23735	rock	MISC
2115	23736	2	MISC
2115	23737	again	O
2115	23738	...	O
2116	23739	all	O
2116	23740	the	O
2116	23741	way	O
2116	23742	through	O
2116	23743	this	O
2116	23744	time	O
2116	23745	:P	O
2116	23746	.	O
2117	23747	'RT	O
2117	23748	People	O
2117	23749	that	O
2117	23750	txt	O
2117	23751	back	O
2117	23752	K	O
2117	23753	"."""	O
2118	23754	20	O
2118	23755	minutes	O
2118	23756	after	O
2118	23757	the	O
2118	23758	convo	O
2118	23759	already	O
2118	23760	ended	O
2118	23761	.	O
2119	23762	Three	O
2119	23763	words	O
2119	23764	for	O
2119	23765	you	O
2119	23766	F%*	O
2119	23767	-	O
2119	23768	You	O
2119	23769	-	O
2119	23770	Loser	O
2119	23771	...'	O
2120	23772	Well	O
2120	23773	,	O
2120	23774	after	O
2120	23775	a	O
2120	23776	fast-paced	O
2120	23777	week	O
2120	23778	full	O
2120	23779	of	O
2120	23780	prayer	O
2120	23781	from	O
2120	23782	family	O
2120	23783	and	O
2120	23784	friends	O
2120	23785	,	O
2120	23786	I	O
2120	23787	now	O
2120	23788	have	O
2120	23789	a	O
2120	23790	full	O
2120	23791	time	O
2120	23792	job	O
2120	23793	and	O
2120	23794	I	O
2120	23795	pretty	O
2120	23796	much	O
2120	23797	start	O
2120	23798	Monday	O
2120	23799	:-)	O
2121	23800	Beginners	O
2121	23801	Guides	O
2121	23802	to	O
2121	23803	Blogging	O
2121	23804	and	O
2121	23805	Twitter	ORGANIZATION
2121	23806	Two	O
2121	23807	amazing	O
2121	23808	products	O
2121	23809	from	O
2121	23810	Mike	PERSON
2121	23811	's	O
2121	23812	Life	O
2121	23813	.	O
2122	23814	The	O
2122	23815	60	O
2122	23816	day	O
2122	23817	Beginner	O
2122	23818	's	O
2122	23819	Guide	O
2122	23820	to	O
2122	23821	Bl	O
2122	23822	...	O
2123	23823	WHAAAA	O
2123	23824	?	O
2124	23825	And	O
2124	23826	you	O
2124	23827	actually	O
2124	23828	played	O
2124	23829	?	O
2125	23830	When	O
2125	23831	it	O
2125	23832	wasn't	O
2125	23833	with	O
2125	23834	the	O
2125	23835	Wolstenbeast	O
2125	23836	?!	O
2126	23837	over	O
2126	23838	6000	O
2126	23839	followers	O
2126	23840	!	O
2127	23841	Told	O
2127	23842	you	O
2127	23843	,	O
2127	23844	you	O
2127	23845	would	O
2127	23846	get	O
2127	23847	a	O
2127	23848	lot	O
2127	23849	,	O
2127	23850	you	O
2127	23851	had	O
2127	23852	about	O
2127	23853	2000	O
2127	23854	on	O
2127	23855	the	O
2127	23856	first	O
2127	23857	day	O
2127	23858	.	O
2128	23859	Less	O
2128	23860	and	O
2128	23861	less	O
2128	23862	likely	O
2128	23863	I	O
2128	23864	will	O
2128	23865	win	O
2128	23866	lol	O
2128	23867	Dylan	PERSON
2128	23868	refuses	O
2128	23869	to	O
2128	23870	take	O
2128	23871	a	O
2128	23872	nap	O
2128	23873	and	O
2128	23874	he	O
2128	23875	was	O
2128	23876	up	O
2128	23877	before	O
2128	23878	7am	O
2128	23879	,	O
2128	23880	now	O
2128	23881	he	O
2128	23882	will	O
2128	23883	crash	O
2128	23884	late	O
2128	23885	and	O
2128	23886	stay	O
2128	23887	up	O
2128	23888	half	O
2128	23889	the	O
2128	23890	night	O
2128	23891	When	O
2128	23892	I	O
2128	23893	run	O
2128	23894	over	O
2128	23895	an	O
2128	23896	animal	O
2128	23897	I	O
2128	23898	think	O
2128	23899	of	O
2128	23900	Disney	ORGANIZATION
2128	23901	movies	O
2128	23902	&	O
2128	23903	that	O
2128	23904	I	O
2128	23905	just	O
2128	23906	ran	O
2128	23907	over	O
2128	23908	someones	O
2128	23909	brother	O
2128	23910	,	O
2128	23911	mom	O
2128	23912	or	O
2128	23913	dad	O
2128	23914	.	O
2129	23915	The	O
2129	23916	full	O
2129	23917	life	O
2129	23918	montage	O
2129	23919	helps	O
2129	23920	RT	O
2129	23921	Annual	O
2129	23922	Whole	MISC
2129	23923	Hog	MISC
2129	23924	Dinner	MISC
2129	23925	Wed	O
2129	23926	Oct	O
2129	23927	27	O
2129	23928	;	O
2129	23929	3	O
2129	23930	seatings	O
2129	23931	,	O
2129	23932	communal	O
2129	23933	tables	O
2129	23934	,	O
2129	23935	family	O
2129	23936	style	O
2129	23937	$49	O
2129	23938	;	O
2129	23939	for	O
2129	23940	details	O
2129	23941	.	O
2130	23942	oh	O
2130	23943	and	O
2130	23944	by	O
2130	23945	the	O
2130	23946	way	O
2130	23947	i	O
2130	23948	don't	O
2130	23949	want	O
2130	23950	to	O
2130	23951	leave	O
2130	23952	tomorrow	O
2130	23953	:(	O
2131	23954	I	O
2131	23955	just	O
2131	23956	bought	O
2131	23957	Dior	MISC
2131	23958	mascara	O
2131	23959	for	O
2131	23960	the	O
2131	23961	first	O
2131	23962	time	O
2131	23963	.....	O
2132	23964	its	O
2132	23965	the	O
2132	23966	only	O
2132	23967	mascara	O
2132	23968	that	O
2132	23969	doesn't	O
2132	23970	make	O
2132	23971	me	O
2132	23972	wanna	O
2132	23973	wear	O
2132	23974	lashes	O
2132	23975	.	O
2133	23976	I've	O
2133	23977	never	O
2133	23978	laughed	O
2133	23979	so	O
2133	23980	much	O
2133	23981	in	O
2133	23982	my	O
2133	23983	entire	O
2133	23984	life	O
2133	23985	as	O
2133	23986	i	O
2133	23987	have	O
2133	23988	tonight	O
2133	23989	.	O
2134	23990	my	O
2134	23991	eyes	O
2134	23992	are	O
2134	23993	watering	O
2134	23994	,	O
2134	23995	it	O
2134	23996	hurts	O
2134	23997	to	O
2134	23998	move	O
2134	23999	and	O
2134	24000	i	O
2134	24001	actually	O
2134	24002	fell	O
2134	24003	off	O
2134	24004	my	O
2134	24005	chair	O
2134	24006	once	O
2134	24007	/Lebowski'd	O
2134	24008	RT	O
2134	24009	When	O
2134	24010	I'm	O
2134	24011	pope	PERSON
2134	24012	the	O
2134	24013	first	O
2134	24014	thing	O
2134	24015	I'm	O
2134	24016	going	O
2134	24017	to	O
2134	24018	do	O
2134	24019	is	O
2134	24020	shit	O
2134	24021	in	O
2134	24022	the	O
2134	24023	woods	O
2134	24024	.	O
2135	24025	I	O
2135	24026	can	O
2135	24027	be	O
2135	24028	...	O
2136	24029	when	O
2136	24030	I	O
2136	24031	want	O
2136	24032	to	O
2136	24033	be	O
2136	24034	.	O
2137	24035	RT	O
2137	24036	You	O
2137	24037	are	O
2137	24038	so	O
2137	24039	benevolent	O
2137	24040	,	O
2137	24041	oh	O
2137	24042	kind	O
2137	24043	master	O
2137	24044	.	O
2138	24045	RT	O
2138	24046	Aye	O
2138	24047	how	O
2138	24048	about	O
2138	24049	u	O
2138	24050	catch	O
2138	24051	a	O
2138	24052	red	O
2138	24053	eye	O
2138	24054	out	O
2138	24055	tonight	O
2138	24056	so	O
2138	24057	u	O
2138	24058	can	O
2138	24059	come	O
2138	24060	out	O
2138	24061	tonight	O
2138	24062	?	O
2139	24063	LMaO	O
2139	24064	it	O
2139	24065	's	O
2139	24066	simple	O
2139	24067	to	O
2139	24068	get	O
2139	24069	two	O
2139	24070	films	O
2139	24071	worth	O
2139	24072	of	O
2139	24073	filming	O
2139	24074	done	O
2139	24075	in	O
2139	24076	a	O
2139	24077	year	O
2139	24078	.	O
2140	24079	3	O
2140	24080	pushes	O
2140	24081	it	O
2140	24082	a	O
2140	24083	bit	O
2140	24084	,	O
2140	24085	but	O
2140	24086	is	O
2140	24087	possible	O
2140	24088	.	O
2141	24089	4	O
2141	24090	is	O
2141	24091	on	O
2141	24092	the	O
2141	24093	limit	O
2141	24094	.	O
2142	24095	depends	O
2142	24096	though	O
2142	24097	You	O
2142	24098	Get	O
2142	24099	What	O
2142	24100	You	O
2142	24101	Give	O
2142	24102	~	O
2142	24103	Zac	MISC
2142	24104	Brown	MISC
2142	24105	Band	MISC
2142	24106	40	O
2142	24107	days	O
2142	24108	in	O
2142	24109	the	O
2142	24110	top	O
2142	24111	100	O
2142	24112	Release	O
2142	24113	Date	O
2142	24114	September	O
2142	24115	21	O
2142	24116	,	O
2142	24117	2010Buy	O
2142	24118	new	O
2142	24119	$	O
2142	24120	18.98	O
2143	24121	$	O
2143	24122	...	O
2144	24123	This	O
2144	24124	time	O
2144	24125	tomorow	O
2144	24126	i'll	O
2144	24127	be	O
2144	24128	in	O
2144	24129	Taorminaa	LOCATION
2144	24130	:D	O
2145	24131	DD	O
2145	24132	^^	O
2145	24133	hmm	O
2145	24134	,	O
2145	24135	I	O
2145	24136	always	O
2145	24137	get	O
2145	24138	a	O
2145	24139	bit	O
2145	24140	scared	O
2145	24141	when	O
2145	24142	I	O
2145	24143	update	O
2145	24144	my	O
2145	24145	Blackberry	ORGANIZATION
2145	24146	....	O
2146	24147	Good	O
2146	24148	day	O
2146	24149	today	O
2146	24150	:)	O
2147	24151	What	O
2147	24152	the	O
2147	24153	:\	O
2147	24154	after	O
2147	24155	tweeting	O
2147	24156	monkey	O
2147	24157	donkey	O
2147	24158	my	O
2147	24159	first	O
2147	24160	account	O
2147	24161	got	O
2147	24162	limit	O
2147	24163	Only	O
2147	24164	about	O
2147	24165	1/3	O
2147	24166	done	O
2147	24167	w/	O
2147	24168	ch	O
2147	24169	6	O
2147	24170	Looks	O
2147	24171	like	O
2147	24172	those	O
2147	24173	of	O
2147	24174	u	O
2147	24175	who	O
2147	24176	told	O
2147	24177	me	O
2147	24178	u	O
2147	24179	still	O
2147	24180	need	O
2147	24181	to	O
2147	24182	catch	O
2147	24183	up	O
2147	24184	will	O
2147	24185	have	O
2147	24186	time	O
2147	24187	2	O
2147	24188	Will	O
2147	24189	get	O
2147	24190	to	O
2147	24191	review	O
2147	24192	replies	O
2147	24193	soon	O
2147	24194	!!!	O
2148	24195	not	O
2148	24196	going	O
2148	24197	out	O
2148	24198	tonight	O
2148	24199	,	O
2148	24200	but	O
2148	24201	I	O
2148	24202	love	O
2148	24203	you	O
2148	24204	.	O
2149	24205	productive	O
2149	24206	room	O
2149	24207	cleaning	O
2149	24208	being	O
2149	24209	done	O
2149	24210	!	O
2150	24211	Maybe	O
2150	24212	if	O
2150	24213	I'd	O
2150	24214	told	O
2150	24215	you	O
2150	24216	the	O
2150	24217	right	O
2150	24218	words	O
2150	24219	At	O
2150	24220	the	O
2150	24221	right	O
2150	24222	time	O
2150	24223	You'd	O
2150	24224	be	O
2150	24225	mine	O
2150	24226	Added	O
2150	24227	a	O
2150	24228	few	O
2150	24229	people	O
2150	24230	tonight	O
2150	24231	so	O
2150	24232	if	O
2150	24233	I	O
2150	24234	added	O
2150	24235	you	O
2150	24236	i'm	O
2150	24237	not	O
2150	24238	a	O
2150	24239	stalker	O
2150	24240	,	O
2150	24241	just	O
2150	24242	following	O
2150	24243	amd	O
2150	24244	his	O
2150	24245	ty	O
2150	24246	:)	O
2151	24247	'ive	O
2151	24248	been	O
2151	24249	driving	O
2151	24250	all	O
2151	24251	over	O
2151	24252	the	O
2151	24253	place	O
2151	24254	today	O
2151	24255	and	O
2151	24256	this	O
2151	24257	is	O
2151	24258	the	O
2151	24259	7th	O
2151	24260	time	O
2151	24261	ive	O
2151	24262	heard	O
2151	24263	dynamite	MISC
2151	24264	on	O
2151	24265	the	O
2151	24266	radio	O
2151	24267	.	O
2152	24268	though'	O
2152	24269	RT	O
2152	24270	Homemade	O
2152	24271	PAPALOTE	O
2152	24272	Vegan	O
2152	24273	Soyrizo	O
2152	24274	Tamales	O
2152	24275	and	O
2152	24276	Soyrizo	O
2152	24277	Tamales	O
2152	24278	at	O
2152	24279	OFF	LOCATION
2152	24280	the	LOCATION
2152	24281	GRID	LOCATION
2152	24282	Fort	LOCATION
2152	24283	Mason	LOCATION
2152	24284	at	O
2152	24285	5PM	O
2152	24286	TODAY	O
2152	24287	!!	O
2153	24288	salsa	O
2153	24289	,	O
2153	24290	salsa	O
2153	24291	,	O
2153	24292	my	O
2153	24293	fav	O
2153	24294	I	O
2153	24295	fully	O
2153	24296	expect	O
2153	24297	that	O
2153	24298	my	O
2153	24299	shrimp	O
2153	24300	will	O
2153	24301	be	O
2153	24302	delicious	O
2153	24303	tonight	O
2153	24304	,	O
2153	24305	if	O
2153	24306	not	O
2153	24307	extra	O
2153	24308	buttery	O
2153	24309	from	O
2153	24310	the	O
2153	24311	oil	O
2153	24312	spills	O
2153	24313	.	O
2154	24314	RT	O
2154	24315	Having	O
2154	24316	repaired	O
2154	24317	500	O
2154	24318	years	O
2154	24319	of	O
2154	24320	religious	O
2154	24321	division	O
2154	24322	and	O
2154	24323	set	O
2154	24324	an	O
2154	24325	example	O
2154	24326	of	O
2154	24327	tolerance	O
2154	24328	and	O
2154	24329	leadership	O
2154	24330	to	O
2154	24331	the	O
2154	24332	Christian	O
2154	24333	world	O
2154	24334	,	O
2154	24335	one	O
2154	24336	...	O
2155	24337	RT	O
2155	24338	This	O
2155	24339	week	O
2155	24340	's	O
2155	24341	has	O
2155	24342	started	O
2155	24343	!	O
2156	24344	Follow	O
2156	24345	us	O
2156	24346	for	O
2156	24347	a	O
2156	24348	chance	O
2156	24349	to	O
2156	24350	win	O
2156	24351	a	O
2156	24352	free	O
2156	24353	bottle	O
2156	24354	of	O
2156	24355	!	O
2157	24356	wow	O
2157	24357	,	O
2157	24358	sounds	O
2157	24359	like	O
2157	24360	ur	O
2157	24361	pretty	O
2157	24362	busy	O
2157	24363	these	O
2157	24364	days	O
2157	24365	...	O
2158	24366	twitpic	ORGANIZATION
2158	24367	ur	O
2158	24368	new	O
2158	24369	haircut	O
2158	24370	hehe	O
2158	24371	:)	O
2159	24372	so	O
2159	24373	ur	O
2159	24374	havin	O
2159	24375	a	O
2159	24376	relaxin	O
2159	24377	friday	O
2159	24378	,	O
2159	24379	no	O
2159	24380	parties	O
2159	24381	?	O
2160	24382	I	O
2160	24383	spent	O
2160	24384	my	O
2160	24385	day	O
2160	24386	Photoshopping	O
2160	24387	Kerri	PERSON
2160	24388	russel	PERSON
2160	24389	into	O
2160	24390	a	O
2160	24391	mutant	O
2160	24392	headed	O
2160	24393	tree	O
2160	24394	hugger	O
2160	24395	,	O
2160	24396	Now	O
2160	24397	that	O
2160	24398	thats	O
2160	24399	done	O
2160	24400	.	O
2161	24401	Im	O
2161	24402	off	O
2161	24403	to	O
2161	24404	my	O
2161	24405	late	O
2161	24406	night	O
2161	24407	job	O
2161	24408	,	O
2161	24409	Sittin	O
2161	24410	BABIES	O
2161	24411	lalala	O
2161	24412	south	O
2161	24413	game	O
2161	24414	tonight	O
2161	24415	!!!!	O
2162	24416	Go	O
2162	24417	us	O
2162	24418	.	O
2163	24419	yupp	O
2163	24420	!	O
2164	24421	RT	O
2164	24422	have	O
2164	24423	u	O
2164	24424	ever	O
2164	24425	met	O
2164	24426	some1	O
2164	24427	that	O
2164	24428	when	O
2164	24429	u	O
2164	24430	tell	O
2164	24431	a	O
2164	24432	story	O
2164	24433	THEY	O
2164	24434	HAVE	O
2164	24435	to	O
2164	24436	tell	O
2164	24437	their	O
2164	24438	story	O
2164	24439	2	O
2164	24440	overshadow	O
2164	24441	yours	O
2164	24442	to	O
2164	24443	feel	O
2164	24444	superior	O
2164	24445	Yes	O
2164	24446	sir	O
2164	24447	,	O
2164	24448	is	O
2164	24449	on	O
2164	24450	a	O
2164	24451	customer	O
2164	24452	service	O
2164	24453	roll	O
2164	24454	today	O
2164	24455	.	O
2165	24456	Good	O
2165	24457	man	O
2165	24458	that	O
2165	24459	Josh	PERSON
2165	24460	.	O
2166	24461	Beer	O
2166	24462	after	O
2166	24463	golf	O
2166	24464	??	O
2167	24465	Give	O
2167	24466	me	O
2167	24467	a	O
2167	24468	hell	O
2167	24469	yeah	O
2167	24470	!!	O
2168	24471	White	LOCATION
2168	24472	Eagle	LOCATION
2168	24473	RT	O
2168	24474	Pookie	O
2168	24475	Release	O
2168	24476	From	O
2168	24477	Prison	O
2168	24478	Day	O
2168	24479	aww	O
2168	24480	shame	O
2168	24481	he	O
2168	24482	's	O
2168	24483	not	O
2168	24484	full	O
2168	24485	of	O
2168	24486	beans	O
2168	24487	too	O
2168	24488	!	O
2169	24489	ah	O
2169	24490	well	O
2169	24491	,	O
2169	24492	as	O
2169	24493	long	O
2169	24494	as	O
2169	24495	you're	O
2169	24496	having	O
2169	24497	fun	O
2169	24498	;-	O
2169	24499	hmm	O
2169	24500	I	O
2169	24501	fancy	O
2169	24502	a	O
2169	24503	drink	O
2169	24504	now	O
2169	24505	:)	O
2170	24506	today	O
2170	24507	everything	O
2170	24508	will	O
2170	24509	gonna	O
2170	24510	be	O
2170	24511	okay	O
2170	24512	,	O
2170	24513	i	O
2170	24514	know	O
2170	24515	it	O
2170	24516	.	O
2171	24517	Haaaa	O
2171	24518	,	O
2171	24519	the	O
2171	24520	secret	O
2171	24521	.	O
2172	24522	I	O
2172	24523	know	O
2172	24524	I	O
2172	24525	know	O
2172	24526	it	O
2172	24527	,	O
2172	24528	I	O
2172	24529	will	O
2172	24530	meet	O
2172	24531	very	O
2172	24532	much	O
2172	24533	cool	O
2172	24534	people	O
2172	24535	.	O
2173	24536	Yes	O
2173	24537	yes	O
2173	24538	yes	O
2173	24539	.	O
2174	24540	IKNOWIT	O
2174	24541	':::	O
2174	24542	Flashback	O
2174	24543	Friday	O
2174	24544	-	O
2174	24545	Dancing	MISC
2174	24546	Queen	MISC
2174	24547	RT	O
2174	24548	When	O
2174	24549	I	O
2174	24550	was	O
2174	24551	little	O
2174	24552	,	O
2174	24553	I	O
2174	24554	had	O
2174	24555	a	O
2174	24556	huge	O
2174	24557	imagination	O
2174	24558	.	O
2175	24559	Now	O
2175	24560	I	O
2175	24561	can't	O
2175	24562	even	O
2175	24563	make	O
2175	24564	up	O
2175	24565	a	O
2175	24566	story	O
2175	24567	for	O
2175	24568	english	O
2175	24569	class	O
2175	24570	.	O
2176	24571	I	O
2176	24572	KNEW	O
2176	24573	IT	O
2176	24574	RT	O
2176	24575	Awh	O
2176	24576	...	O
2177	24577	still	O
2177	24578	manages	O
2177	24579	to	O
2177	24580	be	O
2177	24581	nice	O
2177	24582	when	O
2177	24583	he	O
2177	24584	's	O
2177	24585	drunk	O
2177	24586	.	O
2178	24587	L	O
2178	24588	diggy	PERSON
2178	24589	should	O
2178	24590	follow	O
2178	24591	me	O
2178	24592	because	O
2178	24593	i	O
2178	24594	saw	O
2178	24595	him	O
2178	24596	at	O
2178	24597	's	O
2178	24598	concert	O
2178	24599	on	O
2178	24600	september	O
2178	24601	third	O
2178	24602	:D	O
2179	24603	We	O
2179	24604	bought	O
2179	24605	Riley	PERSON
2179	24606	a	O
2179	24607	onesie	O
2179	24608	today	O
2179	24609	.	O
2180	24610	:)	O
2181	24611	hmmm	O
2181	24612	.	O
2182	24613	Cant	O
2182	24614	wait	O
2182	24615	.	O
2183	24616	Comin	O
2183	24617	on	O
2183	24618	Thursday	O
2183	24619	.	O
2184	24620	First	O
2184	24621	time	O
2184	24622	to	O
2184	24623	the	LOCATION
2184	24624	Apollo	LOCATION
2184	24625	.	O
2185	24626	Well	O
2185	24627	,	O
2185	24628	I	O
2185	24629	was	O
2185	24630	gonna	O
2185	24631	buy	O
2185	24632	a	O
2185	24633	Zune	MISC
2185	24634	HD	MISC
2185	24635	...	O
2186	24636	but	O
2186	24637	now	O
2186	24638	that	O
2186	24639	the	O
2186	24640	exists	O
2186	24641	,	O
2186	24642	I	O
2186	24643	must	O
2186	24644	go	O
2186	24645	to	O
2186	24646	D.C.	LOCATION
2187	24647	next	O
2187	24648	month	O
2187	24649	.	O
2188	24650	YESSSSSS	O
2188	24651	.	O
2189	24652	So	O
2189	24653	I'm	O
2189	24654	off	O
2189	24655	to	O
2189	24656	the	O
2189	24657	Mumpreneur	MISC
2189	24658	Awards	MISC
2189	24659	tomorrow	O
2189	24660	and	O
2189	24661	leaving	O
2189	24662	daughter	O
2189	24663	to	O
2189	24664	talk	O
2189	24665	to	O
2189	24666	press	O
2189	24667	&	O
2189	24668	buyers	O
2189	24669	on	O
2189	24670	our	O
2189	24671	stand	O
2189	24672	I'm	O
2189	24673	trying	O
2189	24674	to	O
2189	24675	figure	O
2189	24676	out	O
2189	24677	if	O
2189	24678	I	O
2189	24679	wanna	O
2189	24680	do	O
2189	24681	something	O
2189	24682	tonight	O
2189	24683	now	O
2189	24684	my	O
2189	24685	instructor	O
2189	24686	says	O
2189	24687	that	O
2189	24688	when	O
2189	24689	he	O
2189	24690	picks	O
2189	24691	me	O
2189	24692	up	O
2189	24693	I'm	O
2189	24694	just	O
2189	24695	gonna	O
2189	24696	get	O
2189	24697	straight	O
2189	24698	into	O
2189	24699	the	O
2189	24700	drivers	O
2189	24701	seat	O
2189	24702	!	O
2190	24703	L	O
2190	24704	I	O
2190	24705	think	O
2190	24706	I'll	O
2190	24707	cope	O
2190	24708	!!	O
2191	24709	lol	O
2191	24710	x	O
2191	24711	cause	O
2191	24712	I	O
2191	24713	was	O
2191	24714	too	O
2191	24715	busy	O
2191	24716	singing	O
2191	24717	my	O
2191	24718	heart	O
2191	24719	out	O
2191	24720	and	O
2191	24721	all	O
2191	24722	.	O
2192	24723	It	O
2192	24724	's	O
2192	24725	hard	O
2192	24726	to	O
2192	24727	go	O
2192	24728	crazy	O
2192	24729	when	O
2192	24730	you're	O
2192	24731	trying	O
2192	24732	to	O
2192	24733	record	O
2192	24734	something	O
2192	24735	:p	O
2192	24736	td	O
2192	24737	bem	O
2192	24738	que	O
2192	24739	as	O
2192	24740	meninas	O
2192	24741	do	O
2192	24742	outro	O
2192	24743	time	O
2192	24744	eram	O
2192	24745	mt	O
2192	24746	brutas	O
2192	24747	e	O
2192	24748	cavalas	O
2192	24749	,	O
2192	24750	maais	O
2192	24751	foi	O
2192	24752	bom	O
2192	24753	,	O
2192	24754	porq	O
2192	24755	.	O
2193	24756	ganhamos	O
2193	24757	RT	O
2193	24758	How	O
2193	24759	many	O
2193	24760	Sagittarians	O
2193	24761	does	O
2193	24762	it	O
2193	24763	take	O
2193	24764	to	O
2193	24765	change	O
2193	24766	a	O
2193	24767	lightbulb	O
2193	24768	?	O
2194	24769	The	O
2194	24770	sun	O
2194	24771	is	O
2194	24772	shining	O
2194	24773	,	O
2194	24774	the	O
2194	24775	day	O
2194	24776	is	O
2194	24777	young	O
2194	24778	and	O
2194	24779	youre	O
2194	24780	worrying	O
2194	24781	about	O
2194	24782	...	O
2195	24783	r	O
2195	24784	rated	O
2195	24785	Weekend	O
2195	24786	Movie	O
2195	24787	News	O
2195	24788	Wrap	O
2195	24789	Up	O
2195	24790	July	O
2195	24791	11	O
2195	24792	,	O
2195	24793	2010	O
2195	24794	Screen	O
2195	24795	Rant	O
2195	24796	Got	O
2195	24797	my	O
2195	24798	office	O
2195	24799	all	O
2195	24800	reranged	O
2195	24801	from	O
2195	24802	how	O
2195	24803	I	O
2195	24804	put	O
2195	24805	it	O
2195	24806	yesterday	O
2195	24807	!	O
2196	24808	=)	O
2197	24809	May	O
2197	24810	I	O
2197	24811	ask	O
2197	24812	what	O
2197	24813	is	O
2197	24814	it	O
2197	24815	with	O
2197	24816	your	O
2197	24817	severe	O
2197	24818	hatred	O
2197	24819	for	O
2197	24820	the	O
2197	24821	word	O
2197	24822	bro'?	O
2198	24823	I	O
2198	24824	know	O
2198	24825	right	O
2198	24826	..	O
2199	24827	he	O
2199	24828	's	O
2199	24829	my	O
2199	24830	baby	O
2199	24831	cos	O
2199	24832	he	O
2199	24833	's	O
2199	24834	way	O
2199	24835	younger	O
2199	24836	than	O
2199	24837	me	O
2199	24838	...	O
2200	24839	like	O
2200	24840	4	O
2200	24841	years	O
2200	24842	junior	O
2200	24843	...	O
2201	24844	awwww	O
2201	24845	I	O
2201	24846	had	O
2201	24847	to	O
2201	24848	sharply	O
2201	24849	spill	O
2201	24850	!	O
2202	24851	LOL	O
2202	24852	!	O
2203	24853	RT	O
2203	24854	Daily	ORGANIZATION
2203	24855	Mail	ORGANIZATION
2203	24856	's	O
2203	24857	not-at-all	O
2203	24858	predictable	O
2203	24859	front	O
2203	24860	page	O
2203	24861	headline	O
2203	24862	tomorrow	O
2203	24863	Pope	PERSON
2203	24864	's	O
2203	24865	battle	O
2203	24866	to	O
2203	24867	save	O
2203	24868	Christmas	MISC
2203	24869	.	O
2204	24870	I'm	O
2204	24871	almost	O
2204	24872	halfway	O
2204	24873	through	O
2204	24874	my	O
2204	24875	challenge	O
2204	24876	!	O
2205	24877	Getting	O
2205	24878	takeout	O
2205	24879	for	O
2205	24880	the	O
2205	24881	first	O
2205	24882	time	O
2205	24883	tonight	O
2205	24884	-	O
2205	24885	what	O
2205	24886	to	O
2205	24887	get	O
2205	24888	?!	O
2206	24889	Tarantula	O
2206	24890	in	O
2206	24891	my	O
2206	24892	lounge	O
2206	24893	last	O
2206	24894	night	O
2206	24895	,	O
2206	24896	hoping	O
2206	24897	i	O
2206	24898	dont	O
2206	24899	get	O
2206	24900	a	O
2206	24901	repeat	O
2206	24902	tonight	O
2206	24903	Chevron	ORGANIZATION
2206	24904	gouging	O
2206	24905	consumers	O
2206	24906	by	O
2206	24907	claiming	O
2206	24908	payments	O
2206	24909	are	O
2206	24910	late	O
2206	24911	when	O
2206	24912	in	O
2206	24913	reality	O
2206	24914	statement	O
2206	24915	delivery	O
2206	24916	is	O
2206	24917	very	O
2206	24918	poor	O
2206	24919	turnaround	O
2206	24920	time	O
2206	24921	.	O
2207	24922	charging	O
2207	24923	hefty	O
2207	24924	fee	O
2207	24925	's	O
2207	24926	DING	O
2207	24927	DONG	O
2207	24928	DING	O
2207	24929	DONG	O
2207	24930	guess	O
2207	24931	who	O
2207	24932	's	O
2207	24933	comin	O
2207	24934	dinner	O
2207	24935	tonight	O
2207	24936	?	O
2208	24937	U	O
2208	24938	gonna	O
2208	24939	be	O
2208	24940	part	O
2208	24941	of	O
2208	24942	my	O
2208	24943	meal	O
2208	24944	tonight	O
2208	24945	.......	O
2209	24946	One	O
2209	24947	thing	O
2209	24948	about	O
2209	24949	twitteris	O
2209	24950	,	O
2209	24951	We	O
2209	24952	all	O
2209	24953	have	O
2209	24954	plenty	O
2209	24955	of	O
2209	24956	time	O
2209	24957	...	O
2210	24958	LOL	O
2210	24959	:-)	O
2211	24960	i	O
2211	24961	saw	O
2211	24962	chelsea	PERSON
2211	24963	today	O
2211	24964	u	O
2211	24965	weren't	O
2211	24966	there	O
2211	24967	?	O
2212	24968	WTF	O
2212	24969	to	O
2212	24970	cheer	O
2212	24971	him	O
2212	24972	up	O
2212	24973	,	O
2212	24974	he	O
2212	24975	's	O
2212	24976	not	O
2212	24977	feeling	O
2212	24978	so	O
2212	24979	hot	O
2212	24980	today	O
2212	24981	.	O
2213	24982	and	O
2213	24983	send	O
2213	24984	him	O
2213	24985	some	O
2213	24986	virtual	O
2213	24987	soup	O
2213	24988	Is	O
2213	24989	ur	O
2213	24990	date	O
2213	24991	interested	O
2213	24992	in	O
2213	24993	a	O
2213	24994	hook-up	O
2213	24995	or	O
2213	24996	long-term	O
2213	24997	relationship	O
2213	24998	?	O
2214	24999	Answer	O
2214	25000	lies	O
2214	25001	in	O
2214	25002	what	O
2214	25003	he	O
2214	25004	's	O
2214	25005	looking	O
2214	25006	at-your	O
2214	25007	face	O
2214	25008	or	O
2214	25009	your	O
2214	25010	bod	O
2214	25011	!	O
2215	25012	Jupiter	LOCATION
2215	25013	Closest	O
2215	25014	Approach	O
2215	25015	in	O
2215	25016	Nearly	O
2215	25017	50	O
2215	25018	years	O
2215	25019	.	O
2216	25020	Catch	O
2216	25021	it	O
2216	25022	nxt	O
2216	25023	week	O
2216	25024	.	O
2217	25025	It	O
2217	25026	wnt	O
2217	25027	B	O
2217	25028	that	O
2217	25029	big	O
2217	25030	or	O
2217	25031	bright	O
2217	25032	again	O
2217	25033	til	O
2217	25034	2022	O
2217	25035	An	O
2217	25036	Entire	O
2217	25037	Facebook	ORGANIZATION
2217	25038	Photo	O
2217	25039	Album	O
2217	25040	Captured	O
2217	25041	in	O
2217	25042	a	O
2217	25043	Single	O
2217	25044	Long	O
2217	25045	Exposure	O
2217	25046	Photograph	O
2217	25047	Photography	O
2217	25048	aye	O
2217	25049	been	O
2217	25050	tonight	O
2217	25051	-	O
2217	25052	excellent	O
2217	25053	ok	O
2217	25054	I'm	O
2217	25055	gonna	O
2217	25056	fb	O
2217	25057	message	O
2217	25058	you	O
2217	25059	deets	O
2217	25060	when	O
2217	25061	I	O
2217	25062	get	O
2217	25063	a	O
2217	25064	chance	O
2217	25065	!	O
2218	25066	game	O
2218	25067	tonight	O
2218	25068	!!!!!!	O
2219	25069	I	O
2219	25070	haven't	O
2219	25071	driven	O
2219	25072	to	O
2219	25073	bc	LOCATION
2219	25074	in	O
2219	25075	years	O
2219	25076	,	O
2219	25077	and	O
2219	25078	I	O
2219	25079	am	O
2219	25080	just	O
2219	25081	stunned	O
2219	25082	by	O
2219	25083	how	O
2219	25084	beautiful	O
2219	25085	the	O
2219	25086	drive	O
2219	25087	is	O
2219	25088	.	O
2220	25089	don't	O
2220	25090	do	O
2220	25091	the	O
2220	25092	crime	O
2220	25093	if	O
2220	25094	you	O
2220	25095	can't	O
2220	25096	serve	O
2220	25097	the	O
2220	25098	time	O
2220	25099	.	O
2221	25100	;)	O
2222	25101	eh	O
2222	25102	?	O
2223	25103	horner	O
2223	25104	's	O
2223	25105	on	O
2223	25106	the	O
2223	25107	start	O
2223	25108	list	O
2223	25109	RT	O
2223	25110	Heading	O
2223	25111	to	O
2223	25112	for	O
2223	25113	Q&A	O
2223	25114	.	O
2224	25115	Back	O
2224	25116	in	O
2224	25117	Ione	ORGANIZATION
2224	25118	to	O
2224	25119	ride	O
2224	25120	tomorrow	O
2224	25121	!	O
2225	25122	new	O
2225	25123	office	O
2225	25124	furniture-	O
2225	25125	check	O
2225	25126	,	O
2225	25127	paintings	O
2225	25128	of	O
2225	25129	hubby-	O
2225	25130	check	O
2225	25131	,	O
2225	25132	neuro	O
2225	25133	drink	O
2225	25134	stock-	O
2225	25135	check	O
2225	25136	,	O
2225	25137	finished	O
2225	25138	giving	O
2225	25139	interview-	O
2225	25140	check	O
2225	25141	.	O
2226	25142	time	O
2226	25143	2	O
2226	25144	go	O
2226	25145	home	O
2226	25146	.	O
2227	25147	The	O
2227	25148	week	O
2227	25149	ahead	O
2227	25150	-	O
2227	25151	G'mar	O
2227	25152	chatima	O
2227	25153	tova	O
2227	25154	,	O
2227	25155	internet	O
2227	25156	!	O
2228	25157	'RT	O
2228	25158	For	O
2228	25159	anyone	O
2228	25160	having	O
2228	25161	a	O
2228	25162	bad	O
2228	25163	day	O
2228	25164	,	O
2228	25165	just	O
2228	25166	remember	O
2228	25167	If	O
2228	25168	God	PERSON
2228	25169	brings	O
2228	25170	you	O
2228	25171	to	O
2228	25172	it	O
2228	25173	,	O
2228	25174	He	O
2228	25175	will	O
2228	25176	bring	O
2228	25177	you	O
2228	25178	through	O
2228	25179	it	O
2228	25180	"!"""	O
2229	25181	-KimKardashian	O
2229	25182	...'	O
2230	25183	HAPPY	O
2230	25184	BIRTHDAY	O
2230	25185	!	O
2231	25186	:D	O
2232	25187	.	O
2233	25188	Hope	O
2233	25189	you're	O
2233	25190	having	O
2233	25191	an	O
2233	25192	amazingrific	O
2233	25193	day	O
2233	25194	!!!	O
2234	25195	:D	O
2235	25196	.	O
2236	25197	RT	O
2236	25198	This	O
2236	25199	is	O
2236	25200	going	O
2236	25201	to	O
2236	25202	be	O
2236	25203	an	O
2236	25204	amazing	O
2236	25205	weekend	O
2236	25206	w/3	O
2236	25207	events	O
2236	25208	on	O
2236	25209	the	O
2236	25210	same	O
2236	25211	day	O
2236	25212	benefiting	O
2236	25213	lung	O
2236	25214	cancer	O
2236	25215	research	O
2236	25216	Sun/Sept	O
2236	25217	19	O
2236	25218	!...	O
2237	25219	http	O
2237	25220	...	O
2238	25221	ellwood	PERSON
2238	25222	's	O
2238	25223	sushi	O
2238	25224	,	O
2238	25225	a	O
2238	25226	glass	O
2238	25227	of	O
2238	25228	pinot	O
2238	25229	,	O
2238	25230	strokes	MISC
2238	25231	of	MISC
2238	25232	genius	MISC
2238	25233	by	O
2238	25234	john	PERSON
2238	25235	wertheim	PERSON
2238	25236	,	O
2238	25237	play	O
2238	25238	at	O
2238	25239	barksdale	LOCATION
2238	25240	in	O
2238	25241	a	O
2238	25242	bit	O
2238	25243	,	O
2238	25244	lovely	O
2238	25245	friday	O
2238	25246	night	O
2238	25247	:)	O
2239	25248	RT	O
2239	25249	Someone	O
2239	25250	please	O
2239	25251	wake	O
2239	25252	me	O
2239	25253	up	O
2239	25254	when	O
2239	25255	May	O
2239	25256	7	O
2239	25257	,	O
2239	25258	2011	O
2239	25259	gets	O
2239	25260	here	O
2239	25261	!	O
2240	25262	ooh	O
2240	25263	that	O
2240	25264	sounds	O
2240	25265	lovely	O
2240	25266	:)	O
2241	25267	we	O
2241	25268	had	O
2241	25269	lots	O
2241	25270	sunshine	O
2241	25271	2-	O
2241	25272	hope	O
2241	25273	it	O
2241	25274	stays	O
2241	25275	4	O
2241	25276	tomo	O
2241	25277	when	O
2241	25278	we	O
2241	25279	going	O
2241	25280	to	O
2241	25281	do	O
2241	25282	the	O
2241	25283	doggie	O
2241	25284	show	O
2241	25285	*paws	O
2241	25286	x-d*	O
2241	25287	!	O
2242	25288	x	O
2242	25289	x	O
2242	25290	Haven't	O
2242	25291	tweeted	O
2242	25292	since	O
2242	25293	june	O
2242	25294	wow	O
2242	25295	.......................	O
2243	25296	but	O
2243	25297	I	O
2243	25298	did	O
2243	25299	get	O
2243	25300	a	O
2243	25301	facebook	ORGANIZATION
2243	25302	so	O
2243	25303	who	O
2243	25304	cares	O
2243	25305	about	O
2243	25306	twitter	ORGANIZATION
2243	25307	'I	O
2243	25308	just	O
2243	25309	took	O
2243	25310	Justin	PERSON
2243	25311	Bieber	PERSON
2243	25312	takes	O
2243	25313	2	O
2243	25314	months	O
2243	25315	off	O
2243	25316	career	O
2243	25317	to	O
2243	25318	finish	O
2243	25319	school	O
2243	25320	,	O
2243	25321	H	O
2243	25322	"..."""	O
2244	25323	and	O
2244	25324	got	O
2244	25325	Part	O
2244	25326	25	O
2244	25327	They	O
2244	25328	got	O
2244	25329	my	O
2244	25330	back	O
2244	25331	.!	O
2245	25332	Try	O
2245	25333	it	O
2245	25334	So	O
2245	25335	here	O
2245	25336	in	O
2245	25337	Belgium	LOCATION
2245	25338	its	O
2245	25339	now	O
2245	25340	7minutes	O
2245	25341	before	O
2245	25342	midnight	O
2245	25343	,,	O
2245	25344	Tell	O
2245	25345	me	O
2245	25346	how	O
2245	25347	late	O
2245	25348	it	O
2245	25349	is	O
2245	25350	were	O
2245	25351	you	O
2245	25352	live	O
2245	25353	:D	O
2246	25354	RT	O
2246	25355	Ladbrokes	O
2246	25356	Labour	O
2246	25357	Leadership	O
2246	25358	Market-	O
2246	25359	Ed	PERSON
2246	25360	Miliband	PERSON
2246	25361	's	O
2246	25362	odds	O
2246	25363	have	O
2246	25364	shortened	O
2246	25365	significantly	O
2246	25366	in	O
2246	25367	the	O
2246	25368	last	O
2246	25369	week	O
2246	25370	.	O
2247	25371	Ha	O
2247	25372	I'm	O
2247	25373	lucky	O
2247	25374	.	O
2248	25375	I	O
2248	25376	got	O
2248	25377	in	O
2248	25378	the	O
2248	25379	car	O
2248	25380	like	O
2248	25381	five	O
2248	25382	seconds	O
2248	25383	before	O
2248	25384	it	O
2248	25385	started	O
2248	25386	POURING	O
2248	25387	rain	O
2248	25388	.	O
2249	25389	Always	O
2249	25390	kinda	O
2249	25391	awkward	O
2249	25392	when	O
2249	25393	you	O
2249	25394	get	O
2249	25395	the	O
2249	25396	chat	O
2249	25397	group	O
2249	25398	wrong	O
2249	25399	in	O
2249	25400	WoW	MISC
2249	25401	.	O
2250	25402	Sometimes	O
2250	25403	you	O
2250	25404	don't	O
2250	25405	want	O
2250	25406	the	O
2250	25407	tank	O
2250	25408	to	O
2250	25409	know	O
2250	25410	you're	O
2250	25411	dissin	O
2250	25412	him	O
2250	25413	.	O
2251	25414	Oops	O
2251	25415	.	O
2252	25416	he	O
2252	25417	likes	O
2252	25418	prince	PERSON
2252	25419	,	O
2252	25420	paul	PERSON
2252	25421	simon	PERSON
2252	25422	,	O
2252	25423	and	O
2252	25424	o.d.b.	PERSON
2253	25425	i	O
2253	25426	may	O
2253	25427	have	O
2253	25428	found	O
2253	25429	my	O
2253	25430	soul	O
2253	25431	mate	O
2253	25432	.	O
2254	25433	'stephaniebriggs	O
2254	25434	Jumped	O
2254	25435	in	O
2254	25436	the	O
2254	25437	truck	O
2254	25438	,	O
2254	25439	flipped	O
2254	25440	the	O
2254	25441	iPod	MISC
2254	25442	over	O
2254	25443	to	O
2254	25444	shuffle	O
2254	25445	,	O
2254	25446	and	O
2254	25447	it	O
2254	25448	gives	O
2254	25449	me	O
2254	25450	goodbye	MISC
2254	25451	moon	MISC
2254	25452	"""."	O
2255	25453	Probably	O
2255	25454	a	O
2255	25455	year	O
2255	25456	since	O
2255	25457	last	O
2255	25458	heard	O
2255	25459	it	O
2255	25460	!'	O
2256	25461	RT	O
2256	25462	Hey	O
2256	25463	,	O
2256	25464	Seattle-ites	O
2256	25465	!	O
2257	25466	Check	O
2257	25467	it	O
2257	25468	Think	O
2257	25469	the	O
2257	25470	article	O
2257	25471	should	O
2257	25472	be	O
2257	25473	ready	O
2257	25474	to	O
2257	25475	resubmit	O
2257	25476	next	O
2257	25477	week	O
2257	25478	.	O
2258	25479	Quite	O
2258	25480	excited	O
2258	25481	,	O
2258	25482	but	O
2258	25483	also	O
2258	25484	rather	O
2258	25485	scared	O
2258	25486	.	O
2259	25487	RT	O
2259	25488	It	O
2259	25489	's	O
2259	25490	Yom	MISC
2259	25491	Kippur	MISC
2259	25492	eve	O
2259	25493	,	O
2259	25494	so	O
2259	25495	it	O
2259	25496	's	O
2259	25497	the	O
2259	25498	time	O
2259	25499	to	O
2259	25500	apologize	O
2259	25501	to	O
2259	25502	anyone	O
2259	25503	I've	O
2259	25504	wronged	O
2259	25505	.	O
2260	25506	Hopefully	O
2260	25507	,	O
2260	25508	you're	O
2260	25509	on	O
2260	25510	Twitter	ORGANIZATION
2260	25511	.	O
2261	25512	Sorry	O
2261	25513	!	O
2262	25514	FREE	O
2262	25515	Air	MISC
2262	25516	Music	MISC
2262	25517	Jump	MISC
2262	25518	.	O
2263	25519	if	O
2263	25520	you	O
2263	25521	like	O
2263	25522	Rock	MISC
2263	25523	Band	MISC
2263	25524	or	O
2263	25525	Guitar	MISC
2263	25526	Hero	MISC
2263	25527	,	O
2263	25528	you	O
2263	25529	may	O
2263	25530	also	O
2263	25531	like	O
2263	25532	Music	MISC
2263	25533	Jump	MISC
2263	25534	.	O
2264	25535	ding	O
2264	25536	ding	O
2264	25537	ding	O
2264	25538	!	O
2265	25539	front	O
2265	25540	,	O
2265	25541	back	O
2265	25542	and	O
2265	25543	let	O
2265	25544	's	O
2265	25545	just	O
2265	25546	say	O
2265	25547	I'll	O
2265	25548	be	O
2265	25549	putting	O
2265	25550	soph	O
2265	25551	's	O
2265	25552	hair	O
2265	25553	in	O
2265	25554	a	O
2265	25555	bun	O
2265	25556	before	O
2265	25557	the	O
2265	25558	next	O
2265	25559	nap	O
2265	25560	time	O
2265	25561	.	O
2266	25562	Back	O
2266	25563	at	O
2266	25564	work	O
2266	25565	,	O
2266	25566	waiting	O
2266	25567	for	O
2266	25568	Sunday	O
2266	25569	when	O
2266	25570	Mike	PERSON
2266	25571	Vick	PERSON
2266	25572	get	O
2266	25573	his	O
2266	25574	shine	O
2266	25575	on	O
2266	25576	Vs	O
2266	25577	.	O
2267	25578	the	ORGANIZATION
2267	25579	Lions	ORGANIZATION
2267	25580	Conflicts	MISC
2267	25581	of	MISC
2267	25582	Law	MISC
2267	25583	Cases	MISC
2267	25584	and	MISC
2267	25585	Materials	MISC
2267	25586	R	O
2267	25587	.	O
2268	25588	Lea	PERSON
2268	25589	Brilmayer	PERSON
2268	25590	,	O
2268	25591	Jack	PERSON
2268	25592	L	PERSON
2268	25593	.	O
2269	25594	GoldsmithMay	O
2269	25595	01	O
2269	25596	,	O
2269	25597	2011	O
2269	25598	What	O
2269	25599	a	O
2269	25600	day	O
2269	25601	3	O
2269	25602	showering	O
2269	25603	sleeping	O
2269	25604	and	O
2269	25605	tanning	O
2269	25606	always	O
2269	25607	make	O
2269	25608	me	O
2269	25609	feel	O
2269	25610	better	O
2269	25611	when	O
2269	25612	I'm	O
2269	25613	sick	O
2269	25614	.	O
2270	25615	Hope	O
2270	25616	to	O
2270	25617	see	O
2270	25618	a	O
2270	25619	lot	O
2270	25620	of	O
2270	25621	people	O
2270	25622	at	O
2270	25623	game	O
2270	25624	night	O
2270	25625	at	O
2270	25626	tonight	O
2270	25627	.	O
2271	25628	Plenty	O
2271	25629	of	O
2271	25630	games	O
2271	25631	to	O
2271	25632	choose	O
2271	25633	from	O
2271	25634	just	O
2271	25635	from	O
2271	25636	my	O
2271	25637	family	O
2271	25638	.	O
2272	25639	:)	O
2273	25640	RT	O
2273	25641	If	O
2273	25642	you	O
2273	25643	would	O
2273	25644	have	O
2273	25645	told	O
2273	25646	me	O
2273	25647	20	O
2273	25648	years	O
2273	25649	ago	O
2273	25650	that	O
2273	25651	YOM	MISC
2273	25652	KIPPUR	MISC
2273	25653	would	O
2273	25654	be	O
2273	25655	trending	O
2273	25656	on	O
2273	25657	twitter	ORGANIZATION
2273	25658	I'd	O
2273	25659	be	O
2273	25660	all	O
2273	25661	like	O
2273	25662	what	O
2273	25663	's	O
2273	25664	twitter	ORGANIZATION
2273	25665	"?"""	O
2274	25666	so	O
2274	25667	much	O
2274	25668	for	O
2274	25669	trying	O
2274	25670	to	O
2274	25671	do	O
2274	25672	my	O
2274	25673	h/w	O
2274	25674	before	O
2274	25675	my	O
2274	25676	bday	O
2274	25677	weekend	O
2274	25678	.	O
2275	25679	working	O
2275	25680	til	O
2275	25681	close	O
2275	25682	:/	O
2276	25683	RT	O
2276	25684	cooking	O
2276	25685	next	O
2276	25686	week	O
2276	25687	!!:	O
2277	25688	lol	O
2277	25689	bet	O
2277	25690	!	O
2278	25691	RT	O
2278	25692	A	O
2278	25693	guy	O
2278	25694	&	O
2278	25695	girl	O
2278	25696	can	O
2278	25697	be	O
2278	25698	friends	O
2278	25699	.	O
2279	25700	But	O
2279	25701	sooner	O
2279	25702	or	O
2279	25703	later	O
2279	25704	,	O
2279	25705	one	O
2279	25706	will	O
2279	25707	fall	O
2279	25708	for	O
2279	25709	the	O
2279	25710	other	O
2279	25711	.	O
2280	25712	Maybe	O
2280	25713	too	O
2280	25714	early	O
2280	25715	,	O
2280	25716	maybe	O
2280	25717	too	O
2280	25718	LATE	O
2280	25719	or	O
2280	25720	may	O
2280	25721	...	O
2281	25722	uh	O
2281	25723	...	O
2282	25724	Fruit	O
2282	25725	this	O
2282	25726	time	O
2282	25727	..	O
2283	25728	Gotta	O
2283	25729	stay	O
2283	25730	in	O
2283	25731	shape	O
2283	25732	my	O
2283	25733	brotha	O
2283	25734	...	O
2284	25735	i	O
2284	25736	used	O
2284	25737	to	O
2284	25738	have	O
2284	25739	fishes	O
2284	25740	but	O
2284	25741	they	O
2284	25742	lived	O
2284	25743	like	O
2284	25744	5	O
2284	25745	days	O
2284	25746	what	O
2284	25747	pet	O
2284	25748	would	O
2284	25749	you	O
2284	25750	like	O
2284	25751	to	O
2284	25752	have	O
2284	25753	?	O
2285	25754	i'm	O
2285	25755	deeply	O
2285	25756	in	O
2285	25757	love	O
2285	25758	with	O
2285	25759	Eli	PERSON
2285	25760	After	O
2285	25761	the	O
2285	25762	Storm	O
2285	25763	-	O
2285	25764	Like	O
2285	25765	it	O
2285	25766	?	O
2286	25767	it	O
2286	25768	showed	O
2286	25769	you	O
2286	25770	Clapping	O
2286	25771	on	O
2286	25772	TV	O
2286	25773	after	O
2286	25774	the	O
2286	25775	Swagger/Kofi	MISC
2286	25776	Match	MISC
2286	25777	Lol	O
2286	25778	RT	O
2286	25779	HAPPY	O
2286	25780	BIRTHDAY	O
2286	25781	TO	O
2286	25782	WISHIN	O
2286	25783	YOU	O
2286	25784	THE	O
2286	25785	BEST	O
2286	25786	&	O
2286	25787	HOPE	O
2286	25788	YOU	O
2286	25789	HAVE	O
2286	25790	A	O
2286	25791	WONDERFUL	O
2286	25792	DAY	O
2286	25793	Oh	O
2286	25794	dear	O
2286	25795	,	O
2286	25796	well	O
2286	25797	i'll	O
2286	25798	cheer	O
2286	25799	you	O
2286	25800	up	O
2286	25801	on	O
2286	25802	Wednesday	O
2286	25803	!	O
2287	25804	xx	O
2287	25805	Today	O
2287	25806	's	O
2287	25807	Vuelter	MISC
2287	25808	blog	MISC
2287	25809	if	O
2287	25810	i	O
2287	25811	hit	O
2287	25812	tweet	O
2287	25813	limit	O
2287	25814	again	O
2287	25815	today	O
2287	25816	,	O
2287	25817	i'm	O
2287	25818	gonna	O
2287	25819	be	O
2287	25820	so	O
2287	25821	frickin	O
2287	25822	pissed	O
2287	25823	.	O
2288	25824	haha	O
2288	25825	maybe	O
2288	25826	we'll	O
2288	25827	dance	O
2288	25828	off	O
2288	25829	in	O
2288	25830	the	O
2288	25831	online	O
2288	25832	stream	O
2288	25833	tomorrow	O
2288	25834	!	O
2289	25835	lol	O
2289	25836	u	O
2289	25837	made	O
2289	25838	my	O
2289	25839	day	O
2289	25840	:)	O
2290	25841	When	O
2290	25842	you	O
2290	25843	don't	O
2290	25844	get	O
2290	25845	what	O
2290	25846	you	O
2290	25847	want	O
2290	25848	,	O
2290	25849	you	O
2290	25850	suffer	O
2290	25851	.	O
2291	25852	If	O
2291	25853	you	O
2291	25854	get	O
2291	25855	it	O
2291	25856	,	O
2291	25857	you	O
2291	25858	suffer	O
2291	25859	too	O
2291	25860	since	O
2291	25861	you	O
2291	25862	can't	O
2291	25863	hold	O
2291	25864	on	O
2291	25865	to	O
2291	25866	it	O
2291	25867	forever	O
2291	25868	"."""	O
2292	25869	~	O
2292	25870	Peaceful	O
2292	25871	Warrior	O
2292	25872	RT	O
2292	25873	RE*TWEET	O
2292	25874	IF	O
2292	25875	YOU	O
2292	25876	GOING	O
2292	25877	OUT	O
2292	25878	TONIGHT	O
2292	25879	?	O
2293	25880	Ready	O
2293	25881	for	O
2293	25882	Friday	O
2293	25883	night	O
2293	25884	at	O
2293	25885	The	LOCATION
2293	25886	Pub	LOCATION
2293	25887	!	O
2294	25888	DUDE	O
2294	25889	Jones	PERSON
2294	25890	playing	O
2294	25891	inside	O
2294	25892	and	O
2294	25893	DJ	MISC
2294	25894	Chris	MISC
2294	25895	L	MISC
2294	25896	in	O
2294	25897	Loft	O
2294	25898	'RT	O
2294	25899	Sprezzatura	O
2294	25900	Time	O
2294	25901	But	O
2294	25902	,	O
2294	25903	I	O
2294	25904	could	O
2294	25905	play	O
2294	25906	it	O
2294	25907	in	O
2294	25908	practice	O
2294	25909	next	O
2294	25910	sun	O
2294	25911	on	O
2294	25912	stelly	O
2294	25913	day-boo	O
2294	25914	!	O
2295	25915	found	O
2295	25916	some	O
2295	25917	really	O
2295	25918	funny	O
2295	25919	pictures	O
2295	25920	of	O
2295	25921	1st	O
2295	25922	year	O
2295	25923	L	O
2295	25924	going	O
2295	25925	to	O
2295	25926	put	O
2295	25927	them	O
2295	25928	on	O
2295	25929	facebook	ORGANIZATION
2295	25930	now	O
2295	25931	!!	O
2296	25932	What	O
2296	25933	are	O
2296	25934	you	O
2296	25935	up	O
2296	25936	to	O
2296	25937	today	O
2296	25938	?	O
2297	25939	'or	O
2297	25940	even	O
2297	25941	in	O
2297	25942	a	O
2297	25943	69	O
2297	25944	.	O
2298	25945	smother	O
2298	25946	me	O
2298	25947	w/	O
2298	25948	it	O
2298	25949	and	O
2298	25950	hold	O
2298	25951	my	O
2298	25952	dick	O
2298	25953	like	O
2298	25954	a	O
2298	25955	joystick	O
2298	25956	when	O
2298	25957	u	O
2298	25958	do	O
2298	25959	it	O
2298	25960	.	O
2299	25961	shit	O
2299	25962	...	O
2300	25963	say	O
2300	25964	some	O
2300	25965	shit	O
2300	25966	like	O
2300	25967	suck	O
2300	25968	this	O
2300	25969	pussy	O
2300	25970	i	O
2300	25971	wont	O
2300	25972	laugh	O
2300	25973	.'	O
2301	25974	I	O
2301	25975	love	O
2301	25976	it	O
2301	25977	,	O
2301	25978	I	O
2301	25979	can	O
2301	25980	torment	O
2301	25981	my	O
2301	25982	friends	O
2301	25983	and	O
2301	25984	their	O
2301	25985	kids	O
2301	25986	long	O
2301	25987	distance	O
2301	25988	via	O
2301	25989	fb	ORGANIZATION
2301	25990	and	O
2301	25991	twitter	ORGANIZATION
2301	25992	.	O
2302	25993	Mwahaha	O
2302	25994	!	O
2303	25995	Need	O
2303	25996	it	O
2303	25997	to	O
2303	25998	be	O
2303	25999	slammed	O
2303	26000	at	O
2303	26001	the	O
2303	26002	haus	O
2303	26003	tonight	O
2303	26004	Wee	O
2303	26005	need	O
2303	26006	u	O
2303	26007	to	O
2303	26008	make	O
2303	26009	it	O
2303	26010	happen	O
2303	26011	on	O
2303	26012	Sunday	O
2303	26013	Best	O
2303	26014	in	O
2303	26015	tonight	O
2303	26016	with	O
2303	26017	the	O
2303	26018	return	O
2303	26019	of	O
2303	26020	Breaking	MISC
2303	26021	&	MISC
2303	26022	Entering	MISC
2303	26023	.	O
2304	26024	Be	O
2304	26025	sure	O
2304	26026	to	O
2304	26027	come	O
2304	26028	down	O
2304	26029	to	O
2304	26030	Hi	LOCATION
2304	26031	Pac	LOCATION
2304	26032	and	O
2304	26033	check	O
2304	26034	it	O
2304	26035	out	O
2304	26036	!	O
2305	26037	Xbox	MISC
2305	26038	360	MISC
2305	26039	Enslaved	MISC
2305	26040	Odyssey	MISC
2305	26041	to	MISC
2305	26042	the	MISC
2305	26043	West	MISC
2305	26044	Demo	O
2305	26045	Coming	O
2305	26046	to	O
2305	26047	PlayStation	MISC
2305	26048	Network	MISC
2305	26049	on	O
2305	26050	September	O
2305	26051	...	O
2306	26052	I'm	O
2306	26053	at	O
2306	26054	Bowl	LOCATION
2306	26055	Long	LOCATION
2306	26056	Island	LOCATION
2306	26057	138	O
2306	26058	West	O
2306	26059	Ave	O
2306	26060	,	O
2306	26061	Patchogue	LOCATION
2306	26062	.	O
2307	26063	Can	O
2307	26064	I	O
2307	26065	get	O
2307	26066	a	O
2307	26067	Twitter	ORGANIZATION
2307	26068	software	O
2307	26069	to	O
2307	26070	spew	O
2307	26071	random	O
2307	26072	bullshit	O
2307	26073	about	O
2307	26074	airports/coffee/conferences	O
2307	26075	?	O
2308	26076	Cause	O
2308	26077	that	O
2308	26078	would	O
2308	26079	free	O
2308	26080	up	O
2308	26081	some	O
2308	26082	time	O
2308	26083	.	O
2309	26084	Woot	O
2309	26085	!	O
2310	26086	My	O
2310	26087	Oakland	LOCATION
2310	26088	line	O
2310	26089	made	O
2310	26090	the	O
2310	26091	list	O
2310	26092	.	O
2311	26093	|	O
2311	26094	MT	O
2311	26095	We've	O
2311	26096	posted	O
2311	26097	the	O
2311	26098	best	O
2311	26099	of	O
2311	26100	yesterday	O
2311	26101	's	O
2311	26102	definitions	O
2311	26103	.	O
2312	26104	Game	O
2312	26105	tonight	O
2312	26106	with	O
2312	26107	Tessa	PERSON
2312	26108	.	O
2313	26109	I	O
2313	26110	get	O
2313	26111	to	O
2313	26112	see	O
2313	26113	Seanzie	PERSON
2313	26114	if	O
2313	26115	he	O
2313	26116	goes	O
2313	26117	:)	O
2314	26118	.	O
2315	26119	I	O
2315	26120	get	O
2315	26121	to	O
2315	26122	see	O
2315	26123	my	O
2315	26124	boyfriend	O
2315	26125	too	O
2315	26126	3	O
2315	26127	c	O
2315	26128	Twenty	O
2315	26129	five	O
2315	26130	after	O
2315	26131	Three	O
2315	26132	im	O
2315	26133	tired	O
2315	26134	of	O
2315	26135	doing	O
2315	26136	this	O
2315	26137	short	O
2315	26138	hair	O
2315	26139	thing	O
2315	26140	.	O
2316	26141	i	O
2316	26142	need	O
2316	26143	pay	O
2316	26144	day	O
2316	26145	to	O
2316	26146	come	O
2316	26147	alreadyyyy	O
2316	26148	!!	O
2317	26149	'RT	O
2317	26150	alright	O
2317	26151	!	O
2318	26152	ANY	O
2318	26153	purchase	O
2318	26154	from	O
2318	26155	our	O
2318	26156	etsy	O
2318	26157	shop	O
2318	26158	is	O
2318	26159	1/2	O
2318	26160	off	O
2318	26161	when	O
2318	26162	you	O
2318	26163	type	O
2318	26164	go	O
2318	26165	in	O
2318	26166	the	O
2318	26167	message	O
2318	26168	to	O
2318	26169	seller	O
2318	26170	at	O
2318	26171	c	O
2318	26172	...'	O
2319	26173	Let	O
2319	26174	's	O
2319	26175	all	O
2319	26176	take	O
2319	26177	a	O
2319	26178	shot	O
2319	26179	for	O
2319	26180	Lindsay	PERSON
2319	26181	Lohan	PERSON
2319	26182	tonight	O
2319	26183	.	O
2320	26184	Maybe	O
2320	26185	snort	O
2320	26186	a	O
2320	26187	line	O
2320	26188	if	O
2320	26189	you're	O
2320	26190	a	O
2320	26191	real	O
2320	26192	dedicated	O
2320	26193	fan	O
2320	26194	.	O
2321	26195	haha	O
2321	26196	!	O
2322	26197	Thts	O
2322	26198	actually	O
2322	26199	quite	O
2322	26200	useful	O
2322	26201	x	O
2322	26202	lmao	O
2322	26203	x	O
2322	26204	iv	O
2322	26205	never	O
2322	26206	thought	O
2322	26207	bout	O
2322	26208	tht	O
2322	26209	before	O
2322	26210	x	O
2322	26211	I'm	O
2322	26212	glad	O
2322	26213	it	O
2322	26214	made	O
2322	26215	yu	O
2322	26216	smile	O
2322	26217	x	O
2322	26218	:D	O
2323	26219	Gettin	O
2323	26220	it	O
2323	26221	in	O
2323	26222	tonight	O
2323	26223	!	O
2324	26224	Shoutsout	O
2324	26225	to	O
2324	26226	the	O
2324	26227	homie	O
2324	26228	Jarred	PERSON
2324	26229	Gidley	PERSON
2324	26230	!	O
2325	26231	I	O
2325	26232	just	O
2325	26233	remembered	O
2325	26234	this	O
2325	26235	week	O
2325	26236	is	O
2325	26237	The	LOCATION
2325	26238	Heatwave	LOCATION
2325	26239	7th	O
2325	26240	birthday	O
2325	26241	...	O
2326	26242	meant	O
2326	26243	to	O
2326	26244	make	O
2326	26245	tonight	O
2326	26246	's	O
2326	26247	Brixton	LOCATION
2326	26248	bashment	O
2326	26249	our	O
2326	26250	birthday	O
2326	26251	party	O
2326	26252	but	O
2326	26253	I	O
2326	26254	forgot	O
2326	26255	LOL	O
2326	26256	I	O
2326	26257	want	O
2326	26258	2	O
2326	26259	talk	O
2326	26260	2	O
2326	26261	some	O
2326	26262	people	O
2326	26263	before	O
2326	26264	i	O
2326	26265	go	O
2326	26266	to	O
2326	26267	sleep	O
2326	26268	:(	O
2327	26269	Same	O
2327	26270	time	O
2327	26271	as	O
2327	26272	you	O
2327	26273	silly	O
2327	26274	!!	O
2328	26275	Free	O
2328	26276	Romeo	MISC
2328	26277	&	MISC
2328	26278	Julliet	MISC
2328	26279	under	O
2328	26280	the	O
2328	26281	stars	O
2328	26282	tonight	O
2328	26283	thru	O
2328	26284	Sunday	O
2328	26285	in	O
2328	26286	South	LOCATION
2328	26287	Park-	LOCATION
2328	26288	please	O
2328	26289	retweet	O
2328	26290	please	O
2328	26291	come	O
2328	26292	!	O
2329	26293	Breaking	MISC
2329	26294	Dawn	MISC
2329	26295	Returns	O
2329	26296	to	O
2329	26297	Vancouver	LOCATION
2329	26298	on	O
2329	26299	January	O
2329	26300	11th	O
2329	26301	GooD	O
2329	26302	MorNinG	O
2329	26303	:)	O
2330	26304	HaVe	O
2330	26305	A	O
2330	26306	GrEaT	O
2330	26307	DaY	O
2330	26308	:)	O
2331	26309	r	O
2331	26310	you	O
2331	26311	driving	O
2331	26312	this	O
2331	26313	time	O
2331	26314	?	O
2332	26315	Good	O
2332	26316	morning	O
2332	26317	!	O
2333	26318	Today	O
2333	26319	's	O
2333	26320	Software	MISC
2333	26321	Freedom	MISC
2333	26322	Day	MISC
2333	26323	.	O
2334	26324	Join	O
2334	26325	us	O
2334	26326	at	O
2334	26327	UP	LOCATION
2334	26328	Diliman	LOCATION
2334	26329	for	O
2334	26330	a	O
2334	26331	day	O
2334	26332	of	O
2334	26333	great	O
2334	26334	events	O
2334	26335	.	O
2335	26336	Free	O
2335	26337	admission	O
2335	26338	!	O
2336	26339	Castle	PERSON
2336	26340	goes	O
2336	26341	down	O
2336	26342	,	O
2336	26343	Murkowski	PERSON
2336	26344	goes	O
2336	26345	write-in	O
2336	26346	.	O
2337	26347	Probably	O
2337	26348	not	O
2337	26349	the	O
2337	26350	NRSC	MISC
2337	26351	's	O
2337	26352	best-ever	O
2337	26353	week	O
2337	26354	.	O
2338	26355	Every	O
2338	26356	Saturday	O
2338	26357	night	O
2338	26358	Casitas	LOCATION
2338	26359	presents	O
2338	26360	Luna	LOCATION
2338	26361	Lounge	LOCATION
2338	26362	,	O
2338	26363	the	O
2338	26364	perfect	O
2338	26365	setting	O
2338	26366	to	O
2338	26367	linger	O
2338	26368	under	O
2338	26369	the	O
2338	26370	moonlight	O
2338	26371	The	O
2338	26372	latest	O
2338	26373	App	O
2338	26374	news	O
2338	26375	iTunes	ORGANIZATION
2338	26376	Instant	O
2338	26377	Search	O
2338	26378	iTunes	ORGANIZATION
2338	26379	at	O
2338	26380	high	O
2338	26381	speed	O
2338	26382	thanks	O
2338	26383	to	O
2338	26384	15-year-old	O
2338	26385	developer	O
2338	26386	If	O
2338	26387	you've	O
2338	26388	hear	O
2338	26389	...	O
2339	26390	RT	O
2339	26391	ill	O
2339	26392	be	O
2339	26393	in	O
2339	26394	DC	LOCATION
2339	26395	tonight	O
2339	26396	where	O
2339	26397	u	O
2339	26398	at	O
2339	26399	??	O
2340	26400	Ill	O
2340	26401	be	O
2340	26402	at	O
2340	26403	muse	LOCATION
2340	26404	717	O
2340	26405	6th	O
2340	26406	St	O
2340	26407	Nw	O
2340	26408	Dc	O
2340	26409	to	O
2340	26410	party	O
2340	26411	I	O
2340	26412	don't	O
2340	26413	know	O
2340	26414	,	O
2340	26415	how	O
2340	26416	to	O
2340	26417	be	O
2340	26418	fine	O
2340	26419	when	O
2340	26420	i'm	O
2340	26421	not	O
2340	26422	.	O
2341	26423	And	O
2341	26424	i	O
2341	26425	don't	O
2341	26426	know	O
2341	26427	how	O
2341	26428	to	O
2341	26429	make	O
2341	26430	a	O
2341	26431	feelin	O
2341	26432	stop	O
2341	26433	.	O
2342	26434	"'"""	O
2342	26435	When	O
2342	26436	I	O
2342	26437	think	O
2342	26438	of	O
2342	26439	the	O
2342	26440	Fearless	MISC
2342	26441	Tour	MISC
2342	26442	,	O
2342	26443	I	O
2342	26444	think	O
2342	26445	of	O
2342	26446	how	O
2342	26447	this	O
2342	26448	is	O
2342	26449	one	O
2342	26450	of	O
2342	26451	the	O
2342	26452	golden	O
2342	26453	ages	O
2342	26454	of	O
2342	26455	my	O
2342	26456	life	O
2342	26457	.	O
2343	26458	High	O
2343	26459	school	O
2343	26460	"..."""	O
2344	26461	The	O
2344	26462	babe	O
2344	26463	's	O
2344	26464	first	O
2344	26465	day	O
2344	26466	of	O
2344	26467	co-op	O
2344	26468	preschool	O
2344	26469	.	O
2345	26470	time	O
2345	26471	to	O
2345	26472	get	O
2345	26473	into	O
2345	26474	the	O
2345	26475	PJ	O
2345	26476	Bottoms	O
2345	26477	;D	O
2346	26478	when	O
2346	26479	you	O
2346	26480	see	O
2346	26481	little	O
2346	26482	kids	O
2346	26483	and	O
2346	26484	u	O
2346	26485	feel	O
2346	26486	like	O
2346	26487	u	O
2346	26488	have	O
2346	26489	to	O
2346	26490	watch	O
2346	26491	them	O
2346	26492	cuz	O
2346	26493	their	O
2346	26494	parents	O
2346	26495	aren't?	O
2347	26496	Lol	O
2347	26497	RT	O
2347	26498	Before	O
2347	26499	Hurricane	MISC
2347	26500	Earl	MISC
2347	26501	comes	O
2347	26502	,	O
2347	26503	stock	O
2347	26504	up	O
2347	26505	on	O
2347	26506	Polar	O
2347	26507	Orange	O
2347	26508	Dry	O
2347	26509	!	O
2348	26510	:)	O
2349	26511	Soulja	PERSON
2349	26512	Boy	PERSON
2349	26513	|	O
2349	26514	TheDeAndreWay	O
2349	26515	.	O
2350	26516	com	O
2350	26517	-	O
2350	26518	The	MISC
2350	26519	DeAndre	MISC
2350	26520	Way	MISC
2350	26521	in	O
2350	26522	stores	O
2350	26523	Nov	O
2350	26524	2	O
2350	26525	,	O
2350	26526	2010	O
2350	26527	via	O
2350	26528	RT	O
2350	26529	Is	O
2350	26530	it	O
2350	26531	Sunday	O
2350	26532	yet	O
2350	26533	?	O
2351	26534	Best	O
2351	26535	wishes	O
2351	26536	to	O
2351	26537	everyone	O
2351	26538	as	O
2351	26539	you	O
2351	26540	travel	O
2351	26541	to	O
2351	26542	your	O
2351	26543	respective	O
2351	26544	football	O
2351	26545	games	O
2351	26546	tonight	O
2351	26547	,	O
2351	26548	and	O
2351	26549	this	O
2351	26550	weekend	O
2351	26551	.	O
2352	26552	Go	O
2352	26553	band	O
2352	26554	!	O
2353	26555	Blades	ORGANIZATION
2353	26556	trade	O
2353	26557	Travis	PERSON
2353	26558	Toomey	PERSON
2353	26559	to	O
2353	26560	Seattle	LOCATION
2353	26561	for	O
2353	26562	4th	O
2353	26563	Rd	O
2353	26564	Pick	O
2353	26565	in	O
2353	26566	11	MISC
2353	26567	Bantam	MISC
2353	26568	Draft	MISC
2353	26569	.	O
2354	26570	7	O
2354	26571	20-year	O
2354	26572	olds	O
2354	26573	remain	O
2354	26574	.	O
2355	26575	Just	O
2355	26576	when	O
2355	26577	you	O
2355	26578	turned	O
2355	26579	your	O
2355	26580	back	O
2355	26581	!:	O
2356	26582	i	O
2356	26583	know	O
2356	26584	its	O
2356	26585	awful	O
2356	26586	.	O
2357	26587	i	O
2357	26588	hate	O
2357	26589	the	O
2357	26590	feeling	O
2357	26591	of	O
2357	26592	being	O
2357	26593	passed	O
2357	26594	even	O
2357	26595	when	O
2357	26596	im	O
2357	26597	going	O
2357	26598	a	O
2357	26599	little	O
2357	26600	bit	O
2357	26601	over	O
2357	26602	speed	O
2357	26603	limit	O
2357	26604	OMFresh	O
2357	26605	man	O
2357	26606	he	O
2357	26607	has	O
2357	26608	a	O
2357	26609	body	O
2357	26610	yes	O
2357	26611	i	O
2357	26612	finally	O
2357	26613	saw	O
2357	26614	it	O
2357	26615	today	O
2357	26616	lolz	O
2357	26617	during	O
2357	26618	gym	O
2357	26619	he	O
2357	26620	was	O
2357	26621	lifting	O
2357	26622	up	O
2357	26623	his	O
2357	26624	shirt	O
2357	26625	;)	O
2358	26626	RT	O
2358	26627	Aww	O
2358	26628	0	O
2358	26629	When	O
2358	26630	do	O
2358	26631	you	O
2358	26632	guys	O
2358	26633	start	O
2358	26634	filming	O
2358	26635	for	O
2358	26636	season	O
2358	26637	5	O
2358	26638	?	O
2359	26639	because	O
2359	26640	there	O
2359	26641	just	O
2359	26642	HAS	O
2359	26643	to	O
2359	26644	be	O
2359	26645	an	O
2359	26646	S5	O
2359	26647	or	O
2359	26648	I'll	O
2359	26649	cry	O
2359	26650	It	O
2359	26651	has	O
2359	26652	been	O
2359	26653	3	O
2359	26654	years	O
2359	26655	and	O
2359	26656	never	O
2359	26657	an	O
2359	26658	answer	O
2359	26659	.	O
2360	26660	It	O
2360	26661	just	O
2360	26662	drove	O
2360	26663	me	O
2360	26664	nuts	O
2360	26665	,	O
2360	26666	but	O
2360	26667	i'm	O
2360	26668	not	O
2360	26669	mad	O
2360	26670	.	O
2361	26671	Just	O
2361	26672	thinkin	O
2361	26673	not	O
2361	26674	again	O
2361	26675	ya	O
2361	26676	know	O
2361	26677	.	O
2362	26678	'FREEGAME	O
2362	26679	FRIDAY	O
2362	26680	!!!	O
2363	26681	text	O
2363	26682	in	O
2363	26683	the	O
2363	26684	word	O
2363	26685	FREEGAME	O
2363	26686	to	O
2363	26687	59925	O
2363	26688	for	O
2363	26689	a	O
2363	26690	FREE	O
2363	26691	1hr	O
2363	26692	timeplay	O
2363	26693	gamecard	O
2363	26694	!'	O
2364	26695	On	MISC
2364	26696	My	MISC
2364	26697	Own	MISC
2364	26698	Time	MISC
2364	26699	-	O
2364	26700	Gym	MISC
2364	26701	Class	MISC
2364	26702	Heroes	MISC
2364	26703	New	O
2364	26704	boyz	O
2364	26705	have	O
2364	26706	come	O
2364	26707	a	O
2364	26708	long	O
2364	26709	way	O
2364	26710	in	O
2364	26711	the	O
2364	26712	game	O
2364	26713	and	O
2364	26714	still	O
2364	26715	going	O
2364	26716	strong	O
2364	26717	!	O
2365	26718	Have	O
2365	26719	fun	O
2365	26720	;)	O
2366	26721	I	O
2366	26722	expect	O
2366	26723	updates	O
2366	26724	on	O
2366	26725	your	O
2366	26726	drunk	O
2366	26727	status	O
2366	26728	since	O
2366	26729	I'm	O
2366	26730	working	O
2366	26731	tonight	O
2366	26732	!	O
2367	26733	L	O
2367	26734	O	O
2367	26735	L	O
2367	26736	aww	O
2367	26737	i	O
2367	26738	will	O
2367	26739	give	O
2367	26740	you	O
2367	26741	some	O
2367	26742	next	O
2367	26743	friday	O
2367	26744	to	O
2367	26745	x	O
2367	26746	Conv	O
2367	26747	between	O
2367	26748	sisters	O
2367	26749	pals	O
2367	26750	.	O
2368	26751	Charlene	PERSON
2368	26752	;	O
2368	26753	it	O
2368	26754	's	O
2368	26755	weird	O
2368	26756	to	O
2368	26757	think	O
2368	26758	Jill	PERSON
2368	26759	will	O
2368	26760	have	O
2368	26761	a	O
2368	26762	baby	O
2368	26763	after	O
2368	26764	christmas	MISC
2368	26765	.	O
2369	26766	Jemma	PERSON
2369	26767	;	O
2369	26768	they	O
2369	26769	already	O
2369	26770	have	O
2369	26771	a	O
2369	26772	baby	O
2369	26773	charlene	PERSON
2369	26774	.	O
2370	26775	L	O
2370	26776	Damn	O
2370	26777	.	O
2371	26778	I	O
2371	26779	do	O
2371	26780	NOT	O
2371	26781	know	O
2371	26782	how	O
2371	26783	to	O
2371	26784	work	O
2371	26785	this	O
2371	26786	phone	O
2371	26787	today	O
2371	26788	.	O
2372	26789	I'm	O
2372	26790	pushing	O
2372	26791	all	O
2372	26792	kinds	O
2372	26793	of	O
2372	26794	buttons	O
2372	26795	that	O
2372	26796	shouldn't	O
2372	26797	be	O
2372	26798	pushed	O
2372	26799	.	O
2373	26800	How	O
2373	26801	kind	O
2373	26802	I	O
2373	26803	greatly	O
2373	26804	enhanced	O
2373	26805	my	O
2373	26806	confidence	O
2373	26807	for	O
2373	26808	success	O
2373	26809	after	O
2373	26810	attending	O
2373	26811	this	O
2373	26812	seminar	O
2373	26813	.	O
2374	26814	Fair	O
2374	26815	Q	O
2374	26816	If	O
2374	26817	you	O
2374	26818	could	O
2374	26819	spend	O
2374	26820	an	O
2374	26821	entire	O
2374	26822	day	O
2374	26823	with	O
2374	26824	one	O
2374	26825	...	O
2375	26826	A	O
2375	26827	Metallica	MISC
2375	26828	.:	O
2376	26829	RT	O
2376	26830	WAIT	O
2376	26831	I	O
2376	26832	THHINK	O
2376	26833	IS	O
2376	26834	STILL	O
2376	26835	ON	O
2376	26836	BECAUSE	O
2376	26837	HE	O
2376	26838	WAS	O
2376	26839	JUST	O
2376	26840	ON	O
2376	26841	FACEBOOK	ORGANIZATION
2376	26842	1	O
2376	26843	MIN	O
2376	26844	AGO	O
2376	26845	..	O
2377	26846	CREEPER	O
2377	26847	!	O
2378	26848	I	O
2378	26849	didn't	O
2378	26850	know	O
2378	26851	if	O
2378	26852	you	O
2378	26853	rub	O
2378	26854	your	O
2378	26855	eye	O
2378	26856	for	O
2378	26857	a	O
2378	26858	long	O
2378	26859	time	O
2378	26860	you	O
2378	26861	can	O
2378	26862	get	O
2378	26863	cock	O
2378	26864	eyed	O
2378	26865	Im	O
2378	26866	scared	O
2378	26867	that	O
2378	26868	every	O
2378	26869	girl	O
2378	26870	i	O
2378	26871	care	O
2378	26872	for	O
2378	26873	will	O
2378	26874	find	O
2378	26875	a	O
2378	26876	better	O
2378	26877	woman	O
2378	26878	and	O
2378	26879	end	O
2378	26880	up	O
2378	26881	happier	O
2378	26882	in	O
2378	26883	the	O
2378	26884	long	O
2378	26885	run	O
2378	26886	...	O
2379	26887	its	O
2379	26888	saturday	O
2379	26889	;)	O
2380	26890	i	O
2380	26891	think	O
2380	26892	so	O
2380	26893	L	O
2380	26894	3	O
2380	26895	for	O
2380	26896	the	O
2380	26897	competition	O
2380	26898	xxxx	O
2380	26899	PaigeLouiseRyan	O
2380	26900	live	O
2380	26901	on	O
2380	26902	i	O
2380	26903	see	O
2380	26904	some	O
2380	26905	ppl	O
2380	26906	celebrating	O
2380	26907	their	O
2380	26908	birthdays	O
2380	26909	like	O
2380	26910	2-3	O
2380	26911	times	O
2380	26912	a	O
2380	26913	year	O
2380	26914	...	O
2381	26915	WTF	O
2381	26916	?!	O
2382	26917	tuesday	O
2382	26918	is	O
2382	26919	perfecy	O
2382	26920	I	O
2382	26921	think	O
2382	26922	that	O
2382	26923	's	O
2382	26924	when	O
2382	26925	I	O
2382	26926	'm	O
2382	26927	gonna	O
2382	26928	be	O
2382	26929	there	O
2382	26930	On	O
2382	26931	Thanksgiving	MISC
2382	26932	after	O
2382	26933	you	O
2382	26934	done	O
2382	26935	eating	O
2382	26936	its	O
2382	26937	unless	O
2382	26938	you	O
2382	26939	wanna	O
2382	26940	help	O
2382	26941	with	O
2382	26942	the	O
2382	26943	dishes	O
2382	26944	omg	O
2382	26945	simone	PERSON
2382	26946	is	O
2382	26947	coming	O
2382	26948	over	O
2382	26949	then	O
2382	26950	2morrow	O
2382	26951	we	O
2382	26952	foin	O
2382	26953	2	O
2382	26954	da	O
2382	26955	fall	O
2382	26956	festival	O
2382	26957	cant	O
2382	26958	wait	O
2382	26959	4	O
2382	26960	GAC	O
2382	26961	2night	O
2382	26962	!	O
2383	26963	an	O
2383	26964	Justin	PERSON
2383	26965	Bieber	PERSON
2383	26966	concert	O
2383	26967	in	O
2383	26968	Dec	O
2383	26969	.!!!!!!!	O
2384	26970	3	O
2384	26971	Costa	O
2384	26972	Rican	O
2384	26973	group	O
2384	26974	CocoFunka	MISC
2384	26975	power	O
2384	26976	this	O
2384	26977	week	O
2384	26978	's	O
2384	26979	Indiesent	MISC
2384	26980	Exposure	MISC
2384	26981	by	O
2384	26982	on	O
2384	26983	ThAnK	O
2384	26984	gOd	O
2384	26985	ItS	O
2384	26986	fRiDaY	O
2384	26987	!!	O
2385	26988	it	O
2385	26989	's	O
2385	26990	on	O
2385	26991	a	O
2385	26992	Saturday	O
2385	26993	though	O
2385	26994	.	O
2386	26995	So	O
2386	26996	that	O
2386	26997	's	O
2386	26998	a	O
2386	26999	thing	O
2386	27000	.	O
2387	27001	Personal	O
2387	27002	Twitter	ORGANIZATION
2387	27003	is	O
2387	27004	now	O
2387	27005	ago	O
2387	27006	.	O
2388	27007	People	O
2388	27008	can	O
2388	27009	now	O
2388	27010	keep	O
2388	27011	track	O
2388	27012	of	O
2388	27013	me	O
2388	27014	instead	O
2388	27015	of	O
2388	27016	just	O
2388	27017	my	O
2388	27018	films	O
2388	27019	and	O
2388	27020	production	O
2388	27021	company	O
2388	27022	.	O
2389	27023	WELL	O
2389	27024	SORRRY	O
2389	27025	!!	O
2390	27026	I	O
2390	27027	did	O
2390	27028	n't	O
2390	27029	know	O
2390	27030	you	O
2390	27031	YEARS	O
2390	27032	AGO	O
2390	27033	!	O
2391	27034	we	O
2391	27035	beat	O
2391	27036	kilkenny	LOCATION
2391	27037	after	O
2391	27038	they	O
2391	27039	beat	O
2391	27040	us	O
2391	27041	for	O
2391	27042	the	O
2391	27043	last	O
2391	27044	4	O
2391	27045	years	O
2391	27046	in	O
2391	27047	the	O
2391	27048	hurling	O
2391	27049	.	O
2392	27050	Woo	O
2392	27051	!!!	O
2393	27052	good	O
2393	27053	luck	O
2393	27054	at	O
2393	27055	Elliot	LOCATION
2393	27056	Miner	LOCATION
2393	27057	:D	O
2394	27058	yous	O
2394	27059	were	O
2394	27060	greaaaat	O
2394	27061	tonight	O
2394	27062	3	O
2394	27063	xx	O
2394	27064	Hit	O
2394	27065	word	O
2394	27066	count	O
2394	27067	!	O
2395	27068	Woo-hoo	O
2395	27069	!	O
2396	27070	*throwing	O
2396	27071	confetti*	O
2396	27072	Now	O
2396	27073	I	O
2396	27074	can	O
2396	27075	goof	O
2396	27076	off	O
2396	27077	tonight	O
2396	27078	and	O
2396	27079	read	O
2396	27080	.	O
2397	27081	*happy	O
2397	27082	writer	O
2397	27083	dance*	O
2397	27084	-yay	O
2397	27085	!	O
2398	27086	RT	O
2398	27087	Just	O
2398	27088	saw	O
2398	27089	the	O
2398	27090	worst	O
2398	27091	movie	O
2398	27092	in	O
2398	27093	years	O
2398	27094	...	O
2399	27095	Piranha	MISC
2399	27096	3D	MISC
2399	27097	just	O
2399	27098	exceeded	O
2399	27099	the	O
2399	27100	limits	O
2399	27101	of	O
2399	27102	crappyness	O
2399	27103	.	O
2400	27104	|	O
2400	27105	Glad	O
2400	27106	you	O
2400	27107	enjoyed	O
2400	27108	it	O
2400	27109	.	O
2401	27110	It	O
2401	27111	is	O
2401	27112	Friday	O
2401	27113	afternoon	O
2401	27114	adn	O
2401	27115	I	O
2401	27116	could	O
2401	27117	n't	O
2401	27118	be	O
2401	27119	happier	O
2401	27120	.	O
2402	27121	Ending	O
2402	27122	a	O
2402	27123	crappy	O
2402	27124	week	O
2402	27125	on	O
2402	27126	a	O
2402	27127	good	O
2402	27128	note	O
2402	27129	is	O
2402	27130	always	O
2402	27131	nice	O
2402	27132	.	O
2403	27133	But	O
2403	27134	in	O
2403	27135	any	O
2403	27136	case	O
2403	27137	I	O
2403	27138	suppose	O
2403	27139	you	O
2403	27140	will	O
2403	27141	not	O
2403	27142	let	O
2403	27143	it	O
2403	27144	away	O
2403	27145	for	O
2403	27146	some	O
2403	27147	days	O
2403	27148	?	O
2404	27149	So	O
2404	27150	this	O
2404	27151	will	O
2404	27152	be	O
2404	27153	more	O
2404	27154	lhs	LOCATION
2404	27155	games	O
2404	27156	then	O
2404	27157	i	O
2404	27158	went	O
2404	27159	to	O
2404	27160	then	O
2404	27161	when	O
2404	27162	i	O
2404	27163	went	O
2404	27164	to	O
2404	27165	lhs	LOCATION
2404	27166	aaahhh	O
2404	27167	!	O
2405	27168	Me	O
2405	27169	too	O
2405	27170	!!!!	O
2406	27171	Its	O
2406	27172	so	O
2406	27173	much	O
2406	27174	better	O
2406	27175	than	O
2406	27176	when	O
2406	27177	you	O
2406	27178	play	O
2406	27179	it	O
2406	27180	yourself	O
2406	27181	!	O
2407	27182	Haha	O
2407	27183	!	O
2408	27184	lush	O
2408	27185	when	O
2408	27186	ya	O
2408	27187	download	O
2408	27188	limit	O
2408	27189	has	O
2408	27190	been	O
2408	27191	succeeded	O
2408	27192	like	O
2408	27193	all	O
2408	27194	night	O
2408	27195	L	O
2408	27196	I	O
2408	27197	just	O
2408	27198	took	O
2408	27199	After	O
2408	27200	getting	O
2408	27201	trampled	O
2408	27202	at	O
2408	27203	a	O
2408	27204	Justin	PERSON
2408	27205	Bieber	PERSON
2408	27206	concert	O
2408	27207	,	O
2408	27208	yoiu	O
2408	27209	wake	O
2408	27210	up	O
2408	27211	and	O
2408	27212	"..."""	O
2409	27213	and	O
2409	27214	got	O
2409	27215	Part	O
2409	27216	6	O
2409	27217	:)	O
2410	27218	!	O
2411	27219	Try	O
2411	27220	it	O
2411	27221	;	O
2411	27222	I	O
2411	27223	can	O
2411	27224	upgrade	O
2411	27225	to	O
2411	27226	a	O
2411	27227	BlackBerry	MISC
2411	27228	in	O
2411	27229	November	O
2411	27230	!!	O
2412	27231	Yesss	O
2412	27232	.	O
2413	27233	3	O
2413	27234	BB	MISC
2413	27235	Bold	MISC
2413	27236	,	O
2413	27237	here	O
2413	27238	I	O
2413	27239	come	O
2413	27240	!	O
2414	27241	the	O
2414	27242	one	O
2414	27243	thats	O
2414	27244	out	O
2414	27245	now	O
2414	27246	is	O
2414	27247	free	O
2414	27248	...	O
2415	27249	Father	O
2415	27250	to	O
2415	27251	tha	O
2415	27252	Game	O
2415	27253	is	O
2415	27254	droppin	O
2415	27255	in	O
2415	27256	a	O
2415	27257	month	O
2415	27258	or	O
2415	27259	so	O
2415	27260	..	O
2416	27261	I	O
2416	27262	need	O
2416	27263	to	O
2416	27264	draw	O
2416	27265	FASTER	O
2416	27266	.	O
2417	27267	I	O
2417	27268	'm	O
2417	27269	gonna	O
2417	27270	scan	O
2417	27271	two	O
2417	27272	weeks	O
2417	27273	worth	O
2417	27274	of	O
2417	27275	doodles	O
2417	27276	to	O
2417	27277	get	O
2417	27278	going	O
2417	27279	,	O
2417	27280	lol	O
2417	27281	.	O
2418	27282	making	O
2418	27283	something	O
2418	27284	to	O
2418	27285	eat	O
2418	27286	,	O
2418	27287	aint	O
2418	27288	ate	O
2418	27289	all	O
2418	27290	day	O
2418	27291	RT	O
2418	27292	The	O
2418	27293	amazing	O
2418	27294	Follow	O
2418	27295	Friday	O
2418	27296	Train	O
2418	27297	...	O
2419	27298	RT	O
2419	27299	Congrats	O
2419	27300	to	O
2419	27301	for	O
2419	27302	qualifying	O
2419	27303	in	O
2419	27304	1st	O
2419	27305	place	O
2419	27306	today	O
2419	27307	!!!	O
2420	27308	Yeah	O
2420	27309	son	O
2420	27310	!!!	O
2421	27311	Still	O
2421	27312	on	O
2421	27313	my	O
2421	27314	kick	O
2421	27315	!	O
2422	27316	It	O
2422	27317	's	O
2422	27318	been	O
2422	27319	a	O
2422	27320	solid	O
2422	27321	2	O
2422	27322	weeks	O
2422	27323	!	O
2423	27324	Chilling	O
2423	27325	wit	O
2423	27326	my	O
2423	27327	baby	O
2423	27328	tonight	O
2423	27329	!	O
2424	27330	What	O
2424	27331	a	O
2424	27332	productive	O
2424	27333	day	O
2424	27334	.	O
2425	27335	Not	O
2425	27336	.	O
2426	27337	RT	O
2426	27338	RT	O
2426	27339	if	O
2426	27340	you	O
2426	27341	are	O
2426	27342	happy	O
2426	27343	it	O
2426	27344	's	O
2426	27345	friday	O
2426	27346	.	O
2427	27347	randomly	O
2427	27348	that	O
2427	27349	just	O
2427	27350	made	O
2427	27351	me	O
2427	27352	smile	O
2427	27353	:D	O
2428	27354	do	O
2428	27355	n't	O
2428	27356	ring	O
2428	27357	the	O
2428	27358	bell	O
2428	27359	tweet	O
2428	27360	me	O
2428	27361	when	O
2428	27362	ur	O
2428	27363	here	O
2428	27364	'll	O
2428	27365	let	O
2428	27366	u	O
2428	27367	in	O
2428	27368	:D	O
2429	27369	...	O
2430	27370	that	O
2430	27371	def	O
2430	27372	would	O
2430	27373	be	O
2430	27374	awesome	O
2430	27375	:D	O
2431	27376	I	O
2431	27377	could	O
2431	27378	sing	O
2431	27379	with	O
2431	27380	you	O
2431	27381	what	O
2431	27382	I`ll	O
2431	27383	do	O
2431	27384	o	O
2431	27385	show	O
2431	27386	in	O
2431	27387	november	O
2431	27388	in	O
2431	27389	my	O
2431	27390	city	O
2431	27391	oh	O
2431	27392	my	O
2431	27393	dream	O
2431	27394	and	O
2431	27395	sing	O
2431	27396	one	O
2431	27397	time	O
2431	27398	The	O
2431	27399	Basic	O
2431	27400	Step	O
2431	27401	Before	O
2431	27402	You	O
2431	27403	Even	O
2431	27404	Start	O
2431	27405	Thinking	O
2431	27406	Of	O
2431	27407	Making	O
2431	27408	Your	O
2431	27409	...:	O
2432	27410	Keyword	O
2432	27411	research	O
2432	27412	is	O
2432	27413	a	O
2432	27414	well	O
2432	27415	known	O
2432	27416	subject	O
2432	27417	,	O
2432	27418	yet	O
2432	27419	so	O
2432	27420	...	O
2433	27421	Thanks	O
2433	27422	and	O
2433	27423	I	O
2433	27424	will	O
2433	27425	RT	O
2433	27426	Happy	O
2433	27427	Berlated	O
2433	27428	Birthday	O
2433	27429	!	O
2434	27430	I	O
2434	27431	hope	O
2434	27432	u	O
2434	27433	have	O
2434	27434	fun	O
2434	27435	live	O
2434	27436	it	O
2434	27437	up	O
2434	27438	tonight	O
2434	27439	..	O
2435	27440	Enjoy	O
2435	27441	b	O
2435	27442	safe	O
2435	27443	!	O
2436	27444	RT	O
2436	27445	Soldiers	O
2436	27446	...	O
2437	27447	Familia	O
2437	27448	...	O
2438	27449	BH's...	O
2439	27450	NK	O
2439	27451	Fam	O
2439	27452	...	O
2440	27453	Homies	O
2440	27454	...	O
2441	27455	Etc	O
2441	27456	.	O
2442	27457	Etc	O
2442	27458	.	O
2443	27459	Etc	O
2443	27460	....	O
2444	27461	I	O
2444	27462	'm	O
2444	27463	gonna	O
2444	27464	need	O
2444	27465	some	O
2444	27466	company	O
2444	27467	next	O
2444	27468	Friday	O
2444	27469	in	O
2444	27470	NYC	LOCATION
2444	27471	...	O
2445	27472	I	O
2445	27473	've	O
2445	27474	never	O
2445	27475	found	O
2445	27476	a	O
2445	27477	happy	O
2445	27478	way	O
2445	27479	to	O
2445	27480	preserve	O
2445	27481	it	O
2445	27482	but	O
2445	27483	it	O
2445	27484	's	O
2445	27485	usually	O
2445	27486	affordable	O
2445	27487	most	O
2445	27488	of	O
2445	27489	the	O
2445	27490	year	O
2445	27491	.	O
2446	27492	We	O
2446	27493	eat	O
2446	27494	a	O
2446	27495	lot	O
2446	27496	2	O
2446	27497	,	O
2446	27498	grilled	O
2446	27499	saute	O
2446	27500	bake	O
2446	27501	or	O
2446	27502	fried	O
2446	27503	RT	O
2446	27504	RT	O
2446	27505	RT	O
2446	27506	No	O
2446	27507	Derek	PERSON
2446	27508	,	O
2446	27509	when	O
2446	27510	guys	O
2446	27511	get	O
2446	27512	hurt	O
2446	27513	,	O
2446	27514	kissing	O
2446	27515	the	O
2446	27516	boo-boo	O
2446	27517	will	O
2446	27518	not	O
2446	27519	make	O
2446	27520	it	O
2446	27521	better	O
2446	27522	.	O
2447	27523	...	O
2448	27524	Must	O
2448	27525	say	O
2448	27526	iPhone	MISC
2448	27527	is	O
2448	27528	more	O
2448	27529	accurate	O
2448	27530	.	O
2449	27531	Wasnt	O
2449	27532	brought	O
2449	27533	up	O
2449	27534	here	O
2449	27535	though	O
2449	27536	,	O
2449	27537	Wrawby	LOCATION
2449	27538	is	O
2449	27539	where	O
2449	27540	I	O
2449	27541	spent	O
2449	27542	18	O
2449	27543	years	O
2449	27544	of	O
2449	27545	my	O
2449	27546	life	O
2449	27547	.	O
2450	27548	You	O
2450	27549	said	O
2450	27550	that	O
2450	27551	last	O
2450	27552	week	O
2450	27553	Ash	PERSON
2450	27554	.	O
2451	27555	I	O
2451	27556	think	O
2451	27557	you	O
2451	27558	need	O
2451	27559	a	O
2451	27560	12	O
2451	27561	step	O
2451	27562	program	O
2451	27563	.	O
2452	27564	How	O
2452	27565	to	O
2452	27566	Write	O
2452	27567	a	O
2452	27568	Resume	O
2452	27569	After	O
2452	27570	Being	O
2452	27571	Fired	O
2452	27572	Dealing	O
2452	27573	with	O
2452	27574	how	O
2452	27575	to	O
2452	27576	write	O
2452	27577	a	O
2452	27578	resume	O
2452	27579	after	O
2452	27580	being	O
2452	27581	fired	O
2452	27582	is	O
2452	27583	something	O
2452	27584	many	O
2452	27585	of	O
2452	27586	...	O
2453	27587	RT	O
2453	27588	Fun	O
2453	27589	!	O
2454	27590	RT	O
2454	27591	Put	O
2454	27592	on	O
2454	27593	your	O
2454	27594	Boogie	O
2454	27595	Shoes	O
2454	27596	and	O
2454	27597	Get	O
2454	27598	Down	O
2454	27599	Tonight	O
2454	27600	with	O
2454	27601	KC	MISC
2454	27602	and	MISC
2454	27603	The	MISC
2454	27604	Sunshine	MISC
2454	27605	Band	MISC
2454	27606	.	O
2455	27607	http	O
2455	27608	:/	O
2456	27609	...	O
2457	27610	aaahh	O
2457	27611	sorry	O
2457	27612	i	O
2457	27613	posted	O
2457	27614	the	O
2457	27615	link	O
2457	27616	wrong	O
2457	27617	:(	O
2458	27618	basically	O
2458	27619	their	O
2458	27620	record	O
2458	27621	company	O
2458	27622	confirmed	O
2458	27623	the	O
2458	27624	title	O
2458	27625	it	O
2458	27626	comes	O
2458	27627	out	O
2458	27628	nov	O
2458	27629	23	O
2458	27630	XD	O
2458	27631	Happy	O
2458	27632	birfday	O
2458	27633	to	O
2458	27634	the	O
2458	27635	only	O
2458	27636	p-i-m-p	O
2458	27637	I	O
2458	27638	know	O
2458	27639	...	O
2459	27640	!	O
2460	27641	We	O
2460	27642	're	O
2460	27643	getting	O
2460	27644	white	O
2460	27645	boy	O
2460	27646	wasted	O
2460	27647	tonight	O
2460	27648	!	O
2461	27649	Lmao	O
2461	27650	..	O
2462	27651	They	O
2462	27652	!	O
2463	27653	RT	O
2463	27654	y	O
2463	27655	every	O
2463	27656	nigga	O
2463	27657	tryna	O
2463	27658	grow	O
2463	27659	they	O
2463	27660	hair	O
2463	27661	out	O
2463	27662	.	O
2464	27663	should	O
2464	27664	of	O
2464	27665	did	O
2464	27666	that	O
2464	27667	a	O
2464	27668	long	O
2464	27669	time	O
2464	27670	ago	O
2464	27671	.	O
2465	27672	-_-	O
2465	27673	skimp	O
2465	27674	ass	O
2465	27675	braids	O
2465	27676	.	O
2466	27677	Half	MISC
2466	27678	baked	MISC
2466	27679	,	O
2466	27680	next	O
2466	27681	how	MISC
2466	27682	high	MISC
2466	27683	,	O
2466	27684	grandma	MISC
2466	27685	boys	MISC
2466	27686	,	O
2466	27687	puff	MISC
2466	27688	puff	MISC
2466	27689	pass	MISC
2466	27690	,	O
2466	27691	and	O
2466	27692	4	O
2466	27693	hours	O
2466	27694	of	O
2466	27695	friday	O
2466	27696	.	O
2467	27697	DEAD	O
2467	27698	GREEN	O
2467	27699	HARTS	O
2467	27700	haha	O
2467	27701	yes	O
2467	27702	:)	O
2468	27703	have	O
2468	27704	to	O
2468	27705	go	O
2468	27706	speak	O
2468	27707	tomorrow	O
2468	27708	:)	O
2469	27709	good	O
2469	27710	night	O
2469	27711	xxx	O
2469	27712	I	O
2469	27713	got	O
2469	27714	slapped	O
2469	27715	in	O
2469	27716	the	O
2469	27717	face	O
2469	27718	the	O
2469	27719	other	O
2469	27720	day	O
2469	27721	by	O
2469	27722	a	O
2469	27723	few	O
2469	27724	DT	MISC
2469	27725	fans	O
2469	27726	because	O
2469	27727	I	O
2469	27728	said	O
2469	27729	you	O
2469	27730	were	O
2469	27731	awesome	O
2469	27732	for	O
2469	27733	joining	O
2469	27734	A7X	O
2469	27735	.	O
2470	27736	So	O
2470	27737	worth	O
2470	27738	it	O
2470	27739	.	O
2471	27740	foREVer	O
2471	27741	!	O
2472	27742	Good	O
2472	27743	morning	O
2472	27744	!	O
2473	27745	Have	O
2473	27746	a	O
2473	27747	Good	O
2473	27748	day	O
2473	27749	:)	O
2474	27750	from	O
2474	27751	JPN	LOCATION
2474	27752	.	O
2475	27753	Good	O
2475	27754	golly	O
2475	27755	.	O
2476	27756	Who	O
2476	27757	left	O
2476	27758	the	O
2476	27759	candy	O
2476	27760	in	O
2476	27761	the	O
2476	27762	lunchroom	O
2476	27763	.	O
2477	27764	May	O
2477	27765	set	O
2477	27766	a	O
2477	27767	world	O
2477	27768	record	O
2477	27769	for	O
2477	27770	the	O
2477	27771	most	O
2477	27772	Sour	MISC
2477	27773	Patch	MISC
2477	27774	kids	MISC
2477	27775	eaten	O
2477	27776	by	O
2477	27777	an	O
2477	27778	individual	O
2477	27779	!	O
2478	27780	Hey	O
2478	27781	....	O
2479	27782	my	O
2479	27783	birthday	O
2479	27784	is	O
2479	27785	in	O
2479	27786	exactly	O
2479	27787	one	O
2479	27788	month	O
2479	27789	!!!	O
2480	27790	:D	O
2481	27791	Do	O
2481	27792	n't	O
2481	27793	miss	O
2481	27794	our	O
2481	27795	Half	O
2481	27796	Way	O
2481	27797	to	O
2481	27798	St	MISC
2481	27799	.	MISC
2482	27800	Patty	MISC
2482	27801	's	MISC
2482	27802	Day	MISC
2482	27803	Party	O
2482	27804	Tonight	O
2482	27805	!	O
2483	27806	We	O
2483	27807	're	O
2483	27808	having	O
2483	27809	crazy	O
2483	27810	drink	O
2483	27811	Specials	O
2483	27812	too	O
2483	27813	..	O
2484	27814	tex	O
2484	27815	980-333-3923	O
2484	27816	to	O
2484	27817	get	O
2484	27818	on	O
2484	27819	the	O
2484	27820	guest	O
2484	27821	list	O
2484	27822	!	O
2485	27823	RT	O
2485	27824	What	O
2485	27825	's	O
2485	27826	done	O
2485	27827	is	O
2485	27828	done	O
2485	27829	,	O
2485	27830	Just	O
2485	27831	leave	O
2485	27832	it	O
2485	27833	alone	O
2485	27834	,	O
2485	27835	and	O
2485	27836	do	O
2485	27837	n't	O
2485	27838	regret	O
2485	27839	.	O
2486	27840	Sometimes	O
2486	27841	somethings	O
2486	27842	turn	O
2486	27843	in-to	O
2486	27844	dumb	O
2486	27845	things	O
2486	27846	.	O
2487	27847	And	O
2487	27848	that	O
2487	27849	's	O
2487	27850	when	O
2487	27851	...	O
2488	27852	Yeah	O
2488	27853	man	O
2488	27854	,	O
2488	27855	u	O
2488	27856	got	O
2488	27857	it	O
2488	27858	.	O
2489	27859	It	O
2489	27860	's	O
2489	27861	only	O
2489	27862	a	O
2489	27863	matter	O
2489	27864	of	O
2489	27865	time	O
2489	27866	.	O
2490	27867	...	O
2491	27868	ive	O
2491	27869	been	O
2491	27870	to	O
2491	27871	13	O
2491	27872	30stm	MISC
2491	27873	concerts	O
2491	27874	now	O
2491	27875	and	O
2491	27876	you	O
2491	27877	never	O
2491	27878	got	O
2491	27879	me	O
2491	27880	on	O
2491	27881	stage	O
2491	27882	during/before	O
2491	27883	kings	MISC
2491	27884	and	MISC
2491	27885	queens	MISC
2491	27886	:(	O
2492	27887	Reduced	O
2492	27888	Sodium	O
2492	27889	labels	O
2492	27890	may	O
2492	27891	only	O
2492	27892	have	O
2492	27893	25%	O
2492	27894	less	O
2492	27895	sodium	O
2492	27896	than	O
2492	27897	the	O
2492	27898	original	O
2492	27899	..	O
2493	27900	go	O
2493	27901	for	O
2493	27902	Low	O
2493	27903	Sodium	O
2493	27904	labels	O
2493	27905	which	O
2493	27906	have	O
2493	27907	no	O
2493	27908	more	O
2493	27909	than	O
2493	27910	140	O
2493	27911	mg	O
2493	27912	per	O
2493	27913	serving	O
2493	27914	Power	O
2493	27915	nap	O
2493	27916	.	O
2494	27917	I	O
2494	27918	need	O
2494	27919	it	O
2494	27920	.	O
2495	27921	Its	O
2495	27922	been	O
2495	27923	a	O
2495	27924	stressful	O
2495	27925	week	O
2495	27926	.	O
2496	27927	I	O
2496	27928	'm	O
2496	27929	excited	O
2496	27930	for	O
2496	27931	xmas	MISC
2496	27932	,	O
2496	27933	haha	O
2496	27934	.	O
2497	27935	Goodnight	O
2497	27936	.	O
2498	27937	:)	O
2499	27938	today	O
2499	27939	just	O
2499	27940	does	O
2499	27941	n't	O
2499	27942	feel	O
2499	27943	like	O
2499	27944	a	O
2499	27945	Friday	O
2499	27946	HA	O
2499	27947	!	O
2500	27948	RT	O
2500	27949	I	O
2500	27950	love	O
2500	27951	it	O
2500	27952	when	O
2500	27953	my	O
2500	27954	mom	O
2500	27955	posts	O
2500	27956	status	O
2500	27957	updates	O
2500	27958	on	O
2500	27959	FB	ORGANIZATION
2500	27960	,	O
2500	27961	they	O
2500	27962	are	O
2500	27963	usually	O
2500	27964	personal	O
2500	27965	messages	O
2500	27966	she	O
2500	27967	meant	O
2500	27968	2write	O
2500	27969	on	O
2500	27970	someone	O
2500	27971	's	O
2500	27972	wall	O
2500	27973	.	O
2501	27974	;)	O
2502	27975	Awesome	O
2502	27976	tennis	O
2502	27977	practice	O
2502	27978	today~	O
2502	27979	So	O
2502	27980	happy	O
2502	27981	to	O
2502	27982	play	O
2502	27983	again	O
2502	27984	:)	O
2503	27985	Dollar	O
2503	27986	steady	O
2503	27987	versus	O
2503	27988	yen	O
2503	27989	but	O
2503	27990	market	O
2503	27991	wary	O
2503	27992	of	O
2503	27993	intervention	O
2503	27994	|	O
2503	27995	Money	O
2503	27996	...:	O
2504	27997	The	O
2504	27998	dollar	O
2504	27999	held	O
2504	28000	near	O
2504	28001	its	O
2504	28002	highest	O
2504	28003	in	O
2504	28004	a	O
2504	28005	month	O
2504	28006	...	O
2505	28007	Knowing	O
2505	28008	that	O
2505	28009	I	O
2505	28010	have	O
2505	28011	people	O
2505	28012	who	O
2505	28013	love	O
2505	28014	me	O
2505	28015	and	O
2505	28016	I	O
2505	28017	love	O
2505	28018	them	O
2505	28019	back	O
2505	28020	makes	O
2505	28021	my	O
2505	28022	day	O
2505	28023	Not	O
2505	28024	long	O
2505	28025	ago	O
2505	28026	I	O
2505	28027	responded	O
2505	28028	to	O
2505	28029	a	O
2505	28030	angry	O
2505	28031	cardiologist	O
2505	28032	whom	O
2505	28033	I	O
2505	28034	have	O
2505	28035	known	O
2505	28036	yrs	O
2505	28037	.	O
2506	28038	when	O
2506	28039	he	O
2506	28040	spit	O
2506	28041	venom	O
2506	28042	to	O
2506	28043	the	O
2506	28044	newspaper	O
2506	28045	but	O
2506	28046	I	O
2506	28047	did	O
2506	28048	it	O
2506	28049	+	O
2506	28050	fckn	O
2506	28051	emily	PERSON
2506	28052	rodriguez	PERSON
2506	28053	did	O
2506	28054	n't	O
2506	28055	bring	O
2506	28056	my	O
2506	28057	cookies	O
2506	28058	today	O
2506	28059	!!	O
2507	28060	lil	O
2507	28061	brat	O
2507	28062	.	O
2508	28063	Yo	O
2508	28064	Man	O
2508	28065	,	O
2508	28066	just	O
2508	28067	won	O
2508	28068	$1000	O
2508	28069	tonight	O
2508	28070	.	O
2509	28071	100%	O
2509	28072	Bonus	O
2509	28073	,	O
2509	28074	Bonus	O
2509	28075	Code	O
2509	28076	win2bet	O
2509	28077	!	O
2510	28078	Fantastic	O
2510	28079	Place	O
2510	28080	to	O
2510	28081	Play	O
2510	28082	RT	O
2510	28083	PG<E	O
2510	28084	donated	O
2510	28085	35G	O
2510	28086	to	O
2510	28087	state	O
2510	28088	committe	O
2510	28089	chairman	O
2510	28090	investigating	O
2510	28091	them	O
2510	28092	1day	O
2510	28093	after	O
2510	28094	explosion	O
2510	28095	in	O
2510	28096	-Who	O
2510	28097	is	O
2510	28098	still	O
2510	28099	defendi	O
2510	28100	...	O
2511	28101	But	O
2511	28102	a	O
2511	28103	mess	O
2511	28104	on	O
2511	28105	one	O
2511	28106	day	O
2511	28107	may	O
2511	28108	not	O
2511	28109	a	O
2511	28110	mess	O
2511	28111	eternally	O
2511	28112	be	O
2511	28113	.	O
2512	28114	soon	O
2512	28115	,	O
2512	28116	as	O
2512	28117	long	O
2512	28118	as	O
2512	28119	peels	O
2512	28120	himself	O
2512	28121	away	O
2512	28122	from	O
2512	28123	the	O
2512	28124	duckies	O
2512	28125	,	O
2512	28126	and	O
2512	28127	get	O
2512	28128	on	O
2512	28129	his	O
2512	28130	way	O
2512	28131	.	O
2513	28132	but	O
2513	28133	we	O
2513	28134	want	O
2513	28135	more	O
2513	28136	pics	O
2513	28137	dont	O
2513	28138	we	O
2513	28139	?	O
2514	28140	Have	O
2514	28141	a	O
2514	28142	practice	O
2514	28143	session	O
2514	28144	Field	LOCATION
2514	28145	today	O
2514	28146	at	O
2514	28147	6pm	O
2514	28148	.	O
2515	28149	Hope	O
2515	28150	i	O
2515	28151	shine	O
2515	28152	well	O
2515	28153	and	O
2515	28154	start	O
2515	28155	the	O
2515	28156	next	O
2515	28157	game	O
2515	28158	.	O
2516	28159	:)	O
2517	28160	ugh	O
2517	28161	so	O
2517	28162	this	O
2517	28163	chick	O
2517	28164	onFB	O
2517	28165	jus	O
2517	28166	wrote	O
2517	28167	this	O
2517	28168	long	O
2517	28169	status	O
2517	28170	cussin	O
2517	28171	me	O
2517	28172	out	O
2517	28173	,	O
2517	28174	but	O
2517	28175	im	O
2517	28176	not	O
2517	28177	even	O
2517	28178	gonna	O
2517	28179	stoop	O
2517	28180	to	O
2517	28181	her	O
2517	28182	leve	O
2517	28183	but	O
2517	28184	i	O
2517	28185	wanna	O
2517	28186	bomb	O
2517	28187	her	O
2517	28188	ass	O
2517	28189	out	O
2517	28190	so	O
2517	28191	bad	O
2517	28192	It	O
2517	28193	's	O
2517	28194	5pm	O
2517	28195	on	O
2517	28196	Friday	O
2517	28197	!	O
2518	28198	Wish	O
2518	28199	you	O
2518	28200	guys	O
2518	28201	have	O
2518	28202	a	O
2518	28203	fabulous	O
2518	28204	evening	O
2518	28205	!!!	O
2519	28206	And	O
2519	28207	have	O
2519	28208	a	O
2519	28209	wonderful	O
2519	28210	weekend	O
2519	28211	3	O
2519	28212	3	O
2519	28213	It	O
2519	28214	's	O
2519	28215	official	O
2519	28216	.	O
2520	28217	Next	O
2520	28218	book	O
2520	28219	club	O
2520	28220	selection	O
2520	28221	is	O
2520	28222	Not	MISC
2520	28223	a	MISC
2520	28224	Genuine	MISC
2520	28225	Black	MISC
2520	28226	Man	MISC
2520	28227	by	O
2520	28228	I	O
2520	28229	saw	O
2520	28230	the	O
2520	28231	show	O
2520	28232	a	O
2520	28233	few	O
2520	28234	years	O
2520	28235	ago	O
2520	28236	and	O
2520	28237	it	O
2520	28238	was	O
2520	28239	fantastic	O
2520	28240	.	O
2521	28241	I	O
2521	28242	'm	O
2521	28243	tired	O
2521	28244	after	O
2521	28245	school	O
2521	28246	today	O
2521	28247	!	O
2522	28248	have	O
2522	28249	a	O
2522	28250	dating	O
2522	28251	show	O
2522	28252	with	O
2522	28253	evry	O
2522	28254	week	O
2522	28255	'll	O
2522	28256	compete	O
2522	28257	with	O
2522	28258	sum	O
2522	28259	hawt	O
2522	28260	dude	O
2522	28261	2	O
2522	28262	keep	O
2522	28263	ur	O
2522	28264	intrest	O
2522	28265	like	O
2522	28266	my$	O
2522	28267	on	O
2522	28268	will	O
2522	28269	Greek	MISC
2522	28270	Festival	MISC
2522	28271	at	O
2522	28272	St	LOCATION
2522	28273	Johns	LOCATION
2522	28274	before	O
2522	28275	ASPEN	LOCATION
2522	28276	RT	O
2522	28277	Today	O
2522	28278	's	O
2522	28279	the	O
2522	28280	102nd	O
2522	28281	birthday	O
2522	28282	of	O
2522	28283	the	O
2522	28284	American	MISC
2522	28285	Professional	MISC
2522	28286	Football	MISC
2522	28287	Association	MISC
2522	28288	we	O
2522	28289	call	O
2522	28290	it	O
2522	28291	the	O
2522	28292	NFL	MISC
2522	28293	.	O
2523	28294	First	O
2523	28295	draft	O
2523	28296	choice	O
2523	28297	Brett	PERSON
2523	28298	Favre	PERSON
2523	28299	.	O
2524	28300	So	O
2524	28301	far	O
2524	28302	this	O
2524	28303	day	O
2524	28304	xxx	O
2524	28305	;	O
2524	28306	t	O
2524	28307	gone	O
2524	28308	to	O
2524	28309	well	O
2524	28310	,	O
2524	28311	hopefully	O
2524	28312	my	O
2524	28313	night	O
2524	28314	will	O
2524	28315	be	O
2524	28316	better	O
2524	28317	!	O
2525	28318	Let	O
2525	28319	's	O
2525	28320	hope	O
2525	28321	the	O
2525	28322	Serie	MISC
2525	28323	A	MISC
2525	28324	continues	O
2525	28325	to	O
2525	28326	be	O
2525	28327	on	O
2525	28328	the	O
2525	28329	tv	O
2525	28330	schedule	O
2525	28331	next	O
2525	28332	week	O
2525	28333	.	O
2526	28334	This	O
2526	28335	strike	O
2526	28336	has	O
2526	28337	fans	O
2526	28338	of	O
2526	28339	Calcio	LOCATION
2526	28340	worried	O
2526	28341	....	O
2527	28342	what	O
2527	28343	's	O
2527	28344	the	O
2527	28345	look	O
2527	28346	for	O
2527	28347	tonight	O
2527	28348	?	O
2528	28349	going	O
2528	28350	now	O
2528	28351	guiseeeee	O
2528	28352	...	O
2529	28353	if	O
2529	28354	i	O
2529	28355	dont	O
2529	28356	see	O
2529	28357	you	O
2529	28358	through	O
2529	28359	the	O
2529	28360	week	O
2529	28361	ill	O
2529	28362	see	O
2529	28363	you	O
2529	28364	through	O
2529	28365	the	O
2529	28366	window	O
2529	28367	:)	O
2530	28368	:)	O
2531	28369	Beautiful	O
2531	28370	day	O
2531	28371	in	O
2531	28372	Chicago	LOCATION
2531	28373	!	O
2532	28374	Nice	O
2532	28375	to	O
2532	28376	get	O
2532	28377	away	O
2532	28378	from	O
2532	28379	the	O
2532	28380	Florida	LOCATION
2532	28381	heat	O
2532	28382	.	O
2533	28383	College	O
2533	28384	Student	O
2533	28385	-	O
2533	28386	Trusty	O
2533	28387	House	O
2533	28388	and	O
2533	28389	Pet	O
2533	28390	Sitter	O
2533	28391	Barefoot	O
2533	28392	Student	O
2533	28393	I	O
2533	28394	'm	O
2533	28395	a	O
2533	28396	22	O
2533	28397	year	O
2533	28398	old	O
2533	28399	first	O
2533	28400	year	O
2533	28401	graduate	O
2533	28402	student	O
2533	28403	at	O
2533	28404	...	O
2534	28405	~~~	O
2534	28406	this	O
2534	28407	is	O
2534	28408	the	O
2534	28409	second	O
2534	28410	time	O
2534	28411	they	O
2534	28412	have	O
2534	28413	messed	O
2534	28414	up	O
2534	28415	....	O
2535	28416	about	O
2535	28417	to	O
2535	28418	give	O
2535	28419	up	O
2535	28420	on	O
2535	28421	them	O
2535	28422	Love	O
2535	28423	how	O
2535	28424	I	O
2535	28425	ca	O
2535	28426	n't	O
2535	28427	wear	O
2535	28428	my	O
2535	28429	shorts	O
2535	28430	to	O
2535	28431	the	O
2535	28432	party	O
2535	28433	tonight	O
2535	28434	,	O
2535	28435	so	O
2535	28436	I	O
2535	28437	have	O
2535	28438	to	O
2535	28439	wear	O
2535	28440	sweat	O
2535	28441	pants	O
2535	28442	over	O
2535	28443	them	O
2535	28444	and	O
2535	28445	change	O
2535	28446	when	O
2535	28447	I	O
2535	28448	get	O
2535	28449	there	O
2535	28450	.	O
2536	28451	SmackMyHead	O
2536	28452	.	O
2537	28453	Aggressive	O
2537	28454	Kids	O
2537	28455	With	O
2537	28456	ADHD	MISC
2537	28457	May	O
2537	28458	Not	O
2537	28459	Need	O
2537	28460	Antipsychotic	O
2537	28461	Meds	O
2537	28462	Oh	O
2537	28463	lord	O
2537	28464	here	O
2537	28465	we	O
2537	28466	go	O
2537	28467	again	O
2537	28468	Paranormal	MISC
2537	28469	Activity	MISC
2537	28470	2	MISC
2537	28471	I	O
2537	28472	'm	O
2537	28473	not	O
2537	28474	requesting	O
2537	28475	it	O
2537	28476	in	O
2537	28477	my	O
2537	28478	area	O
2537	28479	this	O
2537	28480	time	O
2537	28481	.	O
2538	28482	Are	O
2538	28483	you	O
2538	28484	?	O
2539	28485	RT	O
2539	28486	Thousands	O
2539	28487	of	O
2539	28488	angry	O
2539	28489	masturbators	O
2539	28490	marched	O
2539	28491	against	O
2539	28492	Christine	PERSON
2539	28493	O'Donnell	PERSON
2539	28494	today	O
2539	28495	Seriously	O
2539	28496	.	O
2540	28497	Man	O
2540	28498	gets	O
2540	28499	20	O
2540	28500	years	O
2540	28501	in	O
2540	28502	murder	O
2540	28503	plot	O
2540	28504	against	O
2540	28505	judge	O
2540	28506	can	O
2540	28507	u	O
2540	28508	please	O
2540	28509	follow	O
2540	28510	me	O
2540	28511	?	O
2541	28512	you	O
2541	28513	will	O
2541	28514	make	O
2541	28515	my	O
2541	28516	day	O
2541	28517	3	O
2541	28518	8	O
2541	28519	Rock	O
2541	28520	to	O
2541	28521	SECTION	O
2541	28522	204	O
2541	28523	tonight	O
2541	28524	!!!!	O
2542	28525	in	O
2542	28526	tthe	O
2542	28527	Car	O
2542	28528	:/	O
2543	28529	Today	O
2543	28530	wasz	O
2543	28531	Fun	O
2543	28532	cusz	O
2543	28533	anna	PERSON
2543	28534	Came	O
2543	28535	juss	O
2543	28536	for	O
2543	28537	me	O
2543	28538	3	O
2543	28539	hahaha	O
2543	28540	man	O
2543	28541	my	O
2543	28542	twin	O
2543	28543	wanna	O
2543	28544	act	O
2543	28545	fake	O
2543	28546	today	O
2543	28547	but	O
2543	28548	its	O
2543	28549	okay	O
2543	28550	bcuz	O
2543	28551	i	O
2543	28552	still	O
2543	28553	love	O
2543	28554	you	O
2543	28555	Tryna	O
2543	28556	Get	O
2543	28557	Into	O
2543	28558	Something	O
2543	28559	Tonight	O
2543	28560	RT	O
2543	28561	RT	O
2543	28562	this	O
2543	28563	if	O
2543	28564	you	O
2543	28565	want	O
2543	28566	me	O
2543	28567	to	O
2543	28568	go	O
2543	28569	back	O
2543	28570	live	O
2543	28571	on	O
2543	28572	Ustream	ORGANIZATION
2543	28573	later	O
2543	28574	tonight	O
2543	28575	Bestfriend	O
2543	28576	HouseTonight	O
2543	28577	Til	O
2543	28578	Sunday	O
2543	28579	Route	O
2543	28580	66	O
2543	28581	Tomarrow	O
2543	28582	Wit	O
2543	28583	The	O
2543	28584	Cuhzans	O
2543	28585	,	O
2543	28586	Bestfriend<Ride	O
2543	28587	Or	O
2543	28588	Die	O
2543	28589	.	O
2544	28590	Fuxx	O
2544	28591	Widd	O
2544	28592	IHT	O
2544	28593	MODEL'$$	O
2544	28594	Repp	O
2544	28595	:)	O
2545	28596	Good	O
2545	28597	day	O
2545	28598	looking	O
2545	28599	for	O
2545	28600	software	O
2545	28601	n	O
2545	28602	usb	O
2545	28603	drivers	O
2545	28604	VIDEO	O
2545	28605	Showbiz	MISC
2545	28606	Tonight	MISC
2545	28607	-	O
2545	28608	Is	O
2545	28609	TV	O
2545	28610	Too	O
2545	28611	Gay	O
2545	28612	?:	O
2546	28613	GigaOM	O
2546	28614	DRM	O
2546	28615	FAIL	O
2546	28616	Five	O
2546	28617	Broken	O
2546	28618	Copy	O
2546	28619	Protection	O
2546	28620	Schemes	O
2546	28621	This	O
2546	28622	week	O
2546	28623	,	O
2546	28624	we	O
2546	28625	learned	O
2546	28626	that	O
2546	28627	the	O
2546	28628	HDCP	O
2546	28629	copy	O
2546	28630	protection	O
2546	28631	scheme	O
2546	28632	...	O
2547	28633	did	O
2547	28634	you	O
2547	28635	see	O
2547	28636	the	O
2547	28637	yakuza	MISC
2547	28638	vs	O
2547	28639	zombies	O
2547	28640	....	O
2548	28641	smh	O
2548	28642	but	O
2548	28643	cool	O
2548	28644	at	O
2548	28645	the	O
2548	28646	same	O
2548	28647	time	O
2548	28648	yeah	O
2548	28649	,	O
2548	28650	after	O
2548	28651	a	O
2548	28652	long	O
2548	28653	week	O
2548	28654	,	O
2548	28655	I	O
2548	28656	think	O
2548	28657	we	O
2548	28658	need	O
2548	28659	an	O
2548	28660	early	O
2548	28661	night	O
2548	28662	,	O
2548	28663	so	O
2548	28664	are	O
2548	28665	heading	O
2548	28666	to	O
2548	28667	bed	O
2548	28668	shortly	O
2548	28669	.	O
2549	28670	We'll	O
2549	28671	pop	O
2549	28672	over	O
2549	28673	tomorrow	O
2549	28674	afternoon	O
2549	28675	tho	O
2549	28676	twenty-four	O
2549	28677	days	O
2549	28678	for	O
2549	28679	Costa	MISC
2549	28680	do	MISC
2549	28681	Sauipe	MISC
2549	28682	*-*	O
2549	28683	Was	O
2549	28684	it	O
2549	28685	you	O
2549	28686	who	O
2549	28687	sent	O
2549	28688	out	O
2549	28689	the	O
2549	28690	Ginger	O
2549	28691	Peach	O
2549	28692	jam	O
2549	28693	recipe	O
2549	28694	?	O
2550	28695	Making	O
2550	28696	some	O
2550	28697	tonight	O
2550	28698	w	O
2550	28699	our	O
2550	28700	fab	O
2550	28701	Palisades	O
2550	28702	peaches	O
2550	28703	.	O
2551	28704	Mmmm	O
2551	28705	....	O
2552	28706	Spotted	O
2552	28707	Kanye	PERSON
2552	28708	West	PERSON
2552	28709	Celebrates	O
2552	28710	LAMB	MISC
2552	28711	With	O
2552	28712	Gwen	PERSON
2552	28713	Stefani	PERSON
2552	28714	New	MISC
2552	28715	York	MISC
2552	28716	Fashion	MISC
2552	28717	Week	MISC
2552	28718	is	O
2552	28719	coming	O
2552	28720	to	O
2552	28721	a	O
2552	28722	close	O
2552	28723	,	O
2552	28724	but	O
2552	28725	not	O
2552	28726	before	O
2552	28727	...	O
2553	28728	Getting	O
2553	28729	the	O
2553	28730	10am	O
2553	28731	bus	O
2553	28732	tomorrow	O
2553	28733	Happy	O
2553	28734	B-Day	O
2553	28735	Jimmie	PERSON
2553	28736	Johnson	PERSON
2553	28737	FLYING	O
2553	28738	LIZARD	O
2553	28739	It	O
2553	28740	's	O
2553	28741	near	O
2553	28742	!	O
2554	28743	RT	O
2554	28744	RT	O
2554	28745	989	O
2554	28746	followers	O
2554	28747	!!	O
2555	28748	RT	O
2555	28749	to	O
2555	28750	help	O
2555	28751	me	O
2555	28752	hit	O
2555	28753	1000	O
2555	28754	today	O
2555	28755	please	O
2555	28756	!	O
2556	28757	:)	O
2557	28758	{	O
2557	28759	drinks	O
2557	28760	slowly	O
2557	28761	from	O
2557	28762	my	O
2557	28763	cup	O
2557	28764	observing	O
2557	28765	your	O
2557	28766	actions	O
2557	28767	before	O
2557	28768	clearing	O
2557	28769	my	O
2557	28770	throat	O
2557	28771	}	O
2557	28772	is	O
2557	28773	-this-	O
2557	28774	your	O
2557	28775	plans	O
2557	28776	for	O
2557	28777	today	O
2557	28778	?	O
2558	28779	I'm	O
2558	28780	so	O
2558	28781	excited	O
2558	28782	about	O
2558	28783	going	O
2558	28784	out	O
2558	28785	tonight	O
2558	28786	no	O
2558	28787	work	O
2558	28788	yea	O
2558	28789	....	O
2559	28790	Badd	O
2559	28791	Badd	O
2559	28792	Badd	O
2559	28793	Badd	O
2559	28794	girls	O
2559	28795	.	O
2560	28796	Let	O
2560	28797	's	O
2560	28798	gooooooooooo	O
2560	28799	MD	LOCATION
2560	28800	Jobs	O
2560	28801	|	O
2560	28802	Executive	O
2560	28803	Pharmacist-Full	O
2560	28804	Time	O
2560	28805	Float-Ellicott	LOCATION
2560	28806	City	LOCATION
2560	28807	,	O
2560	28808	MD	LOCATION
2560	28809	Job	O
2560	28810	MD	LOCATION
2560	28811	The	O
2560	28812	only	O
2560	28813	problem	O
2560	28814	with	O
2560	28815	taxing	O
2560	28816	ur	O
2560	28817	car	O
2560	28818	online	O
2560	28819	is	O
2560	28820	its	O
2560	28821	no	O
2560	28822	fun	O
2560	28823	not	O
2560	28824	paying	O
2560	28825	anything	O
2560	28826	for	O
2560	28827	a	O
2560	28828	5litre	O
2560	28829	car	O
2560	28830	when	O
2560	28831	its	O
2560	28832	a	O
2560	28833	classic	O
2560	28834	:)	O
2561	28835	Let	O
2561	28836	's	O
2561	28837	go	O
2561	28838	to	O
2561	28839	New	LOCATION
2561	28840	York	LOCATION
2561	28841	tomorrow	O
2561	28842	with	O
2561	28843	Blakehurst	MISC
2561	28844	.	O
2562	28845	Contact	O
2562	28846	us	O
2562	28847	about	O
2562	28848	your	O
2562	28849	fall/winter	O
2562	28850	trave	O
2562	28851	410-336-3234	O
2562	28852	Year	O
2562	28853	10	O
2562	28854	is	O
2562	28855	a	O
2562	28856	bitch	O
2562	28857	Lol	O
2562	28858	,	O
2562	28859	that	O
2562	28860	's	O
2562	28861	not	O
2562	28862	going	O
2562	28863	to	O
2562	28864	solve	O
2562	28865	your	O
2562	28866	problems	O
2562	28867	.	O
2563	28868	When	O
2563	28869	you	O
2563	28870	sober	O
2563	28871	up	O
2563	28872	again	O
2563	28873	,	O
2563	28874	they're	O
2563	28875	going	O
2563	28876	to	O
2563	28877	back	O
2563	28878	.	O
2564	28879	starting	O
2564	28880	to	O
2564	28881	be	O
2564	28882	temped	O
2564	28883	to	O
2564	28884	get	O
2564	28885	an	O
2564	28886	android	MISC
2564	28887	device	O
2564	28888	,	O
2564	28889	but	O
2564	28890	prob	O
2564	28891	next	O
2564	28892	gen	O
2564	28893	after	O
2564	28894	desire/desirehd/galaxy	O
2564	28895	s	O
2564	28896	.	O
2565	28897	critical	O
2565	28898	mass/commercial	O
2565	28899	My	O
2565	28900	teacher	O
2565	28901	turned	O
2565	28902	on	O
2565	28903	the	O
2565	28904	radio	O
2565	28905	in	O
2565	28906	class	O
2565	28907	and	O
2565	28908	all	O
2565	28909	i	O
2565	28910	heard	O
2565	28911	was	O
2565	28912	U	O
2565	28913	smile	O
2565	28914	I	O
2565	28915	smile	O
2565	28916	that	O
2565	28917	made	O
2565	28918	my	O
2565	28919	day	O
2565	28920	:D	O
2566	28921	Gonna	O
2566	28922	be	O
2566	28923	on	O
2566	28924	national	O
2566	28925	television	O
2566	28926	monday	O
2566	28927	and	O
2566	28928	on	O
2566	28929	the	O
2566	28930	internet	O
2566	28931	tuesday	O
2566	28932	.	O
2567	28933	Interview	O
2567	28934	cause	O
2567	28935	of	O
2567	28936	the	O
2567	28937	text	O
2567	28938	I	O
2567	28939	wrote	O
2567	28940	on	O
2567	28941	the	O
2567	28942	day	O
2567	28943	against	O
2567	28944	homophobia	O
2567	28945	RT	O
2567	28946	Follow	O
2567	28947	Friday	O
2567	28948	...	O
2568	28949	Just	O
2568	28950	got	O
2568	28951	some	O
2568	28952	yummyyyyy	O
2568	28953	bubble	O
2568	28954	bath	O
2568	28955	goodies	O
2568	28956	there	O
2568	28957	.	O
2569	28958	:)	O
2570	28959	xxxxxx	O
2570	28960	Avast	MISC
2570	28961	AntiVirus	MISC
2570	28962	4	MISC
2570	28963	8	MISC
2570	28964	PROFIONAL	MISC
2570	28965	Full	O
2570	28966	Life	O
2570	28967	Time	O
2570	28968	Key	O
2570	28969	Avast	MISC
2570	28970	AntiVirus	MISC
2570	28971	4.8	MISC
2571	28972	PROFESIONAL	MISC
2571	28973	Full	O
2571	28974	with	O
2571	28975	Life	O
2571	28976	Time	O
2571	28977	Keygen	O
2571	28978	!	O
2572	28979	...	O
2573	28980	Jets	ORGANIZATION
2573	28981	coach	O
2573	28982	Rex	PERSON
2573	28983	Ryan	PERSON
2573	28984	pleased	O
2573	28985	with	O
2573	28986	the	O
2573	28987	offense	O
2573	28988	this	O
2573	28989	week	O
2573	28990	in	O
2573	28991	practice	O
2573	28992	Over	O
2573	28993	1	O
2573	28994	,	O
2573	28995	5	O
2573	28996	week	O
2573	28997	sta	O
2573	28998	ik	O
2573	28999	in	O
2573	29000	de	O
2573	29001	keuken	O
2573	29002	bij	O
2573	29003	Delphi	ORGANIZATION
2573	29004	...	O
2574	29005	ik	O
2574	29006	word	O
2574	29007	toch	O
2574	29008	ooit	O
2574	29009	nog	O
2574	29010	kok	O
2574	29011	!	O
2575	29012	fuckin	O
2575	29013	yeaaaaaa	O
2575	29014	march	O
2575	29015	1st	O
2575	29016	omgomg	O
2575	29017	best	O
2575	29018	news	O
2575	29019	!!!!	O
2576	29020	Iron	MISC
2576	29021	Man	MISC
2576	29022	2	MISC
2576	29023	Three-Disc	O
2576	29024	Blu-ray/DVD	O
2576	29025	Combo	O
2576	29026	+	O
2576	29027	Digital	O
2576	29028	Copy	O
2576	29029	Starring	O
2576	29030	Robert	PERSON
2576	29031	Downey	PERSON
2576	29032	Jr	PERSON
2576	29033	.,	O
2577	29034	Mickey	PERSON
2577	29035	Rourke	PERSON
2577	29036	Direc	O
2577	29037	...	O
2578	29038	:-(	O
2579	29039	Mikes	O
2579	29040	been	O
2579	29041	at	O
2579	29042	A&E	MISC
2579	29043	all	O
2579	29044	day	O
2579	29045	and	O
2579	29046	is	O
2579	29047	now	O
2579	29048	comfortable	O
2579	29049	in	O
2579	29050	a	O
2579	29051	hospital	O
2579	29052	bed	O
2579	29053	:-(	O
2580	29054	Hope	O
2580	29055	you	O
2580	29056	are	O
2580	29057	both	O
2580	29058	better	O
2580	29059	soon	O
2580	29060	.	O
2581	29061	RT	O
2581	29062	Split	O
2581	29063	me	O
2581	29064	,	O
2581	29065	make	O
2581	29066	me	O
2581	29067	nothing	O
2581	29068	.	O
2582	29069	Fling	O
2582	29070	me	O
2582	29071	across	O
2582	29072	the	O
2582	29073	fabric	O
2582	29074	of	O
2582	29075	space	O
2582	29076	and	O
2582	29077	time	O
2582	29078	.	O
2583	29079	From	O
2583	29080	nothing	O
2583	29081	once	O
2583	29082	again	O
2583	29083	,	O
2583	29084	make	O
2583	29085	me	O
2583	29086	everything	O
2583	29087	-Rumi	PERSON
2583	29088	I	O
2583	29089	have	O
2583	29090	made	O
2583	29091	the	O
2583	29092	tough	O
2583	29093	decisions	O
2583	29094	,	O
2583	29095	always	O
2583	29096	with	O
2583	29097	an	O
2583	29098	eye	O
2583	29099	toward	O
2583	29100	the	O
2583	29101	bottom	O
2583	29102	line	O
2583	29103	.	O
2584	29104	Perhaps	O
2584	29105	it	O
2584	29106	's	O
2584	29107	time	O
2584	29108	America	LOCATION
2584	29109	was	O
2584	29110	run	O
2584	29111	like	O
2584	29112	a	O
2584	29113	business	O
2584	29114	.	O
2585	29115	Donald	PERSON
2585	29116	Trump	PERSON
2585	29117	The	MISC
2585	29118	Get	MISC
2585	29119	Up	MISC
2585	29120	Kids	MISC
2585	29121	,	O
2585	29122	Sunny	MISC
2585	29123	Day	MISC
2585	29124	Real	MISC
2585	29125	Estate	MISC
2585	29126	,	O
2585	29127	and	O
2585	29128	Cap'n	MISC
2585	29129	Jazz	MISC
2585	29130	are	O
2585	29131	quite	O
2585	29132	possibly	O
2585	29133	the	O
2585	29134	greatest	O
2585	29135	original	O
2585	29136	emo	O
2585	29137	bands	O
2585	29138	to	O
2585	29139	ever	O
2585	29140	exist	O
2585	29141	.	O
2586	29142	Ever	O
2586	29143	.	O
2587	29144	So	O
2587	29145	listen	O
2587	29146	.	O
2588	29147	Morning	O
2588	29148	....!	O
2589	29149	I	O
2589	29150	really	O
2589	29151	never	O
2589	29152	enjoy	O
2589	29153	to	O
2589	29154	sleep	O
2589	29155	...	O
2590	29156	hhmmm	O
2590	29157	..	O
2591	29158	Have	O
2591	29159	a	O
2591	29160	nice	O
2591	29161	saturday	O
2591	29162	all	O
2591	29163	..!	O
2592	29164	Hehehehehe	O
2592	29165	I	O
2592	29166	don't	O
2592	29167	mean	O
2592	29168	to	O
2592	29169	sound	O
2592	29170	old	O
2592	29171	,	O
2592	29172	but	O
2592	29173	today	O
2592	29174	's	O
2592	29175	music	O
2592	29176	is	O
2592	29177	wack	O
2592	29178	.	O
2593	29179	Lmaao	O
2593	29180	!	O
2594	29181	RT	O
2594	29182	I	O
2594	29183	hate	O
2594	29184	when	O
2594	29185	people	O
2594	29186	try	O
2594	29187	to	O
2594	29188	have	O
2594	29189	a	O
2594	29190	convo	O
2594	29191	&	O
2594	29192	ask	O
2594	29193	what	O
2594	29194	's	O
2594	29195	your	O
2594	29196	name	O
2594	29197	lol	O
2594	29198	com'on	O
2594	29199	now	O
2594	29200	its	O
2594	29201	right	O
2594	29202	there	O
2594	29203	Sitting	O
2594	29204	here	O
2594	29205	feeling	O
2594	29206	awful	O
2594	29207	with	O
2594	29208	hayfever/headcold/sinusinfection	O
2594	29209	but	O
2594	29210	the	O
2594	29211	sunshine	O
2594	29212	is	O
2594	29213	lovely	O
2594	29214	.	O
2595	29215	Can't	O
2595	29216	feel	O
2595	29217	too	O
2595	29218	bad	O
2595	29219	with	O
2595	29220	such	O
2595	29221	a	O
2595	29222	nice	O
2595	29223	day	O
2595	29224	.	O
2596	29225	MOTOGP	MISC
2596	29226	Round	O
2596	29227	13	O
2596	29228	,	O
2596	29229	Motoland	O
2596	29230	of	O
2596	29231	Aragon	LOCATION
2596	29232	,	O
2596	29233	Spain	LOCATION
2596	29234	,	O
2596	29235	day	O
2596	29236	one	O
2596	29237	.	O
2597	29238	Marlboro	ORGANIZATION
2597	29239	Ducati	ORGANIZATION
2597	29240	's	O
2597	29241	Casey	PERSON
2597	29242	Stoner	PERSON
2597	29243	wasted	O
2597	29244	no	O
2597	29245	time	O
2597	29246	in	O
2597	29247	taking	O
2597	29248	...	O
2598	29249	What	O
2598	29250	is	O
2598	29251	taking	O
2598	29252	them	O
2598	29253	sooo	O
2598	29254	long	O
2598	29255	?	O
2599	29256	lol	O
2599	29257	Hmmm	O
2599	29258	..	O
2600	29259	man	O
2600	29260	u	O
2600	29261	kno	O
2600	29262	when	O
2600	29263	u	O
2600	29264	tripped	O
2600	29265	LMao	O
2600	29266	RT	O
2600	29267	A	O
2600	29268	family-friendly	O
2600	29269	app	O
2600	29270	,	O
2600	29271	FREE	O
2600	29272	every	O
2600	29273	Friday	O
2600	29274	this	O
2600	29275	week	O
2600	29276	's	O
2600	29277	app	O
2600	29278	by	O
2600	29279	I've	O
2600	29280	been	O
2600	29281	waiting	O
2600	29282	for	O
2600	29283	band	O
2600	29284	camp	O
2600	29285	for	O
2600	29286	a	O
2600	29287	year	O
2600	29288	but	O
2600	29289	I'm	O
2600	29290	not	O
2600	29291	going	O
2600	29292	.	O
2601	29293	How	O
2601	29294	ironic	O
2601	29295	.	O
2602	29296	Role	O
2602	29297	of	O
2602	29298	a	O
2602	29299	Real	O
2602	29300	Estate	O
2602	29301	Lawyer	O
2602	29302	in	O
2602	29303	FSBO	O
2602	29304	|	O
2602	29305	eHowcom	O
2602	29306	Role	O
2602	29307	of	O
2602	29308	a	O
2602	29309	Real	O
2602	29310	Estate	O
2602	29311	Lawyer	O
2602	29312	in	O
2602	29313	FSBO	O
2602	29314	.	O
2603	29315	When	O
2603	29316	you	O
2603	29317	purchase	O
2603	29318	property	O
2603	29319	i	O
2603	29320	...	O
2604	29321	Consider	O
2604	29322	the	O
2604	29323	world	O
2604	29324	's	O
2604	29325	top-ranked	O
2604	29326	golfer	O
2604	29327	,	O
2604	29328	Tiger	PERSON
2604	29329	Woods	PERSON
2604	29330	.	O
2605	29331	If	O
2605	29332	a	O
2605	29333	guy	O
2605	29334	who	O
2605	29335	can	O
2605	29336	rake	O
2605	29337	in	O
2605	29338	a	O
2605	29339	billion	O
2605	29340	dollars	O
2605	29341	in	O
2605	29342	a	O
2605	29343	year	O
2605	29344	can	O
2605	29345	also	O
2605	29346	...	O
2606	29347	when	O
2606	29348	a	O
2606	29349	woman	O
2606	29350	says	O
2606	29351	,	O
2606	29352	we	O
2606	29353	need	O
2606	29354	some	O
2606	29355	time	O
2606	29356	,	O
2606	29357	we	O
2606	29358	need	O
2606	29359	a	O
2606	29360	break	O
2606	29361	that	O
2606	29362	i	O
2606	29363	am	O
2606	29364	about	O
2606	29365	to	O
2606	29366	leave	O
2606	29367	you	O
2606	29368	,	O
2606	29369	do	O
2606	29370	something	O
2606	29371	for	O
2606	29372	me	O
2606	29373	let	O
2606	29374	me	O
2606	29375	know	O
2606	29376	if	O
2606	29377	or	O
2606	29378	when	O
2606	29379	you	O
2606	29380	are	O
2606	29381	coming	O
2606	29382	.	O
2607	29383	Lancashire	LOCATION
2607	29384	let	O
2607	29385	Powell	PERSON
2607	29386	go	O
2607	29387	early	O
2607	29388	Lancashire	LOCATION
2607	29389	have	O
2607	29390	released	O
2607	29391	West	LOCATION
2607	29392	Indies	LOCATION
2607	29393	fast	O
2607	29394	bowler	O
2607	29395	Daren	PERSON
2607	29396	Powell	PERSON
2607	29397	a	O
2607	29398	year	O
2607	29399	befo	O
2607	29400	...	O
2608	29401	Have	O
2608	29402	a	O
2608	29403	practice	O
2608	29404	session	O
2608	29405	Field	O
2608	29406	today	O
2608	29407	at	O
2608	29408	6pm	O
2608	29409	.	O
2609	29410	Hope	O
2609	29411	i	O
2609	29412	shine	O
2609	29413	well	O
2609	29414	and	O
2609	29415	start	O
2609	29416	the	O
2609	29417	next	O
2609	29418	game	O
2609	29419	.	O
2610	29420	:)	O
2611	29421	to	O
2611	29422	love-	O
2611	29423	can't	O
2611	29424	get	O
2611	29425	her	O
2611	29426	outta	O
2611	29427	my	O
2611	29428	head	O
2611	29429	wann	O
2611	29430	spend	O
2611	29431	every	O
2611	29432	day	O
2611	29433	with	O
2611	29434	herz	O
2611	29435	!	O
2612	29436	time	O
2612	29437	to	O
2612	29438	get	O
2612	29439	some	O
2612	29440	sleep	O
2612	29441	.	O
2613	29442	been	O
2613	29443	out	O
2613	29444	from	O
2613	29445	4pm	O
2613	29446	till	O
2613	29447	now	O
2613	29448	.	O
2614	29449	Costa	O
2614	29450	Rican	O
2614	29451	group	O
2614	29452	CocoFunka	MISC
2614	29453	power	O
2614	29454	this	O
2614	29455	week	O
2614	29456	's	O
2614	29457	Indiesent	MISC
2614	29458	Exposure	MISC
2614	29459	by	O
2614	29460	on	O
2614	29461	Omfg	O
2614	29462	I'm	O
2614	29463	bailing	O
2614	29464	out	O
2614	29465	of	O
2614	29466	the	O
2614	29467	car	O
2614	29468	right	O
2614	29469	now	O
2614	29470	my	O
2614	29471	mom	O
2614	29472	slapped	O
2614	29473	me	O
2614	29474	when	O
2614	29475	I	O
2614	29476	changed	O
2614	29477	the	O
2614	29478	radio	O
2614	29479	off	O
2614	29480	this	O
2614	29481	Justin	PERSON
2614	29482	Bieber	PERSON
2614	29483	you	O
2614	29484	smile	O
2614	29485	I	O
2614	29486	smile	O
2614	29487	fucking	O
2614	29488	song	O
2614	29489	and	O
2614	29490	I	O
2614	29491	wonder	O
2614	29492	if	O
2614	29493	I	O
2614	29494	ever	O
2614	29495	cross	O
2614	29496	your	O
2614	29497	mind	O
2614	29498	...	O
2615	29499	For	O
2615	29500	me	O
2615	29501	it	O
2615	29502	happens	O
2615	29503	all	O
2615	29504	the	O
2615	29505	time	O
2615	29506	just	O
2615	29507	weak	O
2615	29508	lol	O
2615	29509	.	O
2616	29510	You	O
2616	29511	gone	O
2616	29512	go	O
2616	29513	Hamm	LOCATION
2616	29514	next	O
2616	29515	Thursday	O
2616	29516	on	O
2616	29517	team	O
2616	29518	darkness	O
2616	29519	i'm	O
2616	29520	excited	O
2616	29521	!!	O
2617	29522	see	O
2617	29523	you	O
2617	29524	tonight	O
2617	29525	!	O
2618	29526	All	O
2618	29527	The	O
2618	29528	Time	O
2618	29529	people	O
2618	29530	believe	O
2618	29531	what	O
2618	29532	you	O
2618	29533	say	O
2618	29534	when	O
2618	29535	you	O
2618	29536	demonstrate	O
2618	29537	reliability	O
2618	29538	as	O
2618	29539	a	O
2618	29540	source	O
2618	29541	of	O
2618	29542	knowledge	O
2618	29543	.	O
2619	29544	hahah	O
2619	29545	ohkayy	O
2619	29546	when	O
2619	29547	?	O
2620	29548	Saw	O
2620	29549	some	O
2620	29550	people	O
2620	29551	from	O
2620	29552	my	O
2620	29553	past	O
2620	29554	over	O
2620	29555	at	O
2620	29556	the	O
2620	29557	school	O
2620	29558	today	O
2620	29559	.	O
2621	29560	They	O
2621	29561	all	O
2621	29562	remembered	O
2621	29563	me	O
2621	29564	.	O
2622	29565	:)	O
2623	29566	RT	O
2623	29567	Woman	O
2623	29568	Gets	O
2623	29569	Year	O
2623	29570	In	O
2623	29571	Prison	O
2623	29572	in	O
2623	29573	Dog	O
2623	29574	's	O
2623	29575	Dragging	O
2623	29576	Death	O
2623	29577	Chinese	O
2623	29578	symbols	O
2623	29579	Sotheby	ORGANIZATION
2623	29580	|	ORGANIZATION
2623	29581	s	ORGANIZATION
2623	29582	Hong	LOCATION
2623	29583	Kong	LOCATION
2623	29584	twentieth	O
2623	29585	century	O
2623	29586	Chinese	O
2623	29587	art	O
2623	29588	sales	O
2623	29589	fall	O
2623	29590	in	O
2623	29591	October	O
2623	29592	RT	O
2623	29593	Join	O
2623	29594	the	O
2623	29595	TIFO	MISC
2623	29596	CREW	MISC
2623	29597	says	O
2623	29598	's	O
2623	29599	Dan	PERSON
2623	29600	Martin	PERSON
2623	29601	in	O
2623	29602	this	O
2623	29603	week	O
2623	29604	's	O
2623	29605	S8	MISC
2623	29606	blog	MISC
2623	29607	Prophet	PERSON
2623	29608	Muhammad	PERSON
2623	29609	peace	O
2623	29610	&	O
2623	29611	blessings	O
2623	29612	of	O
2623	29613	Allah	PERSON
2623	29614	be	O
2623	29615	upon	O
2623	29616	him	O
2623	29617	said	O
2623	29618	":"""	O
2623	29619	Take	O
2623	29620	advantage	O
2623	29621	of	O
2623	29622	five	O
2623	29623	matters	O
2623	29624	before	O
2623	29625	five	O
2623	29626	other	O
2623	29627	...	O
2624	29628	RT	O
2624	29629	81	O
2624	29630	Days	O
2624	29631	Till	O
2624	29632	Last	MISC
2624	29633	Sacrifice	MISC
2624	29634	Fave	O
2624	29635	Looks	O
2624	29636	from	O
2624	29637	SS	MISC
2624	29638	2011	MISC
2624	29639	Fashion	MISC
2624	29640	Week	MISC
2624	29641	Jason	PERSON
2624	29642	Wu	PERSON
2624	29643	read	O
2624	29644	more	O
2624	29645	Doctor	O
2624	29646	's	O
2624	29647	appointment	O
2624	29648	and	O
2624	29649	blood	O
2624	29650	test	O
2624	29651	today	O
2624	29652	.	O
2625	29653	%$&%$&%&$	O
2625	29654	!!!!!!!	O
2626	29655	Recently	O
2626	29656	appreciated	O
2626	29657	how	O
2626	29658	amazing	O
2626	29659	night	O
2626	29660	time	O
2626	29661	is	O
2626	29662	:D	O
2627	29663	If	O
2627	29664	Partner	O
2627	29665	left	O
2627	29666	me	O
2627	29667	and	O
2627	29668	BB	PERSON
2627	29669	I	O
2627	29670	would	O
2627	29671	not	O
2627	29672	hunt	O
2627	29673	him	O
2627	29674	down	O
2627	29675	.	O
2628	29676	I'd	O
2628	29677	take	O
2628	29678	his	O
2628	29679	calls	O
2628	29680	but	O
2628	29681	it	O
2628	29682	would	O
2628	29683	be	O
2628	29684	his	O
2628	29685	job	O
2628	29686	to	O
2628	29687	make	O
2628	29688	sure	O
2628	29689	he	O
2628	29690	spent	O
2628	29691	time	O
2628	29692	with	O
2628	29693	BB	PERSON
2628	29694	.	O
2629	29695	Peppers	LOCATION
2629	29696	with	O
2629	29697	Kathy	PERSON
2629	29698	...	O
2630	29699	where	O
2630	29700	we	O
2630	29701	always	O
2630	29702	go	O
2630	29703	when	O
2630	29704	we	O
2630	29705	don't	O
2630	29706	know	O
2630	29707	where	O
2630	29708	to	O
2630	29709	go	O
2630	29710	.	O
2631	29711	YEAH	O
2631	29712	!	O
2632	29713	No	O
2632	29714	jury	O
2632	29715	duty	O
2632	29716	.	O
2633	29717	Yes	O
2633	29718	class	O
2633	29719	on	O
2633	29720	Monday	O
2633	29721	.	O
2634	29722	still	O
2634	29723	willing	O
2634	29724	to	O
2634	29725	send	O
2634	29726	out	O
2634	29727	study	O
2634	29728	guides	O
2634	29729	to	O
2634	29730	those	O
2634	29731	who	O
2634	29732	send	O
2634	29733	me	O
2634	29734	an	O
2634	29735	email	O
2634	29736	request	O
2634	29737	.	O
2635	29738	sorgelawyahoo	O
2635	29739	.	O
2636	29740	com	O
2636	29741	What	O
2636	29742	should	O
2636	29743	you	O
2636	29744	do	O
2636	29745	when	O
2636	29746	you're	O
2636	29747	sued	O
2636	29748	.	O
2637	29749	Here	O
2637	29750	are	O
2637	29751	a	O
2637	29752	few	O
2637	29753	tips	O
2637	29754	.	O
2638	29755	Got	O
2638	29756	my	O
2638	29757	phone	O
2638	29758	taken	O
2638	29759	up	O
2638	29760	today	O
2638	29761	.	O
2639	29762	Guess	O
2639	29763	why	O
2639	29764	.	O
2640	29765	.	O
2641	29766	That	O
2641	29767	's	O
2641	29768	why	O
2641	29769	.	O
2642	29770	My	O
2642	29771	eyes	O
2642	29772	are	O
2642	29773	supeeer	O
2642	29774	dark	O
2642	29775	today	O
2642	29776	..	O
2643	29777	john	PERSON
2643	29778	says	O
2643	29779	its	O
2643	29780	cuz	O
2643	29781	im	O
2643	29782	overtired	O
2643	29783	..	O
2644	29784	:/	O
2645	29785	RT	O
2645	29786	-	O
2645	29787	Educate	O
2645	29788	yourself	O
2645	29789	about	O
2645	29790	long-term	O
2645	29791	care	O
2645	29792	by	O
2645	29793	going	O
2645	29794	to	O
2645	29795	.	O
2646	29796	Lindsay	PERSON
2646	29797	Lohan	PERSON
2646	29798	allegedly	O
2646	29799	failed	O
2646	29800	her	O
2646	29801	drug	O
2646	29802	test	O
2646	29803	.	O
2647	29804	So	O
2647	29805	not	O
2647	29806	fetch	O
2647	29807	.	O
2648	29808	Quick	O
2648	29809	,	O
2648	29810	let	O
2648	29811	's	O
2648	29812	all	O
2648	29813	put	O
2648	29814	on	O
2648	29815	our	O
2648	29816	shocked	O
2648	29817	faces	O
2648	29818	that	O
2648	29819	23	O
2648	29820	days	O
2648	29821	of	O
2648	29822	rehab	O
2648	29823	didn't	O
2648	29824	work	O
2648	29825	!	O
2649	29826	Hydrating	O
2649	29827	for	O
2649	29828	the	O
2649	29829	big	O
2649	29830	game	O
2649	29831	tomorrow	O
2649	29832	:)	O
2650	29833	Been	O
2650	29834	working	O
2650	29835	like	O
2650	29836	crazy	O
2650	29837	these	O
2650	29838	past	O
2650	29839	couple	O
2650	29840	dayzz	O
2650	29841	-__-	O
2650	29842	...	O
2651	29843	well	O
2651	29844	at	O
2651	29845	least	O
2651	29846	for	O
2651	29847	a	O
2651	29848	high	O
2651	29849	school	O
2651	29850	student	O
2651	29851	...	O
2652	29852	got	O
2652	29853	home	O
2652	29854	today	O
2652	29855	and	O
2652	29856	CRASHED	O
2652	29857	=D	O
2652	29858	Logging	O
2652	29859	off	O
2652	29860	for	O
2652	29861	today	O
2652	29862	.	O
2653	29863	About	O
2653	29864	to	O
2653	29865	go	O
2653	29866	enjoy	O
2653	29867	my	O
2653	29868	Sandman	MISC
2653	29869	Slim	MISC
2653	29870	by	O
2653	29871	Richard	PERSON
2653	29872	Kadrey	PERSON
2653	29873	.	O
2654	29874	Love	O
2654	29875	:)	O
2655	29876	You'll	O
2655	29877	find	O
2655	29878	that	O
2655	29879	when	O
2655	29880	you	O
2655	29881	seek	O
2655	29882	to	O
2655	29883	understand	O
2655	29884	first	O
2655	29885	you	O
2655	29886	won't	O
2655	29887	feel	O
2655	29888	a	O
2655	29889	need	O
2655	29890	to	O
2655	29891	be	O
2655	29892	understood	O
2655	29893	as	O
2655	29894	much	O
2655	29895	"."""	O
2656	29896	-TonyGaskins	O
2656	29897	I	O
2656	29898	remember	O
2656	29899	when	O
2656	29900	you	O
2656	29901	all	O
2656	29902	were	O
2656	29903	thiiis	O
2656	29904	big	O
2656	29905	,	O
2656	29906	you	O
2656	29907	know	O
2656	29908	?	O
2657	29909	RT	O
2657	29910	After	O
2657	29911	a	O
2657	29912	few	O
2657	29913	episodes	O
2657	29914	,	O
2657	29915	I	O
2657	29916	think	O
2657	29917	I've	O
2657	29918	figured	O
2657	29919	out	O
2657	29920	how	O
2657	29921	to	O
2657	29922	catch	O
2657	29923	a	O
2657	29924	predator	O
2657	29925	.	O
2658	29926	It	O
2658	29927	seems	O
2658	29928	you	O
2658	29929	just	O
2658	29930	ask	O
2658	29931	them	O
2658	29932	to	O
2658	29933	take	O
2658	29934	a	O
2658	29935	seat	O
2658	29936	.	O
2659	29937	RT	O
2659	29938	Having	O
2659	29939	a	O
2659	29940	dream	O
2659	29941	about	O
2659	29942	someone	O
2659	29943	then	O
2659	29944	feeling	O
2659	29945	weird	O
2659	29946	about	O
2659	29947	them	O
2659	29948	the	O
2659	29949	next	O
2659	29950	day	O
2659	29951	.	O
2660	29952	nein	O
2660	29953	,	O
2660	29954	das	O
2660	29955	ist	O
2660	29956	die	O
2660	29957	von	O
2660	29958	meinem	O
2660	29959	bruder	O
2660	29960	.	O
2661	29961	aber	O
2661	29962	bei	O
2661	29963	ihm	O
2661	29964	staubt	O
2661	29965	die	O
2661	29966	nur	O
2661	29967	ein	O
2661	29968	:D	O
2662	29969	jetzt	O
2662	29970	kann	O
2662	29971	ich	O
2662	29972	schon	O
2662	29973	one	O
2662	29974	time	O
2662	29975	von	O
2662	29976	justin	PERSON
2662	29977	bieber	PERSON
2662	29978	und	O
2662	29979	it	O
2662	29980	was	O
2662	29981	our	O
2662	29982	10th	O
2662	29983	grade	O
2662	29984	year	O
2662	29985	.	O
2663	29986	smh	O
2663	29987	perfect	O
2663	29988	round	O
2663	29989	for	O
2663	29990	us	O
2663	29991	this	O
2663	29992	week	O
2663	29993	....	O
2664	29994	and	O
2664	29995	yes	O
2664	29996	,	O
2664	29997	I'm	O
2664	29998	convincing	O
2664	29999	myself	O
2664	30000	it	O
2664	30001	's	O
2664	30002	as	O
2664	30003	hard	O
2664	30004	as	O
2664	30005	any	O
2664	30006	other	O
2664	30007	week	O
2664	30008	!	O
2665	30009	Got	O
2665	30010	some	O
2665	30011	close	O
2665	30012	friends	O
2665	30013	from	O
2665	30014	back	O
2665	30015	home	O
2665	30016	over	O
2665	30017	tonight	O
2665	30018	.	O
2666	30019	Might	O
2666	30020	get	O
2666	30021	a	O
2666	30022	little	O
2666	30023	carried	O
2666	30024	away	O
2666	30025	woot	O
2666	30026	There	O
2666	30027	is	O
2666	30028	like	O
2666	30029	no	O
2666	30030	mayo	O
2666	30031	on	O
2666	30032	this	O
2666	30033	sandwich	O
2666	30034	!	O
2667	30035	Ugh	O
2667	30036	....	O
2668	30037	next	O
2668	30038	time	O
2668	30039	Im	O
2668	30040	going	O
2668	30041	with	O
2668	30042	my	O
2668	30043	dad	O
2668	30044	I'll	O
2668	30045	look	O
2668	30046	for	O
2668	30047	you	O
2668	30048	tonight	O
2668	30049	!	O
2669	30050	yesterday	O
2669	30051	i	O
2669	30052	had	O
2669	30053	a	O
2669	30054	kings	MISC
2669	30055	of	MISC
2669	30056	leon	MISC
2669	30057	marathon	O
2669	30058	.	O
2670	30059	i	O
2670	30060	slept	O
2670	30061	happy	O
2670	30062	ll	O
2670	30063	!	O
2671	30064	Public	O
2671	30065	encouraged	O
2671	30066	to	O
2671	30067	attend	O
2671	30068	Saturday	O
2671	30069	's	O
2671	30070	memorial	O
2671	30071	for	O
2671	30072	jazz	O
2671	30073	great	O
2671	30074	Caliman	PERSON
2671	30075	at	O
2671	30076	First	LOCATION
2671	30077	Baptist	LOCATION
2671	30078	on	O
2671	30079	Harvard	LOCATION
2671	30080	Musical	O
2671	30081	celebration	O
2671	30082	just	O
2671	30083	wait	O
2671	30084	til	O
2671	30085	you	O
2671	30086	discover	O
2671	30087	that	O
2671	30088	all	O
2671	30089	tableviews	O
2671	30090	scroll	O
2671	30091	up	O
2671	30092	when	O
2671	30093	you	O
2671	30094	tap	O
2671	30095	the	O
2671	30096	top	O
2671	30097	bar	O
2671	30098	where	O
2671	30099	the	O
2671	30100	clock	O
2671	30101	is	O
2671	30102	:)	O
2672	30103	For	O
2672	30104	along	O
2672	30105	time	O
2672	30106	...	O
2673	30107	maybe	O
2673	30108	not	O
2673	30109	until	O
2673	30110	tomorrow	O
2673	30111	RT	O
2673	30112	CRAZY	O
2673	30113	DEAL	O
2673	30114	!!!	O
2674	30115	We'll	O
2674	30116	give	O
2674	30117	away	O
2674	30118	50	O
2674	30119	free	O
2674	30120	tees	O
2674	30121	to	O
2674	30122	followers	O
2674	30123	if	O
2674	30124	we	O
2674	30125	hit	O
2674	30126	10K	O
2674	30127	followers	O
2674	30128	today	O
2674	30129	.	O
2675	30130	You	O
2675	30131	must	O
2675	30132	be	O
2675	30133	following	O
2675	30134	&	O
2675	30135	must	O
2675	30136	RT	O
2675	30137	!	O
2676	30138	RT	O
2676	30139	haha	O
2676	30140	thats	O
2676	30141	awesome	O
2676	30142	RT	O
2676	30143	This	O
2676	30144	made	O
2676	30145	me	O
2676	30146	laugh	O
2676	30147	today	O
2676	30148	courtesy	O
2676	30149	of	O
2676	30150	splurb	O
2676	30151	.	O
2677	30152	What	O
2677	30153	made	O
2677	30154	you	O
2677	30155	laugh	O
2677	30156	?	O
2678	30157	I	O
2678	30158	feel	O
2678	30159	really	O
2678	30160	sorry	O
2678	30161	,	O
2678	30162	the	O
2678	30163	ratbags	O
2678	30164	,	O
2678	30165	maybe	O
2678	30166	in	O
2678	30167	a	O
2678	30168	few	O
2678	30169	years	O
2678	30170	when	O
2678	30171	you	O
2678	30172	are	O
2678	30173	straight	O
2678	30174	and	O
2678	30175	enjoying	O
2678	30176	it	O
2678	30177	all	O
2678	30178	,	O
2678	30179	you	O
2678	30180	will	O
2678	30181	forget	O
2678	30182	An	O
2678	30183	Entire	O
2678	30184	Facebook	ORGANIZATION
2678	30185	Photo	O
2678	30186	Album	O
2678	30187	Captured	O
2678	30188	in	O
2678	30189	a	O
2678	30190	Single	O
2678	30191	Long	O
2678	30192	Exposure	O
2678	30193	Photograph	O
2678	30194	Photography	O
2678	30195	In	O
2678	30196	December	O
2678	30197	,	O
2678	30198	I	O
2678	30199	would	O
2678	30200	advise	O
2678	30201	against	O
2678	30202	that	O
2678	30203	.	O
2679	30204	I'm	O
2679	30205	feelin	O
2679	30206	better	O
2679	30207	than	O
2679	30208	some	O
2679	30209	head	O
2679	30210	on	O
2679	30211	a	O
2679	30212	Sunday	O
2679	30213	afternoon	O
2679	30214	,	O
2679	30215	better	O
2679	30216	than	O
2679	30217	a	O
2679	30218	chick	O
2679	30219	that	O
2679	30220	said	O
2679	30221	yes	O
2679	30222	too	O
2679	30223	soon	O
2679	30224	.	O
2680	30225	Jessica	PERSON
2680	30226	Simpson	PERSON
2680	30227	is	O
2680	30228	PREGNANT	O
2680	30229	!?!:	O
2681	30230	Jessica	PERSON
2681	30231	Simpson	PERSON
2681	30232	is	O
2681	30233	pregnant	O
2681	30234	??	O
2682	30235	Simpson	PERSON
2682	30236	is	O
2682	30237	pregnant	O
2682	30238	with	O
2682	30239	her	O
2682	30240	barely	O
2682	30241	4-month	O
2682	30242	boyfrien	O
2682	30243	...	O
2683	30244	Click	O
2683	30245	4	O
2683	30246	Details	O
2683	30247	SEDUCTION	MISC
2683	30248	SATURDAYS	MISC
2683	30249	CALABASH	LOCATION
2683	30250	LOUNGE	LOCATION
2683	30251	SEP	O
2683	30252	25TH	O
2683	30253	Most	O
2683	30254	of	O
2683	30255	time	O
2683	30256	his	O
2683	30257	love	O
2683	30258	to	O
2683	30259	us	O
2683	30260	is	O
2683	30261	one	O
2683	30262	way	O
2683	30263	.	O
2684	30264	I	O
2684	30265	always	O
2684	30266	complained	O
2684	30267	that	O
2684	30268	I	O
2684	30269	can't	O
2684	30270	feel	O
2684	30271	where	O
2684	30272	he	O
2684	30273	is	O
2684	30274	.	O
2685	30275	But	O
2685	30276	the	O
2685	30277	problem	O
2685	30278	was	O
2685	30279	not	O
2685	30280	him	O
2685	30281	,	O
2685	30282	it	O
2685	30283	was	O
2685	30284	me	O
2685	30285	.	O
2686	30286	New	O
2686	30287	show	O
2686	30288	announced	O
2686	30289	in	O
2686	30290	Orillia	LOCATION
2686	30291	,	O
2686	30292	ON	LOCATION
2686	30293	at	O
2686	30294	Leacock	LOCATION
2686	30295	Museum	LOCATION
2686	30296	on	O
2686	30297	October	O
2686	30298	24	O
2686	30299	,	O
2686	30300	2010	O
2686	30301	Y	MISC
2686	30302	La	MISC
2686	30303	Bamba	MISC
2686	30304	Playing	O
2686	30305	a	O
2686	30306	show	O
2686	30307	in	O
2686	30308	Portland	LOCATION
2686	30309	,	O
2686	30310	OR	O
2686	30311	at	O
2686	30312	9:00	O
2686	30313	PM	O
2686	30314	today	O
2686	30315	at	O
2686	30316	Mississippi	LOCATION
2686	30317	Studios	LOCATION
2686	30318	Oh	O
2686	30319	sneaks	O
2686	30320	,	O
2686	30321	how	O
2686	30322	I	O
2686	30323	love	O
2686	30324	turning	O
2686	30325	on	O
2686	30326	my	O
2686	30327	computer	O
2686	30328	or	O
2686	30329	well	O
2686	30330	my	O
2686	30331	dad	O
2686	30332	's	O
2686	30333	as	O
2686	30334	case	O
2686	30335	may	O
2686	30336	be	O
2686	30337	and	O
2686	30338	finding	O
2686	30339	me	O
2686	30340	some	O
2686	30341	sneaks	O
2686	30342	.	O
2687	30343	Can't	O
2687	30344	wait	O
2687	30345	for	O
2687	30346	Thursday	O
2687	30347	!!	O
2688	30348	RT	O
2688	30349	Check	O
2688	30350	out	O
2688	30351	powerful	O
2688	30352	Web	O
2688	30353	Slider	O
2688	30354	.	O
2689	30355	Follow	O
2689	30356	+	O
2689	30357	RT	O
2689	30358	to	O
2689	30359	enter	O
2689	30360	for	O
2689	30361	a	O
2689	30362	Free	O
2689	30363	Pro	O
2689	30364	version	O
2689	30365	each	O
2689	30366	day	O
2689	30367	in	O
2689	30368	Sept	O
2689	30369	ohh	O
2689	30370	really	O
2689	30371	?	O
2690	30372	but	O
2690	30373	well	O
2690	30374	you	O
2690	30375	saw	O
2690	30376	most	O
2690	30377	of	O
2690	30378	the	O
2690	30379	concert	O
2690	30380	right	O
2690	30381	?	O
2691	30382	have	O
2691	30383	you	O
2691	30384	seen	O
2691	30385	them	O
2691	30386	before	O
2691	30387	??	O
2692	30388	ah	O
2692	30389	,	O
2692	30390	sorry	O
2692	30391	hun	O
2692	30392	.	O
2693	30393	I'm	O
2693	30394	not	O
2693	30395	on	O
2693	30396	call	O
2693	30397	tonight	O
2693	30398	,	O
2693	30399	but	O
2693	30400	I	O
2693	30401	am	O
2693	30402	a	O
2693	30403	crisis	O
2693	30404	worker	O
2693	30405	,	O
2693	30406	so	O
2693	30407	you	O
2693	30408	can	O
2693	30409	call	O
2693	30410	me	O
2693	30411	anytime	O
2693	30412	:)	O
2694	30413	oh	O
2694	30414	yeah	O
2694	30415	30th	O
2694	30416	.	O
2695	30417	Sorry	O
2695	30418	I	O
2695	30419	am	O
2695	30420	lost	O
2695	30421	in	O
2695	30422	time	O
2695	30423	,	O
2695	30424	my	O
2695	30425	apologies	O
2695	30426	m	O
2695	30427	.	O
2696	30428	_	O
2696	30429	.	O
2697	30430	m	O
2697	30431	Been	O
2697	30432	a	O
2697	30433	long	O
2697	30434	week	O
2697	30435	.	O
2698	30436	Tired	O
2698	30437	.	O
2699	30438	Sleep	O
2699	30439	now	O
2699	30440	please	O
2699	30441	.	O
2700	30442	howtohustle.net	O
2701	30443	Prodigy	O
2701	30444	Will	O
2701	30445	Be	O
2701	30446	Released	O
2701	30447	In	O
2701	30448	February	O
2701	30449	6	O
2701	30450	-	O
2701	30451	close	O
2701	30452	tonight	O
2701	30453	.	O
2702	30454	Its	O
2702	30455	gonna	O
2702	30456	be	O
2702	30457	a	O
2702	30458	longg	O
2702	30459	evening	O
2702	30460	!	O
2703	30461	Latest	O
2703	30462	Fsbo	O
2703	30463	Auctions	O
2703	30464	|	O
2703	30465	No	O
2703	30466	Qualifying	O
2703	30467	Loan	O
2703	30468	US	O
2703	30469	$	O
2703	30470	32.00	O
2704	30471	.	O
2705	30472	End	O
2705	30473	Date	O
2705	30474	Tuesday	O
2705	30475	Oct-12-2010	O
2705	30476	20:30	O
2705	30477	22	O
2705	30478	PDT	O
2705	30479	Buy	O
2705	30480	It	O
2705	30481	Now	O
2705	30482	for	O
2705	30483	on	O
2705	30484	...	O
2706	30485	Made	O
2706	30486	it	O
2706	30487	back	O
2706	30488	home	O
2706	30489	to	O
2706	30490	GA	LOCATION
2706	30491	.	O
2707	30492	It	O
2707	30493	sucks	O
2707	30494	not	O
2707	30495	to	O
2707	30496	be	O
2707	30497	at	O
2707	30498	Disney	LOCATION
2707	30499	world	LOCATION
2707	30500	,	O
2707	30501	but	O
2707	30502	its	O
2707	30503	good	O
2707	30504	to	O
2707	30505	be	O
2707	30506	home	O
2707	30507	.	O
2708	30508	Time	O
2708	30509	to	O
2708	30510	start	O
2708	30511	planning	O
2708	30512	the	O
2708	30513	next	O
2708	30514	Disney	LOCATION
2708	30515	World	LOCATION
2708	30516	trip	O
2708	30517	.	O
2709	30518	Haha	O
2709	30519	I	O
2709	30520	seen	O
2709	30521	a	O
2709	30522	ped	O
2709	30523	egg	O
2709	30524	called	O
2709	30525	a	O
2709	30526	foot	O
2709	30527	cheese	O
2709	30528	grater	O
2709	30529	today	O
2709	30530	.	O
2710	30531	I	O
2710	30532	found	O
2710	30533	it	O
2710	30534	proper	O
2710	30535	hilarious	O
2710	30536	xD	O
2710	30537	SATURDAY	O
2710	30538	NIGHT	O
2710	30539	CAST	O
2710	30540	PARTY	O
2710	30541	INVITATION	O
2710	30542	via	O
2710	30543	Stop	O
2710	30544	by	O
2710	30545	teh	O
2710	30546	Nex-Tech	ORGANIZATION
2710	30547	and	O
2710	30548	Nex-Tech	ORGANIZATION
2710	30549	Wireless	ORGANIZATION
2710	30550	tent	O
2710	30551	at	O
2710	30552	TailGreat	MISC
2710	30553	tomorrow	O
2710	30554	evening	O
2710	30555	for	O
2710	30556	Free	O
2710	30557	ice	O
2710	30558	cream	O
2710	30559	,	O
2710	30560	bottles	O
2710	30561	of	O
2710	30562	water	O
2710	30563	and	O
2710	30564	an	O
2710	30565	FHSU	ORGANIZATION
2710	30566	foam	O
2710	30567	finger	O
2710	30568	.	O
2711	30569	tomorow	O
2711	30570	on	O
2711	30571	day	O
2711	30572	off	O
2711	30573	!!	O
2712	30574	youppppiiieeee	O
2712	30575	3	O
2712	30576	always	O
2712	30577	brightens	O
2712	30578	up	O
2712	30579	my	O
2712	30580	day	O
2712	30581	.	O
2713	30582	you	O
2713	30583	should	O
2713	30584	follow	O
2713	30585	her	O
2713	30586	and	O
2713	30587	listen	O
2713	30588	to	O
2713	30589	her	O
2713	30590	wonderful	O
2713	30591	music	O
2713	30592	.	O
2714	30593	3	O
2714	30594	Excited	O
2714	30595	to	O
2714	30596	spend	O
2714	30597	time	O
2714	30598	with	O
2714	30599	my	O
2714	30600	best	O
2714	30601	friend	O
2714	30602	and	O
2714	30603	relax	O
2714	30604	this	O
2714	30605	weekend	O
2714	30606	!	O
2715	30607	Been	O
2715	30608	a	O
2715	30609	crazy	O
2715	30610	intense	O
2715	30611	but	O
2715	30612	GOOD	O
2715	30613	week	O
2715	30614	!	O
2716	30615	ok	O
2716	30616	bed	O
2716	30617	time	O
2716	30618	.	O
2717	30619	I	O
2717	30620	think	O
2717	30621	i'ma	O
2717	30622	curl	O
2717	30623	up	O
2717	30624	and	O
2717	30625	watch	O
2717	30626	Sabrina	MISC
2717	30627	!!!	O
2718	30628	Thanks	O
2718	30629	!!!	O
2719	30630	x	O
2719	30631	Today	O
2719	30632	was	O
2719	30633	a	O
2719	30634	good	O
2719	30635	day	O
2719	30636	,	O
2719	30637	enjoyed	O
2719	30638	myself	O
2719	30639	:)	O
2720	30640	Nope	O
2720	30641	.	O
2721	30642	I	O
2721	30643	think	O
2721	30644	you	O
2721	30645	believe	O
2721	30646	she	O
2721	30647	's	O
2721	30648	a	O
2721	30649	time	O
2721	30650	bomb	O
2721	30651	and	O
2721	30652	should	O
2721	30653	be	O
2721	30654	sacrificed	O
2721	30655	if	O
2721	30656	necessary	O
2721	30657	.	O
2722	30658	I	O
2722	30659	wanna	O
2722	30660	go	O
2722	30661	to	O
2722	30662	the	O
2722	30663	mall	O
2722	30664	SO	O
2722	30665	bad	O
2722	30666	.	O
2723	30667	Not	O
2723	30668	enough	O
2723	30669	hours	O
2723	30670	in	O
2723	30671	a	O
2723	30672	day	O
2723	30673	CampaignMonitor	MISC
2723	30674	denied	O
2723	30675	list	O
2723	30676	of	O
2723	30677	600	O
2723	30678	names	O
2723	30679	client	O
2723	30680	can't	O
2723	30681	prove	O
2723	30682	names	O
2723	30683	not	O
2723	30684	harvested	O
2723	30685	fr	O
2723	30686	Twitter/FB	O
2723	30687	.	O
2724	30688	Email'd	O
2724	30689	to	O
2724	30690	this	O
2724	30691	same	O
2724	30692	list	O
2724	30693	when	O
2724	30694	it	O
2724	30695	was	O
2724	30696	500	O
2724	30697	Oh	O
2724	30698	and	O
2724	30699	who	O
2724	30700	's	O
2724	30701	fixin	O
2724	30702	to	O
2724	30703	go	O
2724	30704	to	O
2724	30705	MAiZE	LOCATION
2724	30706	tomorrow	O
2724	30707	night	O
2724	30708	with	O
2724	30709	some	O
2724	30710	people	O
2724	30711	and	O
2724	30712	I	O
2724	30713	?	O
2725	30714	I'm	O
2725	30715	pretty	O
2725	30716	sure	O
2725	30717	it	O
2725	30718	doesn't	O
2725	30719	exist	O
2725	30720	..	O
2726	30721	I	O
2726	30722	said	O
2726	30723	it	O
2726	30724	when	O
2726	30725	I	O
2726	30726	was	O
2726	30727	really	O
2726	30728	young	O
2726	30729	,	O
2726	30730	and	O
2726	30731	I	O
2726	30732	still	O
2726	30733	say	O
2726	30734	it	O
2726	30735	now	O
2726	30736	..	O
2727	30737	Small	O
2727	30738	Biz	O
2727	30739	Tech	O
2727	30740	Tour	O
2727	30741	2010	O
2727	30742	Launches	O
2727	30743	Five	O
2727	30744	City	O
2727	30745	Tour	O
2727	30746	MONTCLAIR	LOCATION
2727	30747	N.J.	LOCATION
2728	30748	...:	O
2729	30749	The	O
2729	30750	all	O
2729	30751	day	O
2729	30752	event	O
2729	30753	features	O
2729	30754	America's...	O
2730	30755	Ask	O
2730	30756	yourself	O
2730	30757	what	O
2730	30758	the	O
2730	30759	Mail	O
2730	30760	on	O
2730	30761	Sunday	O
2730	30762	would	O
2730	30763	do	O
2730	30764	,	O
2730	30765	and	O
2730	30766	do	O
2730	30767	the	O
2730	30768	opposite	O
2730	30769	.	O
2731	30770	Season	O
2731	30771	3	O
2731	30772	of	O
2731	30773	Friday	MISC
2731	30774	Night	MISC
2731	30775	Lights	MISC
2731	30776	...	O
2732	30777	It	O
2732	30778	seems	O
2732	30779	that	O
2732	30780	no	O
2732	30781	one	O
2732	30782	at	O
2732	30783	Dillion	LOCATION
2732	30784	High	LOCATION
2732	30785	School	LOCATION
2732	30786	graduates	O
2732	30787	.	O
2733	30788	Let	O
2733	30789	's	O
2733	30790	go	O
2733	30791	to	O
2733	30792	the	LOCATION
2733	30793	funny	LOCATION
2733	30794	bone	LOCATION
2733	30795	to	O
2733	30796	see	O
2733	30797	RT	O
2733	30798	So	O
2733	30799	wat	O
2733	30800	we	O
2733	30801	doing	O
2733	30802	tonight	O
2733	30803	?	O
2734	30804	weekend	O
2734	30805	saturday	O
2734	30806	-	O
2734	30807	c	O
2734	30808	daij	O
2734	30809	sunday	O
2734	30810	church	O
2734	30811	saturday	O
2734	30812	evening	O
2734	30813	-	O
2734	30814	get	O
2734	30815	sht	O
2734	30816	faced	O
2734	30817	sunday	O
2734	30818	evenin	O
2734	30819	home	O
2734	30820	work	O
2734	30821	wat	O
2734	30822	a	O
2734	30823	life	O
2734	30824	monday	O
2734	30825	school	O
2734	30826	hbu	O
2734	30827	?	O
2735	30828	When	O
2735	30829	you're	O
2735	30830	dreaming	O
2735	30831	with	O
2735	30832	a	O
2735	30833	broken	O
2735	30834	heart	O
2735	30835	Then	O
2735	30836	waking	O
2735	30837	up	O
2735	30838	is	O
2735	30839	the	O
2735	30840	hardest	O
2735	30841	part	O
2735	30842	OMG	O
2735	30843	!	O
2736	30844	Miley	PERSON
2736	30845	Cyrus	PERSON
2736	30846	Has	O
2736	30847	A	O
2736	30848	14-Year-Old	O
2736	30849	Stalker	O
2736	30850	!:	O
2737	30851	First	O
2737	30852	Paris	PERSON
2737	30853	Hilton	PERSON
2737	30854	,	O
2737	30855	now	O
2737	30856	Miley	PERSON
2737	30857	Cyrus	PERSON
2737	30858	!	O
2738	30859	Cops	O
2738	30860	responded	O
2738	30861	to	O
2738	30862	a	O
2738	30863	break	O
2738	30864	in	O
2738	30865	cal	O
2738	30866	...	O
2739	30867	it	O
2739	30868	's	O
2739	30869	not	O
2739	30870	supposed	O
2739	30871	to	O
2739	30872	rain	O
2739	30873	till	O
2739	30874	Sunday	O
2739	30875	night	O
2739	30876	.	O
2740	30877	My	O
2740	30878	boobs	O
2740	30879	look	O
2740	30880	HUGE	O
2740	30881	today	O
2740	30882	!	O
2741	30883	=D	O
2741	30884	RT	O
2741	30885	e	O
2741	30886	nem	O
2741	30887	joguei	O
2741	30888	direito	O
2741	30889	.	O
2742	30890	no	O
2742	30891	outro	O
2742	30892	time	O
2742	30893	estava	O
2742	30894	o	O
2742	30895	monstro	O
2742	30896	do	O
2742	30897	vitor	O
2742	30898	D	O
2742	30899	ushuahsahs	O
2742	30900	i	O
2742	30901	know	O
2742	30902	..	O
2743	30903	i	O
2743	30904	need	O
2743	30905	to	O
2743	30906	stop	O
2743	30907	before	O
2743	30908	my	O
2743	30909	room	O
2743	30910	is	O
2743	30911	gonna	O
2743	30912	get	O
2743	30913	filled	O
2743	30914	with	O
2743	30915	water	O
2743	30916	.	O
2744	30917	RT	O
2744	30918	everywhere	O
2744	30919	!	O
2745	30920	today	O
2745	30921	from	O
2745	30922	7-10pm	O
2745	30923	Golf	O
2745	30924	Mixer	O
2745	30925	at	O
2745	30926	Trophy	LOCATION
2745	30927	Club	LOCATION
2745	30928	Gwinnett	LOCATION
2745	30929	3254	O
2745	30930	Clu	O
2745	30931	...	O
2746	30932	MAP	O
2746	30933	Next	O
2746	30934	week	O
2746	30935	is	O
2746	30936	Spirit	MISC
2746	30937	Week	MISC
2746	30938	at	O
2746	30939	school	O
2746	30940	...	O
2747	30941	Homecoming	MISC
2747	30942	Week	MISC
2747	30943	...	O
2748	30944	And	O
2748	30945	Picture	O
2748	30946	day	O
2748	30947	on	O
2748	30948	Tueday	O
2748	30949	=\	O
2748	30950	I	O
2748	30951	think	O
2748	30952	that	O
2748	30953	today	O
2748	30954	the	O
2748	30955	party	O
2748	30956	has	O
2748	30957	been	O
2748	30958	canceled	O
2748	30959	makes	O
2748	30960	too	O
2748	30961	much	O
2748	30962	air	O
2748	30963	in	O
2748	30964	the	O
2748	30965	street	O
2748	30966	loll	O
2748	30967	.	O
2749	30968	miss	O
2749	30969	u	O
2749	30970	twitfriends	O
2749	30971	.	O
2750	30972	xx	O
2750	30973	RT	O
2750	30974	Danger	MISC
2750	30975	Days	MISC
2750	30976	True	MISC
2750	30977	Lives	MISC
2750	30978	of	MISC
2750	30979	The	MISC
2750	30980	Fabulous	MISC
2750	30981	Killjoys	MISC
2750	30982	Yesterday	O
2750	30983	my	O
2750	30984	son	O
2750	30985	forgot	O
2750	30986	his	O
2750	30987	jacket	O
2750	30988	at	O
2750	30989	school	O
2750	30990	.	O
2751	30991	Today	O
2751	30992	he	O
2751	30993	remembered	O
2751	30994	to	O
2751	30995	bring	O
2751	30996	home	O
2751	30997	the	O
2751	30998	jacket	O
2751	30999	,	O
2751	31000	but	O
2751	31001	forgot	O
2751	31002	his	O
2751	31003	lunchbox	O
2751	31004	.	O
2752	31005	Please	O
2752	31006	,	O
2752	31007	I	O
2752	31008	wanna	O
2752	31009	apologize	O
2752	31010	in	O
2752	31011	advance	O
2752	31012	for	O
2752	31013	my	O
2752	31014	boundless	O
2752	31015	verbosity	O
2752	31016	tonight	O
2752	31017	.	O
2753	31018	I'm	O
2753	31019	UIas	O
2753	31020	in	O
2753	31021	DUI	O
2753	31022	feel	O
2753	31023	me	O
2753	31024	?	O
2754	31025	This	O
2754	31026	Time	O
2754	31027	's	O
2754	31028	fundraiser	O
2754	31029	ends	O
2754	31030	9/20	O
2754	31031	.	O
2755	31032	Incentives	O
2755	31033	include	O
2755	31034	raffles	O
2755	31035	&	O
2755	31036	access	O
2755	31037	to	O
2755	31038	the	O
2755	31039	video	O
2755	31040	shoot	O
2755	31041	ustream	O
2755	31042	-	O
2755	31043	LOL	O
2755	31044	!	O
2756	31045	Yes	O
2756	31046	it	O
2756	31047	would	O
2756	31048	have	O
2756	31049	.	O
2757	31050	Let	O
2757	31051	's	O
2757	31052	have	O
2757	31053	one	O
2757	31054	every	O
2757	31055	dang	O
2757	31056	day	O
2757	31057	"!"""	O
2758	31058	we	O
2758	31059	beat	O
2758	31060	kilkenny	LOCATION
2758	31061	after	O
2758	31062	they	O
2758	31063	beat	O
2758	31064	us	O
2758	31065	for	O
2758	31066	the	O
2758	31067	last	O
2758	31068	4	O
2758	31069	years	O
2758	31070	in	O
2758	31071	the	O
2758	31072	hurling	O
2758	31073	.	O
2759	31074	Woo	O
2759	31075	!!!	O
2760	31076	where	O
2760	31077	are	O
2760	31078	you	O
2760	31079	???	O
2761	31080	=D	O
2761	31081	hey	O
2761	31082	when	O
2761	31083	a	O
2761	31084	new	O
2761	31085	videochat	O
2761	31086	on	O
2761	31087	spcrew	O
2761	31088	??!!!	O
2762	31089	;)	O
2763	31090	I	O
2763	31091	need	O
2763	31092	a	O
2763	31093	place	O
2763	31094	to	O
2763	31095	work	O
2763	31096	out	O
2763	31097	with	O
2763	31098	free	O
2763	31099	weights	O
2763	31100	for	O
2763	31101	the	O
2763	31102	day	O
2763	31103	.	O
2764	31104	somebody	O
2764	31105	hook	O
2764	31106	that	O
2764	31107	up	O
2764	31108	.	O
2765	31109	good	O
2765	31110	luck	O
2765	31111	at	O
2765	31112	Elliot	O
2765	31113	Miner	O
2765	31114	:D	O
2766	31115	yous	O
2766	31116	were	O
2766	31117	greaaaat	O
2766	31118	tonight	O
2766	31119	3	O
2766	31120	xx	O
2766	31121	someone	O
2766	31122	may	O
2766	31123	need	O
2766	31124	to	O
2766	31125	take	O
2766	31126	away	O
2766	31127	my	O
2766	31128	mind	O
2766	31129	,	O
2766	31130	to	O
2766	31131	stop	O
2766	31132	me	O
2766	31133	constantly	O
2766	31134	drowning	O
2766	31135	in	O
2766	31136	my	O
2766	31137	thoughts	O
2766	31138	.	O
2767	31139	I	O
2767	31140	just	O
2767	31141	took	O
2767	31142	Justin	PERSON
2767	31143	Bieber	PERSON
2767	31144	takes	O
2767	31145	2	O
2767	31146	months	O
2767	31147	off	O
2767	31148	career	O
2767	31149	to	O
2767	31150	finish	O
2767	31151	school	O
2767	31152	,	O
2767	31153	He	O
2767	31154	is	O
2767	31155	a	O
2767	31156	huge	O
2767	31157	"..."""	O
2768	31158	and	O
2768	31159	got	O
2768	31160	Part	O
2768	31161	3	O
2768	31162	!	O
2769	31163	Try	O
2769	31164	it	O
2769	31165	every	O
2769	31166	time	O
2769	31167	u	O
2769	31168	smile	O
2769	31169	=)	O
2770	31170	RT	O
2770	31171	Working	O
2770	31172	on	O
2770	31173	some	O
2770	31174	final	O
2770	31175	Super	O
2770	31176	Site	O
2770	31177	stuff	O
2770	31178	all	O
2770	31179	day	O
2770	31180	.	O
2771	31181	Can't	O
2771	31182	believe	O
2771	31183	the	O
2771	31184	Super	ORGANIZATION
2771	31185	City	ORGANIZATION
2771	31186	is	O
2771	31187	nearly	O
2771	31188	open	O
2771	31189	!	O
2772	31190	i've	O
2772	31191	had	O
2772	31192	a	O
2772	31193	wicked	O
2772	31194	week	O
2772	31195	Time	O
2772	31196	to	O
2772	31197	fire	O
2772	31198	up	O
2772	31199	the	O
2772	31200	grill	O
2772	31201	again	O
2772	31202	.	O
2773	31203	I	O
2773	31204	do	O
2773	31205	believe	O
2773	31206	it	O
2773	31207	will	O
2773	31208	be	O
2773	31209	chicken	O
2773	31210	.	O
2774	31211	Facebook	ORGANIZATION
2774	31212	Job-Hunting	O
2774	31213	App	O
2774	31214	BranchOut	O
2774	31215	Raises	O
2774	31216	$6	O
2774	31217	Million	O
2774	31218	From	O
2774	31219	Accel	ORGANIZATION
2774	31220	And	O
2774	31221	Super	ORGANIZATION
2774	31222	Angels	ORGANIZATION
2774	31223	When	O
2774	31224	you	O
2774	31225	want	O
2774	31226	to	O
2774	31227	hang	O
2774	31228	out	O
2774	31229	with	O
2774	31230	...	O
2775	31231	Only	O
2775	31232	a	O
2775	31233	few	O
2775	31234	short	O
2775	31235	weeks	O
2775	31236	until	O
2775	31237	the	O
2775	31238	Great	MISC
2775	31239	Pumpkin	MISC
2775	31240	rises	O
2775	31241	!	O
2776	31242	Maybe	O
2776	31243	he	O
2776	31244	will	O
2776	31245	bring	O
2776	31246	me	O
2776	31247	an	O
2776	31248	iPad	MISC
2776	31249	!	O
2777	31250	I've	O
2777	31251	listened	O
2777	31252	to	O
2777	31253	Tenshi	MISC
2777	31254	ni	MISC
2777	31255	Fureta	MISC
2777	31256	yo	MISC
2777	31257	so	O
2777	31258	many	O
2777	31259	times	O
2777	31260	that	O
2777	31261	I'm	O
2777	31262	starting	O
2777	31263	to	O
2777	31264	memorize	O
2777	31265	the	O
2777	31266	lyrics	O
2777	31267	,	O
2777	31268	and	O
2777	31269	it	O
2777	31270	's	O
2777	31271	only	O
2777	31272	been	O
2777	31273	out	O
2777	31274	for	O
2777	31275	4	O
2777	31276	days	O
2777	31277	!	O
2778	31278	o	O
2778	31279	.	O
2779	31280	O	O
2779	31281	im	O
2779	31282	doin	O
2779	31283	good	O
2779	31284	,	O
2779	31285	just	O
2779	31286	maxin	O
2779	31287	&	O
2779	31288	relaxin	O
2779	31289	on	O
2779	31290	my	O
2779	31291	day	O
2779	31292	off	O
2779	31293	...	O
2780	31294	i	O
2780	31295	have	O
2780	31296	a	O
2780	31297	4	O
2780	31298	day	O
2780	31299	stetch	O
2780	31300	startin	O
2780	31301	tomorrow	O
2780	31302	.	O
2781	31303	Yeah	O
2781	31304	tomorrow	O
2781	31305	's	O
2781	31306	grand	O
2781	31307	=	O
2781	31308	yeah	O
2781	31309	just	O
2781	31310	email	O
2781	31311	me	O
2781	31312	cause	O
2781	31313	I	O
2781	31314	never	O
2781	31315	go	O
2781	31316	on	O
2781	31317	msn	ORGANIZATION
2781	31318	!	O
2782	31319	I'll	O
2782	31320	dm	O
2782	31321	you	O
2782	31322	3	O
2782	31323	Shopping	O
2782	31324	day	O
2782	31325	with	O
2782	31326	JC	PERSON
2782	31327	-	O
2782	31328	so	O
2782	31329	excited	O
2782	31330	!	O
2783	31331	I	O
2783	31332	just	O
2783	31333	took	O
2783	31334	After	O
2783	31335	getting	O
2783	31336	trampled	O
2783	31337	at	O
2783	31338	a	O
2783	31339	Justin	PERSON
2783	31340	Bieber	PERSON
2783	31341	concert	O
2783	31342	,	O
2783	31343	yoiu	O
2783	31344	wake	O
2783	31345	up	O
2783	31346	and	O
2783	31347	"..."""	O
2784	31348	and	O
2784	31349	got	O
2784	31350	Part	O
2784	31351	6	O
2784	31352	:)	O
2785	31353	!	O
2786	31354	Try	O
2786	31355	it	O
2786	31356	I'm	O
2786	31357	okay	O
2786	31358	.	O
2787	31359	Had	O
2787	31360	better	O
2787	31361	days	O
2787	31362	.	O
2788	31363	yes	O
2788	31364	agreed	O
2788	31365	there	O
2788	31366	are	O
2788	31367	pro	O
2788	31368	and	O
2788	31369	cons	O
2788	31370	in	O
2788	31371	everything	O
2788	31372	we	O
2788	31373	do	O
2788	31374	in	O
2788	31375	life	O
2788	31376	,	O
2788	31377	and	O
2788	31378	this	O
2788	31379	is	O
2788	31380	after	O
2788	31381	all	O
2788	31382	the	O
2788	31383	greatest	O
2788	31384	Human	O
2788	31385	to	O
2788	31386	have	O
2788	31387	ever	O
2788	31388	lived	O
2788	31389	I've	O
2788	31390	been	O
2788	31391	out	O
2788	31392	of	O
2788	31393	the	O
2788	31394	loop	O
2788	31395	,	O
2788	31396	but	O
2788	31397	is	O
2788	31398	Private	MISC
2788	31399	Practice	MISC
2788	31400	coming	O
2788	31401	back	O
2788	31402	this	O
2788	31403	year	O
2788	31404	?	O
2789	31405	Haha	O
2789	31406	,	O
2789	31407	i	O
2789	31408	laugh	O
2789	31409	every	O
2789	31410	time	O
2789	31411	at	O
2789	31412	the	O
2789	31413	memory	O
2789	31414	of	O
2789	31415	your	O
2789	31416	facial	O
2789	31417	expression	O
2789	31418	transforming	O
2789	31419	L	O
2789	31420	RT	O
2789	31421	RT	O
2789	31422	join	O
2789	31423	me	O
2789	31424	&	O
2789	31425	thousands	O
2789	31426	of	O
2789	31427	people	O
2789	31428	around	O
2789	31429	the	O
2789	31430	world	O
2789	31431	tomorrow	O
2789	31432	in	O
2789	31433	a	O
2789	31434	synchronized	O
2789	31435	prayer	O
2789	31436	4	O
2789	31437	peace	O
2789	31438	.	O
2790	31439	4pm	O
2790	31440	PST	O
2790	31441	.	O
2791	31442	http://	O
2791	31443	...	O
2792	31444	So	O
2792	31445	excited	O
2792	31446	!	O
2793	31447	But	O
2793	31448	....	O
2794	31449	I	O
2794	31450	just	O
2794	31451	called	O
2794	31452	into	O
2794	31453	work	O
2794	31454	Tuesday	O
2794	31455	night...it	O
2795	31456	's	O
2795	31457	horrible	O
2795	31458	but	O
2795	31459	at	O
2795	31460	the	O
2795	31461	same	O
2795	31462	time	O
2795	31463	really	O
2795	31464	important	O
2795	31465	to	O
2795	31466	work	O
2795	31467	.	O
2796	31468	Adam	PERSON
2796	31469	Beyer	PERSON
2796	31470	Swedish	O
2796	31471	Techno	O
2796	31472	Pioneer	O
2796	31473	When	O
2796	31474	it	O
2796	31475	comes	O
2796	31476	to	O
2796	31477	his	O
2796	31478	own	O
2796	31479	DJing	O
2796	31480	and	O
2796	31481	sound	O
2796	31482	,	O
2796	31483	he	O
2796	31484	's	O
2796	31485	slightly	O
2796	31486	more	O
2796	31487	diverse	O
2796	31488	and	O
2796	31489	likes	O
2796	31490	...	O
2797	31491	RT	O
2797	31492	58	O
2797	31493	years	O
2797	31494	ago	O
2797	31495	today	O
2797	31496	I	O
2797	31497	tumbled	O
2797	31498	from	O
2797	31499	my	O
2797	31500	mother	O
2797	31501	's	O
2797	31502	womb	O
2797	31503	with	O
2797	31504	a	O
2797	31505	cigarette	O
2797	31506	in	O
2797	31507	my	O
2797	31508	mouth	O
2797	31509	and	O
2797	31510	a	O
2797	31511	chihuahua	O
2797	31512	puppy	O
2797	31513	under	O
2797	31514	each	O
2797	31515	arm	O
2797	31516	...	O
2798	31517	I	O
2798	31518	just	O
2798	31519	took	O
2798	31520	All	O
2798	31521	Parts	O
2798	31522	+	O
2798	31523	*	O
2798	31524	New	O
2798	31525	Season	O
2798	31526	2	O
2798	31527	,	O
2798	31528	All	O
2798	31529	Parts*	O
2798	31530	You've	O
2798	31531	been	O
2798	31532	fri	O
2798	31533	"..."""	O
2799	31534	and	O
2799	31535	got	O
2799	31536	PART	O
2799	31537	10	O
2799	31538	,	O
2799	31539	A	O
2799	31540	MILLION	O
2799	31541	YEARS	O
2799	31542	!!	O
2800	31543	Try	O
2800	31544	it	O
2800	31545	Time	O
2800	31546	to	O
2800	31547	begin	O
2800	31548	looking	O
2800	31549	for	O
2800	31550	somewhere	O
2800	31551	to	O
2800	31552	live	O
2800	31553	around	O
2800	31554	Coolum	LOCATION
2800	31555	.	O
2801	31556	Sun	O
2801	31557	,	O
2801	31558	sand	O
2801	31559	,	O
2801	31560	surf	O
2801	31561	and	O
2801	31562	bikinis	O
2801	31563	.	O
2802	31564	Looking	O
2802	31565	forward	O
2802	31566	to	O
2802	31567	my	O
2802	31568	new	O
2802	31569	phase	O
2802	31570	in	O
2802	31571	life	O
2802	31572	.	O
2803	31573	RT	O
2803	31574	When	O
2803	31575	did	O
2803	31576	being	O
2803	31577	a	O
2803	31578	nerd	O
2803	31579	become	O
2803	31580	cool	O
2803	31581	&	O
2803	31582	why	O
2803	31583	wasn't	O
2803	31584	it	O
2803	31585	when	O
2803	31586	I	O
2803	31587	was	O
2803	31588	in	O
2803	31589	high	O
2803	31590	school	O
2803	31591	?	O
2804	31592	I	O
2804	31593	would've	O
2804	31594	been	O
2804	31595	the	O
2804	31596	most	O
2804	31597	popular	O
2804	31598	chick	O
2804	31599	...	O
2805	31600	Hope	O
2805	31601	that	O
2805	31602	I	O
2805	31603	can	O
2805	31604	make	O
2805	31605	it	O
2805	31606	on	O
2805	31607	time	O
2805	31608	.	O
2806	31609	Wish	O
2806	31610	that	O
2806	31611	I'll	O
2806	31612	be	O
2806	31613	an	O
2806	31614	S.S	O
2807	31615	in	O
2807	31616	the	O
2807	31617	end	O
2807	31618	of	O
2807	31619	the	O
2807	31620	year	O
2807	31621	:)	O
2808	31622	You	O
2808	31623	know	O
2808	31624	me	O
2808	31625	,	O
2808	31626	if	O
2808	31627	I	O
2808	31628	can	O
2808	31629	be	O
2808	31630	kind	O
2808	31631	and	O
2808	31632	guilt	O
2808	31633	you	O
2808	31634	at	O
2808	31635	the	O
2808	31636	same	O
2808	31637	time	O
2808	31638	,	O
2808	31639	well	O
2808	31640	,	O
2808	31641	my	O
2808	31642	job	O
2808	31643	is	O
2808	31644	done	O
2808	31645	:)	O
2809	31646	Costco	ORGANIZATION
2809	31647	Irvine	LOCATION
2809	31648	has	O
2809	31649	fresh	O
2809	31650	sushi	O
2809	31651	samples	O
2809	31652	today	O
2809	31653	.	O
2810	31654	Awesome	O
2810	31655	.	O
2811	31656	RT	O
2811	31657	Private	O
2811	31658	sneak	O
2811	31659	peak	O
2811	31660	of	O
2811	31661	The	MISC
2811	31662	Ride	MISC
2811	31663	my	O
2811	31664	ride	O
2811	31665	across	O
2811	31666	USA	LOCATION
2811	31667	,	O
2811	31668	tonight	O
2811	31669	only	O
2811	31670	,	O
2811	31671	San	LOCATION
2811	31672	Francisco	LOCATION
2811	31673	6pm	O
2811	31674	contact	O
2811	31675	Jennifer	PERSON
2811	31676	.	O
2812	31677	Gainzanmss	O
2812	31678	.	O
2813	31679	org	O
2813	31680	Wonder	O
2813	31681	what	O
2813	31682	the	O
2813	31683	new	O
2813	31684	Green	MISC
2813	31685	Day	MISC
2813	31686	album	O
2813	31687	will	O
2813	31688	called	O
2813	31689	,	O
2813	31690	Tre	O
2813	31691	's	O
2813	31692	Penis	O
2813	31693	?	O
2814	31694	RT	O
2814	31695	The	O
2814	31696	amazing	O
2814	31697	Follow	O
2814	31698	Friday	O
2814	31699	Train	O
2814	31700	...	O
2815	31701	Always	O
2815	31702	play	O
2815	31703	them	O
2815	31704	before	O
2815	31705	they	O
2815	31706	can	O
2815	31707	play	O
2815	31708	you	O
2815	31709	-	O
2815	31710	Joy	PERSON
2815	31711	Huhn	PERSON
2815	31712	RT	O
2815	31713	Hey	O
2815	31714	y'all	O
2815	31715	East	MISC
2815	31716	Nu	MISC
2815	31717	","""	O
2815	31718	round	O
2815	31719	Two	O
2815	31720	tonight	O
2815	31721	.	O
2816	31722	See	O
2816	31723	y'all	O
2816	31724	early	O
2816	31725	!	O
2817	31726	shit	O
2817	31727	!!!!	O
2818	31728	I	O
2818	31729	should've	O
2818	31730	stayed	O
2818	31731	lol	O
2818	31732	It	O
2818	31733	's	O
2818	31734	already	O
2818	31735	tomorrow	O
2818	31736	in	O
2818	31737	Australia	LOCATION
2818	31738	so	O
2818	31739	can	O
2818	31740	you	O
2818	31741	tell	O
2818	31742	just	O
2818	31743	me	O
2818	31744	now	O
2818	31745	?!	O
2819	31746	I	O
2819	31747	stopped	O
2819	31748	buying	O
2819	31749	bottled	O
2819	31750	water	O
2819	31751	for	O
2819	31752	like	O
2819	31753	2	O
2819	31754	years	O
2819	31755	:)	O
2820	31756	installed	O
2820	31757	a	O
2820	31758	water	O
2820	31759	filter	O
2820	31760	and	O
2820	31761	it	O
2820	31762	's	O
2820	31763	great	O
2820	31764	.	O
2821	31765	Water	O
2821	31766	taste	O
2821	31767	like	O
2821	31768	water	O
2821	31769	now	O
2821	31770	:)	O
2822	31771	going	O
2822	31772	to	O
2822	31773	GA	LOCATION
2822	31774	,	O
2822	31775	don't	O
2822	31776	know	O
2822	31777	why	O
2822	31778	but	O
2822	31779	when	O
2822	31780	I	O
2822	31781	thought	O
2822	31782	about	O
2822	31783	it	O
2822	31784	ATL	LOCATION
2822	31785	stood	O
2822	31786	out	O
2822	31787	in	O
2822	31788	my	O
2822	31789	mind	O
2822	31790	.	O
2823	31791	I	O
2823	31792	have	O
2823	31793	time	O
2823	31794	to	O
2823	31795	plan	O
2823	31796	it	O
2823	31797	properly	O
2823	31798	though	O
2823	31799	:)	O
2824	31800	The	O
2824	31801	pope	PERSON
2824	31802	isn't	O
2824	31803	really	O
2824	31804	making	O
2824	31805	much	O
2824	31806	of	O
2824	31807	an	O
2824	31808	effort	O
2824	31809	.	O
2825	31810	He	O
2825	31811	's	O
2825	31812	wearing	O
2825	31813	the	O
2825	31814	same	O
2825	31815	clothes	O
2825	31816	as	O
2825	31817	yesterday	O
2825	31818	.	O
2826	31819	2	O
2826	31820	days	O
2826	31821	till	O
2826	31822	You	O
2826	31823	ladies	O
2826	31824	were	O
2826	31825	great	O
2826	31826	today	O
2826	31827	.	O
2827	31828	Have	O
2827	31829	a	O
2827	31830	wicked	O
2827	31831	weekend	O
2827	31832	.	O
2828	31833	xx	O
2828	31834	Justin	PERSON
2828	31835	Timberlake	PERSON
2828	31836	ft	O
2828	31837	.	O
2829	31838	Beyonce	PERSON
2829	31839	-	O
2829	31840	Until	MISC
2829	31841	the	MISC
2829	31842	End	MISC
2829	31843	of	MISC
2829	31844	Time	MISC
2829	31845	via	O
2829	31846	I'm	O
2829	31847	thinking	O
2829	31848	they	O
2829	31849	trade	O
2829	31850	him	O
2829	31851	before	O
2829	31852	the	O
2829	31853	deadline	O
2829	31854	and	O
2829	31855	try	O
2829	31856	to	O
2829	31857	blow	O
2829	31858	it	O
2829	31859	up	O
2829	31860	so	O
2829	31861	they	O
2829	31862	don't	O
2829	31863	lose	O
2829	31864	him	O
2829	31865	for	O
2829	31866	nothing	O
2829	31867	.	O
2830	31868	Well	O
2830	31869	...	O
2831	31870	thats	O
2831	31871	why	O
2831	31872	they	O
2831	31873	invented	O
2831	31874	...	O
2832	31875	tomorrow	O
2832	31876	!	O
2833	31877	:o	O
2834	31878	D	O
2834	31879	omg	O
2834	31880	,	O
2834	31881	i'm	O
2834	31882	sooooo	O
2834	31883	ready	O
2834	31884	for	O
2834	31885	tonight	O
2834	31886	!	O
2835	31887	3	O
2835	31888	Any	O
2835	31889	1	O
2835	31890	know	O
2835	31891	when	O
2835	31892	season	O
2835	31893	3	O
2835	31894	True	MISC
2835	31895	Blood	MISC
2835	31896	is	O
2835	31897	back	O
2835	31898	on	O
2835	31899	the	O
2835	31900	telly	O
2835	31901	?	O
2836	31902	lol	O
2836	31903	where	O
2836	31904	u	O
2836	31905	headed	O
2836	31906	tonight	O
2836	31907	?	O
2837	31908	RT	O
2837	31909	Kwiruka	PERSON
2837	31910	left	O
2837	31911	her	O
2837	31912	group	O
2837	31913	several	O
2837	31914	times	O
2837	31915	after	O
2837	31916	death	O
2837	31917	of	O
2837	31918	infant-unknown	O
2837	31919	causes-late	O
2837	31920	July	O
2837	31921	;	O
2837	31922	last	O
2837	31923	seen	O
2837	31924	alive	O
2837	31925	Aug	O
2837	31926	24	O
2837	31927	.	O
2838	31928	RT	O
2838	31929	!	O
2839	31930	Stay	O
2839	31931	up	O
2839	31932	late	O
2839	31933	tonight	O
2839	31934	to	O
2839	31935	catch	O
2839	31936	the	O
2839	31937	1	O
2839	31938	hr	O
2839	31939	special	O
2839	31940	of	O
2839	31941	Demos	MISC
2839	31942	3AM	O
2839	31943	on	O
2839	31944	BCAT	MISC
2839	31945	feat	O
2839	31946	...	O
2840	31947	Second-year	O
2840	31948	CBs	O
2840	31949	Jerraud	PERSON
2840	31950	Powers	PERSON
2840	31951	and	O
2840	31952	Jacob	PERSON
2840	31953	Lacey	PERSON
2840	31954	don't	O
2840	31955	remember	O
2840	31956	much	O
2840	31957	about	O
2840	31958	Manning	MISC
2840	31959	Bowl	MISC
2840	31960	I	MISC
2840	31961	.	O
2841	31962	Both	O
2841	31963	were	O
2841	31964	college	O
2841	31965	...	O
2842	31966	ooh	O
2842	31967	didn't	O
2842	31968	know	O
2842	31969	we	O
2842	31970	was	O
2842	31971	at	O
2842	31972	home	O
2842	31973	tomorrow	O
2842	31974	.	O
2843	31975	Silly	O
2843	31976	billy	PERSON
2843	31977	Ok	O
2843	31978	off	O
2843	31979	to	O
2843	31980	bed	O
2843	31981	BUT	O
2843	31982	WHEN	O
2843	31983	I	O
2843	31984	WAKE	O
2843	31985	UP	O
2843	31986	I	O
2843	31987	BETTER	O
2843	31988	HAVE	O
2843	31989	WON	O
2843	31990	A	O
2843	31991	T-SHIRT	O
2843	31992	RT	O
2843	31993	i	O
2843	31994	hate	O
2843	31995	it	O
2843	31996	when	O
2843	31997	my	O
2843	31998	parents	O
2843	31999	want	O
2843	32000	me	O
2843	32001	to	O
2843	32002	come	O
2843	32003	home	O
2843	32004	early	O
2843	32005	from	O
2843	32006	a	O
2843	32007	party	O
2843	32008	,	O
2843	32009	but	O
2843	32010	i	O
2843	32011	wanna	O
2843	32012	stay	O
2843	32013	really	O
2843	32014	late	O
2843	32015	Yesterday	O
2843	32016	's	O
2843	32017	shoot	O
2843	32018	was	O
2843	32019	unreal	O
2843	32020	.	O
2844	32021	Today	O
2844	32022	is	O
2844	32023	just	O
2844	32024	as	O
2844	32025	sick	O
2844	32026	!	O
2845	32027	Is	O
2845	32028	that	O
2845	32029	even	O
2845	32030	possible	O
2845	32031	?!	O
2846	32032	no	O
2846	32033	work	O
2846	32034	tonight	O
2846	32035	.	O
2847	32036	going	O
2847	32037	to	O
2847	32038	a	O
2847	32039	sweet	O
2847	32040	sixteen	O
2847	32041	.	O
2848	32042	shirt	O
2848	32043	and	O
2848	32044	tie	O
2848	32045	.	O
2849	32046	free	O
2849	32047	food	O
2849	32048	.	O
2850	32049	why	O
2850	32050	not	O
2850	32051	.	O
2851	32052	Ah	O
2851	32053	,	O
2851	32054	that	O
2851	32055	has	O
2851	32056	seriously	O
2851	32057	made	O
2851	32058	my	O
2851	32059	day	O
2851	32060	.	O
2852	32061	:D	O
2853	32062	,	O
2853	32063	iloveyousomuch&hearts	O
2853	32064	;	O
2853	32065	Totes	O
2853	32066	just	O
2853	32067	pissed	O
2853	32068	off	O
2853	32069	the	O
2853	32070	Vista	LOCATION
2853	32071	del	LOCATION
2853	32072	Lago	LOCATION
2853	32073	Eagles	ORGANIZATION
2853	32074	,	O
2853	32075	well	O
2853	32076	some	O
2853	32077	of	O
2853	32078	em	O
2853	32079	by	O
2853	32080	saying	O
2853	32081	Go	O
2853	32082	Lancers	ORGANIZATION
2853	32083	"!!"""	O
2854	32084	teehee	O
2854	32085	.	O
2855	32086	They're	O
2855	32087	playing	O
2855	32088	each	O
2855	32089	other	O
2855	32090	tonite	O
2855	32091	!	O
2856	32092	lol	O
2856	32093	RT	O
2856	32094	Man	O
2856	32095	":"""	O
2856	32096	Is	O
2856	32097	there	O
2856	32098	any	O
2856	32099	way	O
2856	32100	for	O
2856	32101	a	O
2856	32102	long	O
2856	32103	life	O
2856	32104	"?"""	O
2857	32105	Doctor	O
2857	32106	Get	O
2857	32107	married	O
2857	32108	"."""	O
2858	32109	Man	O
2858	32110	":"""	O
2858	32111	Will	O
2858	32112	it	O
2858	32113	help	O
2858	32114	"?"""	O
2859	32115	Doctor	O
2859	32116	":"""	O
2859	32117	No	O
2859	32118	,	O
2859	32119	but	O
2859	32120	the	O
2859	32121	thought	O
2859	32122	of	O
2859	32123	long	O
2859	32124	li	O
2859	32125	...	O
2860	32126	USM	MISC
2860	32127	get	O
2860	32128	ready	O
2860	32129	yours	O
2860	32130	truly	O
2860	32131	tonight	O
2860	32132	at	O
2860	32133	frat	LOCATION
2860	32134	house	LOCATION
2860	32135	Hattiesburg	LOCATION
2860	32136	on	O
2860	32137	the	O
2860	32138	1s	O
2860	32139	n	O
2860	32140	2s	O
2860	32141	!!	O
2861	32142	tks	O
2861	32143	:D	O
2862	32144	obviously	O
2862	32145	its	O
2862	32146	one	O
2862	32147	of	O
2862	32148	the	O
2862	32149	happiest	O
2862	32150	day	O
2862	32151	in	O
2862	32152	my	O
2862	32153	life	O
2862	32154	lol	O
2862	32155	ooooh	O
2862	32156	when	O
2862	32157	's	O
2862	32158	he	O
2862	32159	releasing	O
2862	32160	it	O
2862	32161	?	O
2863	32162	When	O
2863	32163	I	O
2863	32164	go	O
2863	32165	to	O
2863	32166	that	O
2863	32167	musical	O
2863	32168	I'm	O
2863	32169	staying	O
2863	32170	near	O
2863	32171	old	O
2863	32172	people	O
2863	32173	so	O
2863	32174	they'll	O
2863	32175	cry	O
2863	32176	w/me	O
2863	32177	like	O
2863	32178	Les	MISC
2863	32179	Miserables	MISC
2863	32180	:'	O
2863	32181	Exhausted	O
2863	32182	after	O
2863	32183	a	O
2863	32184	surprisingly	O
2863	32185	busy	O
2863	32186	and	O
2863	32187	boozy	O
2863	32188	day	O
2863	32189	with	O
2863	32190	and	O
2863	32191	Wonder	PERSON
2863	32192	Woman	PERSON
2863	32193	!	O
2864	32194	Hendrix	PERSON
2864	32195	died	O
2864	32196	40	O
2864	32197	years	O
2864	32198	ago	O
2864	32199	...	O
2865	32200	but	O
2865	32201	his	O
2865	32202	studio	O
2865	32203	lives	O
2865	32204	on	O
2865	32205	.	O
2866	32206	A	O
2866	32207	look	O
2866	32208	at	O
2866	32209	NYC	LOCATION
2866	32210	's	O
2866	32211	Electric	ORGANIZATION
2866	32212	Lady	ORGANIZATION
2866	32213	Studios	ORGANIZATION
2866	32214	,	O
2866	32215	past	O
2866	32216	and	O
2866	32217	present	O
2866	32218	RT	O
2866	32219	It	O
2866	32220	's	O
2866	32221	Guinness	ORGANIZATION
2866	32222	O'clock.	O
2867	32223	it	O
2867	32224	's	O
2867	32225	almost	O
2867	32226	that	O
2867	32227	time	O
2867	32228	over	O
2867	32229	here	O
2867	32230	on	O
2867	32231	the	O
2867	32232	west	O
2867	32233	coast	O
2867	32234	too	O
2867	32235	.	O
2868	32236	Really	O
2868	32237	hope	O
2868	32238	I	O
2868	32239	can	O
2868	32240	get	O
2868	32241	to	O
2868	32242	for	O
2868	32243	Winter	MISC
2868	32244	's	MISC
2868	32245	Bone	MISC
2868	32246	-	O
2868	32247	need	O
2868	32248	to	O
2868	32249	get	O
2868	32250	on	O
2868	32251	with	O
2868	32252	job	O
2868	32253	applications	O
2868	32254	tonight	O
2868	32255	then	O
2868	32256	!	O
2869	32257	Trailer	O
2869	32258	RT	O
2869	32259	11.04	O
2870	32260	.	O
2871	32261	10	O
2871	32262	is	O
2871	32263	gonna	O
2871	32264	be	O
2871	32265	a	O
2871	32266	good	O
2871	32267	day//yes	O
2871	32268	..	O
2872	32269	I	O
2872	32270	turn	O
2872	32271	18	O
2872	32272	lol	O
2872	32273	Although	O
2872	32274	,	O
2872	32275	three	O
2872	32276	months	O
2872	32277	?	O
2873	32278	I	O
2873	32279	may	O
2873	32280	well	O
2873	32281	be	O
2873	32282	wrong	O
2873	32283	on	O
2873	32284	this	O
2873	32285	.	O
2874	32286	Praying	O
2874	32287	with	O
2874	32288	ya	O
2874	32289	that	O
2874	32290	he	O
2874	32291	answers	O
2874	32292	&	O
2874	32293	will	O
2874	32294	be	O
2874	32295	in	O
2874	32296	Sweden	LOCATION
2874	32297	,	O
2874	32298	so	O
2874	32299	you	O
2874	32300	can	O
2874	32301	meet	O
2874	32302	him	O
2874	32303	!	O
2875	32304	I	O
2875	32305	met	O
2875	32306	him	O
2875	32307	3	O
2875	32308	weeks	O
2875	32309	ago	O
2875	32310	&	O
2875	32311	still	O
2875	32312	thinking	O
2875	32313	about	O
2875	32314	it	O
2875	32315	lol	O
2875	32316	.	O
2876	32317	Ready	O
2876	32318	for	O
2876	32319	tonight	O
2876	32320	smh	O
2876	32321	i	O
2876	32322	love	O
2876	32323	my	O
2876	32324	male	O
2876	32325	friends	O
2876	32326	......	O
2877	32327	my	O
2877	32328	female	O
2877	32329	friends	O
2877	32330	well	O
2877	32331	i	O
2877	32332	like	O
2877	32333	yall	O
2877	32334	most	O
2877	32335	of	O
2877	32336	the	O
2877	32337	time	O
2877	32338	lol	O
2877	32339	RT	O
2877	32340	WaPo	O
2877	32341	renewing	O
2877	32342	Bush	PERSON
2877	32343	tax	O
2877	32344	cuts	O
2877	32345	would	O
2877	32346	deprive	O
2877	32347	Treasury	MISC
2877	32348	of	O
2877	32349	$4T	O
2877	32350	.	O
2878	32351	No	O
2878	32352	.	O
2879	32353	Treasury	MISC
2879	32354	deprived	O
2879	32355	of	O
2879	32356	$4T	O
2879	32357	when	O
2879	32358	Obama	PERSON
2879	32359	spent	O
2879	32360	it	O
2879	32361	all	O
2879	32362	.	O
2880	32363	...	O
2881	32364	you	O
2881	32365	need	O
2881	32366	to	O
2881	32367	listen	O
2881	32368	to	O
2881	32369	that	O
2881	32370	green	MISC
2881	32371	day	MISC
2881	32372	song	O
2881	32373	.	O
2882	32374	were	O
2882	32375	too	O
2882	32376	much	O
2882	32377	.	O
2883	32378	MJ	PERSON
2883	32379	still	O
2883	32380	had	O
2883	32381	it	O
2883	32382	but	O
2883	32383	he	O
2883	32384	was	O
2883	32385	50	O
2883	32386	years	O
2883	32387	old	O
2883	32388	at	O
2883	32389	time	O
2883	32390	.	O
2884	32391	AEG	ORGANIZATION
2884	32392	just	O
2884	32393	wanted	O
2884	32394	more	O
2884	32395	money	O
2884	32396	off	O
2884	32397	his	O
2884	32398	name	O
2884	32399	like	O
2884	32400	everyone	O
2884	32401	else	O
2884	32402	Yeah	O
2884	32403	,	O
2884	32404	he	O
2884	32405	's	O
2884	32406	had	O
2884	32407	a	O
2884	32408	few	O
2884	32409	shows	O
2884	32410	over	O
2884	32411	here	O
2884	32412	.	O
2885	32413	Great	O
2885	32414	chef	O
2885	32415	,	O
2885	32416	glad	O
2885	32417	I	O
2885	32418	wasn't	O
2885	32419	disappointed	O
2885	32420	!	O
2886	32421	His	O
2886	32422	wife	O
2886	32423	gave	O
2886	32424	birth	O
2886	32425	a	O
2886	32426	couple	O
2886	32427	of	O
2886	32428	days	O
2886	32429	ago	O
2886	32430	,	O
2886	32431	aww	O
2886	32432	.	O
2887	32433	Anyone	O
2887	32434	is	O
2887	32435	the	O
2887	32436	valley	O
2887	32437	want	O
2887	32438	Around	MISC
2887	32439	The	MISC
2887	32440	World	MISC
2887	32441	Twice	MISC
2887	32442	written	O
2887	32443	by	O
2887	32444	me	O
2887	32445	and	O
2887	32446	Kathie	O
2887	32447	?	O
2888	32448	Just	O
2888	32449	got	O
2888	32450	a	O
2888	32451	box	O
2888	32452	half	O
2888	32453	are	O
2888	32454	gone	O
2888	32455	won't	O
2888	32456	last	O
2888	32457	long	O
2888	32458	.	O
2889	32459	Inbox	O
2889	32460	me	O
2889	32461	:)	O
2890	32462	hey	O
2890	32463	,	O
2890	32464	I'm	O
2890	32465	fine	O
2890	32466	!!	O
2891	32467	Thanx	O
2891	32468	:)	O
2892	32469	u	O
2892	32470	too	O
2892	32471	have	O
2892	32472	a	O
2892	32473	great	O
2892	32474	day	O
2892	32475	;)	O
2893	32476	HAVE	O
2893	32477	YOU	O
2893	32478	HEARD	O
2893	32479	DJ	MISC
2893	32480	STRATEGY	MISC
2893	32481	IS	O
2893	32482	NOW	O
2893	32483	AT	O
2893	32484	VISIONS	LOCATION
2893	32485	LOUNGE	LOCATION
2893	32486	IN	O
2893	32487	HICKORY	LOCATION
2893	32488	,	O
2893	32489	NC	LOCATION
2893	32490	ON	O
2893	32491	WEDNESDAY	O
2893	32492	;	O
2893	32493	S	O
2893	32494	NIGHTS	O
2893	32495	...	O
2894	32496	WOW	O
2894	32497	!!	O
2895	32498	DONT	O
2895	32499	MISS	O
2895	32500	IT	O
2895	32501	!	O
2896	32502	FAN	O
2896	32503	Art	O
2896	32504	in	O
2896	32505	Club	MISC
2896	32506	Penguin	MISC
2896	32507	:)	O
2897	32508	Here	O
2897	32509	are	O
2897	32510	this	O
2897	32511	weeks	O
2897	32512	Club	MISC
2897	32513	Penguin	MISC
2897	32514	FUN	O
2897	32515	Art	O
2897	32516	Drawings	O
2897	32517	:)	O
2898	32518	The	O
2898	32519	Snow	O
2898	32520	Fort	O
2898	32521	is	O
2898	32522	a	O
2898	32523	Super	O
2898	32524	FUN	O
2898	32525	Plac	O
2898	32526	...	O
2899	32527	I	O
2899	32528	was	O
2899	32529	there	O
2899	32530	on	O
2899	32531	Tuesday	O
2899	32532	!!	O
2900	32533	heheRT	O
2900	32534	otw	O
2900	32535	pelabuhan	O
2900	32536	ratu	O
2900	32537	Today	O
2900	32538	I	O
2900	32539	must	O
2900	32540	make	O
2900	32541	full	O
2900	32542	use	O
2900	32543	of	O
2900	32544	the	O
2900	32545	filter	O
2900	32546	..	O
2901	32547	Please	O
2901	32548	don't	O
2901	32549	fail	O
2901	32550	me	O
2901	32551	today	O
2901	32552	!	O
2902	32553	imma	O
2902	32554	get	O
2902	32555	my	O
2902	32556	homework	O
2902	32557	done	O
2902	32558	today	O
2902	32559	:)	O
2903	32560	Find	O
2903	32561	out	O
2903	32562	Why	O
2903	32563	An	O
2903	32564	Affiliate	O
2903	32565	Home	O
2903	32566	Business	O
2903	32567	Is	O
2903	32568	Better	O
2903	32569	Than	O
2903	32570	A	O
2903	32571	Part	O
2903	32572	Time	O
2903	32573	Job	O
2903	32574	EzineArticles	O
2903	32575	Every	O
2903	32576	night	O
2903	32577	&	O
2903	32578	every	O
2903	32579	day	O
2903	32580	!!	O
2904	32581	I	O
2904	32582	straightened	O
2904	32583	my	O
2904	32584	hair	O
2904	32585	today	O
2904	32586	i	O
2904	32587	feel	O
2904	32588	all	O
2904	32589	purdy	O
2904	32590	and	O
2904	32591	junk	O
2904	32592	:)	O
2905	32593	I	O
2905	32594	just	O
2905	32595	took	O
2905	32596	Justin	PERSON
2905	32597	Bieber	PERSON
2905	32598	takes	O
2905	32599	2	O
2905	32600	months	O
2905	32601	off	O
2905	32602	career	O
2905	32603	to	O
2905	32604	finish	O
2905	32605	school	O
2905	32606	,	O
2905	32607	He	O
2905	32608	is	O
2905	32609	a	O
2905	32610	huge	O
2905	32611	player	O
2905	32612	"..."""	O
2906	32613	and	O
2906	32614	got	O
2906	32615	Part	O
2906	32616	8	O
2906	32617	!	O
2907	32618	Try	O
2907	32619	it	O
2907	32620	Aaaaah	O
2907	32621	,	O
2907	32622	us	O
2907	32623	and	O
2907	32624	Baveh	PERSON
2907	32625	Nate	PERSON
2907	32626	...	O
2908	32627	meant	O
2908	32628	to	O
2908	32629	BE	O
2908	32630	!!	O
2909	32631	He	O
2909	32632	was	O
2909	32633	nice	O
2909	32634	that	O
2909	32635	day	O
2909	32636	,	O
2909	32637	couldn't	O
2909	32638	fucking	O
2909	32639	get	O
2909	32640	rid	O
2909	32641	of	O
2909	32642	him	O
2909	32643	and	O
2909	32644	his	O
2909	32645	inappropriate	O
2909	32646	touching	O
2909	32647	Who	O
2909	32648	's	O
2909	32649	excited	O
2909	32650	for	O
2909	32651	homecoming	O
2909	32652	?!	O
2910	32653	Check	O
2910	32654	out	O
2910	32655	the	O
2910	32656	COP	MISC
2910	32657	tailgate	O
2910	32658	...	O
2911	32659	65	O
2911	32660	years	O
2911	32661	is	O
2911	32662	definitely	O
2911	32663	something	O
2911	32664	to	O
2911	32665	celebrate	O
2911	32666	about	O
2911	32667	.	O
2912	32668	Oct	O
2912	32669	.	O
2913	32670	2	O
2913	32671	1	O
2913	32672	p	O
2913	32673	.	O
2914	32674	m	O
2914	32675	.	O
2915	32676	spending	O
2915	32677	time	O
2915	32678	with	O
2915	32679	my	O
2915	32680	mompriceless	O
2915	32681	Ahaha	O
2915	32682	,	O
2915	32683	the	O
2915	32684	look	O
2915	32685	on	O
2915	32686	s	O
2915	32687	face	O
2915	32688	when	O
2915	32689	someone	O
2915	32690	asks	O
2915	32691	What	O
2915	32692	part	O
2915	32693	of	O
2915	32694	the	LOCATION
2915	32695	States	LOCATION
2915	32696	are	O
2915	32697	you	O
2915	32698	from	O
2915	32699	?'	O
2916	32700	is	O
2916	32701	PRICELESS	O
2916	32702	.	O
2917	32703	can	O
2917	32704	u	O
2917	32705	please	O
2917	32706	follow	O
2917	32707	me	O
2917	32708	?	O
2918	32709	you	O
2918	32710	will	O
2918	32711	make	O
2918	32712	my	O
2918	32713	day	O
2918	32714	3	O
2918	32715	8	O
2918	32716	I	O
2918	32717	do	O
2918	32718	.	O
2919	32719	I	O
2919	32720	expect	O
2919	32721	it	O
2919	32722	.	O
2920	32723	It	O
2920	32724	's	O
2920	32725	a	O
2920	32726	lovely	O
2920	32727	part	O
2920	32728	of	O
2920	32729	the	O
2920	32730	day	O
2920	32731	listening	O
2920	32732	to	O
2920	32733	a	O
2920	32734	background	O
2920	32735	of	O
2920	32736	playground	O
2920	32737	noises	O
2920	32738	.	O
2921	32739	Follow	O
2921	32740	Friday	O
2921	32741	:)	O
2922	32742	omg	O
2922	32743	was	O
2922	32744	it	O
2922	32745	Today	O
2922	32746	??	O
2923	32747	ill	O
2923	32748	go	O
2923	32749	to	O
2923	32750	bed	O
2923	32751	soon	O
2923	32752	so	O
2923	32753	ill	O
2923	32754	read	O
2923	32755	tomorrow	O
2923	32756	.	O
2924	32757	Looking	O
2924	32758	forward	O
2924	32759	hehe	O
2924	32760	Coding	O
2924	32761	typo	O
2924	32762	of	O
2924	32763	the	O
2924	32764	day	O
2924	32765	resluts	O
2924	32766	-	O
2924	32767	results	O
2924	32768	Confronting	O
2924	32769	my	O
2924	32770	hoarder	O
2924	32771	tendencies	O
2924	32772	.	O
2925	32773	If	O
2925	32774	anyone	O
2925	32775	wants	O
2925	32776	17	O
2925	32777	pairs	O
2925	32778	of	O
2925	32779	used	O
2925	32780	size	O
2925	32781	9	O
2925	32782	mens	O
2925	32783	Nikes	O
2925	32784	from	O
2925	32785	10	O
2925	32786	years	O
2925	32787	ago	O
2925	32788	or	O
2925	32789	60	O
2925	32790	blank	O
2925	32791	cassette	O
2925	32792	tapes	O
2925	32793	...	O
2926	32794	Where	O
2926	32795	in	O
2926	32796	the	O
2926	32797	world	O
2926	32798	is	O
2926	32799	Gelato	PERSON
2926	32800	Gilberto	PERSON
2926	32801	?	O
2927	32802	Tonight	O
2927	32803	the	O
2927	32804	cart	O
2927	32805	will	O
2927	32806	be	O
2927	32807	at	O
2927	32808	Burning	LOCATION
2927	32809	Bush	LOCATION
2927	32810	Grille	LOCATION
2927	32811	,	O
2927	32812	13206	O
2927	32813	W	O
2927	32814	Highway	O
2927	32815	42	O
2927	32816	,...	O
2928	32817	even	O
2928	32818	better	O
2928	32819	than	O
2928	32820	cocktail	O
2928	32821	friday	O
2928	32822	!	O
2929	32823	well	O
2929	32824	i	O
2929	32825	wrote	O
2929	32826	you	O
2929	32827	like	O
2929	32828	6	O
2929	32829	times	O
2929	32830	this	O
2929	32831	week	O
2929	32832	!	O
2930	32833	urgh	O
2930	32834	.	O
2931	32835	RACHELLE	PERSON
2931	32836	im	O
2931	32837	gonnauh	O
2931	32838	kill	O
2931	32839	YOU	O
2931	32840	tonite	O
2931	32841	!	O
2932	32842	Check	O
2932	32843	it	O
2932	32844	out	O
2932	32845	!!	O
2933	32846	$1497-$3497	O
2933	32847	per	O
2933	32848	day	O
2933	32849	!!	O
2934	32850	WWW	O
2934	32851	.	O
2935	32852	bigbucksonline	O
2935	32853	.	O
2936	32854	info	O
2936	32855	For	O
2936	32856	women	O
2936	32857	the	O
2936	32858	best	O
2936	32859	aphrodisiacs	O
2936	32860	are	O
2936	32861	words	O
2936	32862	.	O
2937	32863	The	O
2937	32864	G-spot	O
2937	32865	is	O
2937	32866	in	O
2937	32867	the	O
2937	32868	ears	O
2937	32869	.	O
2938	32870	He	O
2938	32871	who	O
2938	32872	looks	O
2938	32873	for	O
2938	32874	it	O
2938	32875	below	O
2938	32876	there	O
2938	32877	is	O
2938	32878	wasting	O
2938	32879	his	O
2938	32880	time	O
2938	32881	.	O
2939	32882	Thanks	O
2939	32883	for	O
2939	32884	the	O
2939	32885	follow	O
2939	32886	friday	O
2939	32887	bump	O
2939	32888	!	O
2940	32889	:)	O
2941	32890	auditioning	O
2941	32891	on	O
2941	32892	sunday	O
2941	32893	:)	O
2942	32894	xo	O
2942	32895	I	O
2942	32896	want	O
2942	32897	it	O
2942	32898	NOW	O
2942	32899	!	O
2943	32900	;)	O
2944	32901	RT	O
2944	32902	Pumpkin	MISC
2944	32903	Moonshine	MISC
2944	32904	has	O
2944	32905	arrived	O
2944	32906	in	O
2944	32907	Nashville	LOCATION
2944	32908	Give	O
2944	32909	it	O
2944	32910	a	O
2944	32911	week	O
2944	32912	to	O
2944	32913	get	O
2944	32914	it	O
2944	32915	in	O
2944	32916	stores	O
2944	32917	.	O
2945	32918	KY	LOCATION
2945	32919	ships	O
2945	32920	next	O
2945	32921	week	O
2945	32922	!	O
2946	32923	Headed	O
2946	32924	to	O
2946	32925	Davidson	ORGANIZATION
2946	32926	vs	O
2946	32927	Blount	ORGANIZATION
2946	32928	with	O
2946	32929	Bennett-	PERSON
2946	32930	love	O
2946	32931	spending	O
2946	32932	time	O
2946	32933	with	O
2946	32934	my	O
2946	32935	son	O
2946	32936	!	O
2947	32937	compare	O
2947	32938	where	O
2947	32939	you	O
2947	32940	are	O
2947	32941	to	O
2947	32942	where	O
2947	32943	you	O
2947	32944	wanna	O
2947	32945	be	O
2947	32946	and	O
2947	32947	you'll	O
2947	32948	get	O
2947	32949	nowhere	O
2947	32950	"""."	O
2948	32951	Thanks	O
2948	32952	for	O
2948	32953	the	O
2948	32954	reminder	O
2948	32955	,	O
2948	32956	Sara	PERSON
2948	32957	B	PERSON
2948	32958	.	PERSON
2949	32959	Focusing	O
2949	32960	on	O
2949	32961	the	O
2949	32962	good	O
2949	32963	.	O
2950	32964	Show	O
2950	32965	tonight	O
2950	32966	!	O
2951	32967	hai	O
2951	32968	sukses	O
2951	32969	ya	O
2951	32970	untuk	O
2951	32971	ngehostnya	O
2951	32972	today	O
2951	32973	di	O
2951	32974	inbox	O
2951	32975	,	O
2951	32976	sy	O
2951	32977	gak	O
2951	32978	bisa	O
2951	32979	liat	O
2951	32980	nih	O
2951	32981	wajib	O
2951	32982	ngantor	O
2951	32983	.	O
2952	32984	I	O
2952	32985	don't	O
2952	32986	have	O
2952	32987	none	O
2952	32988	!	O
2953	32989	What	O
2953	32990	are	O
2953	32991	urs	O
2953	32992	?	O
2954	32993	I	O
2954	32994	have	O
2954	32995	2	O
2954	32996	days	O
2954	32997	with	O
2954	32998	nothing	O
2954	32999	to	O
2954	33000	do	O
2954	33001	!	O
2955	33002	RT	O
2955	33003	EVERYBODY	O
2955	33004	WHO	O
2955	33005	WANT	O
2955	33006	A	O
2955	33007	FOLLOW	O
2955	33008	FROM	O
2955	33009	ME	O
2955	33010	FOR	O
2955	33011	FOLLOW	O
2955	33012	FRIDAY	O
2955	33013	LET	O
2955	33014	ME	O
2955	33015	KNOW	O
2955	33016	!!	O
2956	33017	WE	O
2956	33018	AINT	O
2956	33019	LIKE	O
2956	33020	THESE	O
2956	33021	HOLLYWOOD	LOCATION
2956	33022	AZZ	O
2956	33023	RAPPERS	O
2956	33024	WE	O
2956	33025	FOLLOW	O
2956	33026	BACK	O
2956	33027	!	O
2957	33028	I	O
2957	33029	know	O
2957	33030	when	O
2957	33031	my	O
2957	33032	mom	O
2957	33033	saw	O
2957	33034	a	O
2957	33035	picture	O
2957	33036	of	O
2957	33037	justin	PERSON
2957	33038	bieber	PERSON
2957	33039	she	O
2957	33040	said	O
2957	33041	that	O
2957	33042	he	O
2957	33043	was	O
2957	33044	cute	O
2957	33045	.	O
2958	33046	She	O
2958	33047	said	O
2958	33048	she	O
2958	33049	didn't.	O
2959	33050	But	O
2959	33051	,	O
2959	33052	she	O
2959	33053	did	O
2959	33054	.	O
2960	33055	Haha	O
2960	33056	.	O
2961	33057	:)	O
2962	33058	i	O
2962	33059	love	O
2962	33060	when	O
2962	33061	good	O
2962	33062	things	O
2962	33063	happen	O
2962	33064	to	O
2962	33065	deserving	O
2962	33066	people	O
2962	33067	.	O
2963	33068	Fills	O
2963	33069	me	O
2963	33070	with	O
2963	33071	happiness	O
2963	33072	EXA-OIL	O
2963	33073	.	O
2964	33074	COM	O
2964	33075	Deep	ORGANIZATION
2964	33076	Sea	ORGANIZATION
2964	33077	Intervention	ORGANIZATION
2964	33078	opens	O
2964	33079	Singapore	LOCATION
2964	33080	facility	O
2964	33081	September	O
2964	33082	17,201	O
2964	33083	0	O
2964	33084	Deep	ORGANIZATION
2964	33085	Sea	ORGANIZATION
2964	33086	Intervention	ORGANIZATION
2964	33087	has	O
2964	33088	opened	O
2964	33089	...	O
2965	33090	I	O
2965	33091	may	O
2965	33092	have	O
2965	33093	an	O
2965	33094	extra	O
2965	33095	ticket	O
2965	33096	for	O
2965	33097	the	O
2965	33098	Jonas	MISC
2965	33099	Bros	MISC
2965	33100	this	O
2965	33101	Sunday	O
2965	33102	,	O
2965	33103	if	O
2965	33104	anyone	O
2965	33105	wants	O
2965	33106	it	O
2965	33107	or	O
2965	33108	wants	O
2965	33109	me	O
2965	33110	to	O
2965	33111	take	O
2965	33112	ur	O
2965	33113	kiddo	O
2965	33114	w/me	O
2965	33115	:)	O
2966	33116	RT	O
2966	33117	Fossil	O
2966	33118	dig	O
2966	33119	update	O
2966	33120	found	O
2966	33121	the	O
2966	33122	flippers	O
2966	33123	!	O
2967	33124	Looks	O
2967	33125	like	O
2967	33126	a	O
2967	33127	pretty	O
2967	33128	complete	O
2967	33129	3	O
2967	33130	million-year-old	O
2967	33131	whale	O
2967	33132	fossil	O
2967	33133	.	O
2968	33134	YG	O
2968	33135	The	O
2968	33136	Daily	O
2968	33137	is	O
2968	33138	out	O
2968	33139	-	O
2968	33140	read	O
2968	33141	this	O
2968	33142	Twitter	ORGANIZATION
2968	33143	newspaper	O
2968	33144	on	O
2968	33145	22	O
2968	33146	contributions	O
2968	33147	today	O
2968	33148	Starstruck	ORGANIZATION
2968	33149	Promo	O
2968	33150	Special	O
2968	33151	Unlimited	O
2968	33152	email	O
2968	33153	blasts	O
2968	33154	for	O
2968	33155	$	O
2968	33156	350	O
2968	33157	a	O
2968	33158	month	O
2968	33159	.	O
2969	33160	DM	O
2969	33161	Me	O
2969	33162	or	O
2969	33163	send	O
2969	33164	a	O
2969	33165	email	O
2969	33166	to	O
2969	33167	ineedpromostarstruckpromo	O
2969	33168	.	O
2970	33169	com	O
2970	33170	For	O
2970	33171	example	O
2970	33172	,	O
2970	33173	when	O
2970	33174	younger	O
2970	33175	,	O
2970	33176	she	O
2970	33177	won	O
2970	33178	trophy	O
2970	33179	,	O
2970	33180	but	O
2970	33181	results	O
2970	33182	were	O
2970	33183	messed	O
2970	33184	up	O
2970	33185	&	O
2970	33186	some1	O
2970	33187	else	O
2970	33188	really	O
2970	33189	one	O
2970	33190	.	O
2971	33191	She	O
2971	33192	refused	O
2971	33193	to	O
2971	33194	give	O
2971	33195	it	O
2971	33196	back	O
2971	33197	.	O
2972	33198	DO	O
2972	33199	IT	O
2972	33200	!	O
2973	33201	it	O
2973	33202	's	O
2973	33203	better	O
2973	33204	with	O
2973	33205	dirty	O
2973	33206	hair	O
2973	33207	too	O
2973	33208	.	O
2974	33209	when	O
2974	33210	my	O
2974	33211	hair	O
2974	33212	is	O
2974	33213	too	O
2974	33214	clean	O
2974	33215	it	O
2974	33216	's	O
2974	33217	nearly	O
2974	33218	impossible	O
2974	33219	to	O
2974	33220	do	O
2974	33221	nything	O
2974	33222	w	O
2974	33223	it	O
2974	33224	!!!	O
2975	33225	OCTOBER	O
2975	33226	2ND	O
2975	33227	1988	O
2975	33228	A	O
2975	33229	STAR	O
2975	33230	WAS	O
2975	33231	BORN	O
2975	33232	...	O
2976	33233	hey	O
2976	33234	man	O
2976	33235	we	O
2976	33236	should	O
2976	33237	hang	O
2976	33238	out	O
2976	33239	some	O
2976	33240	time	O
2976	33241	soon	O
2976	33242	!	O
2977	33243	'I	O
2977	33244	just	O
2977	33245	took	O
2977	33246	You	O
2977	33247	and	O
2977	33248	justin	PERSON
2977	33249	bieber	PERSON
2977	33250	love	O
2977	33251	story	O
2977	33252	long	O
2977	33253	and	O
2977	33254	got	O
2977	33255	you	O
2977	33256	run	O
2977	33257	away	O
2977	33258	together	O
2977	33259	!	O
2978	33260	Try	O
2978	33261	it	O
2978	33262	btw	O
2978	33263	,	O
2978	33264	i	O
2978	33265	called	O
2978	33266	him	O
2978	33267	kitty	O
2978	33268	boy	O
2978	33269	cause	O
2978	33270	my	O
2978	33271	friend	O
2978	33272	always	O
2978	33273	says	O
2978	33274	that	O
2978	33275	's	O
2978	33276	maa	O
2978	33277	kitty	O
2978	33278	when	O
2978	33279	she	O
2978	33280	sees	O
2978	33281	him	O
2978	33282	:D	O
2979	33283	it	O
2979	33284	's	O
2979	33285	kinda	O
2979	33286	weard	O
2979	33287	but	O
2979	33288	cute	O
2979	33289	at	O
2979	33290	the	O
2979	33291	same	O
2979	33292	time	O
2979	33293	RT	O
2979	33294	When	O
2979	33295	you	O
2979	33296	choose	O
2979	33297	to	O
2979	33298	forgive	O
2979	33299	those	O
2979	33300	who	O
2979	33301	have	O
2979	33302	hurt	O
2979	33303	you	O
2979	33304	,	O
2979	33305	you	O
2979	33306	take	O
2979	33307	away	O
2979	33308	their	O
2979	33309	power	O
2979	33310	.	O
2980	33311	Game	O
2980	33312	Widener	LOCATION
2980	33313	tonight	O
2980	33314	at	O
2980	33315	7:30	O
2980	33316	I	O
2980	33317	love	O
2980	33318	and	O
2980	33319	hate	O
2980	33320	today	O
2980	33321	,	O
2980	33322	I	O
2980	33323	swear	O
2980	33324	I	O
2980	33325	just	O
2980	33326	got	O
2980	33327	a	O
2980	33328	flashback	O
2980	33329	to	O
2980	33330	my	O
2980	33331	sophomore	O
2980	33332	year	O
2980	33333	.	O
2981	33334	Maikes	O
2981	33335	hair	O
2981	33336	.	O
2982	33337	School	O
2982	33338	.	O
2983	33339	Webinar	O
2983	33340	at	O
2983	33341	the	O
2983	33342	first	O
2983	33343	job	O
2983	33344	.	O
2984	33345	Changed	O
2984	33346	...	O
2985	33347	ti	O
2985	33348	second	O
2985	33349	job	O
2985	33350	...	O
2986	33351	then	O
2986	33352	time	O
2986	33353	with	O
2986	33354	the	O
2986	33355	boy	O
2986	33356	!	O
2987	33357	What	O
2987	33358	a	O
2987	33359	day	O
2987	33360	.;	O
2988	33361	agreed	O
2988	33362	lolzaa	O
2988	33363	also	O
2988	33364	hate	O
2988	33365	school	O
2988	33366	for	O
2988	33367	making	O
2988	33368	a	O
2988	33369	long	O
2988	33370	lie	O
2988	33371	10:30	O
2988	33372	.	O
2989	33373	:(	O
2990	33374	xx	O
2990	33375	i	O
2990	33376	should	O
2990	33377	write	O
2990	33378	this	O
2990	33379	before	O
2990	33380	but	O
2990	33381	i	O
2990	33382	couldn	O
2990	33383	t	O
2990	33384	happy	O
2990	33385	birthday	O
2990	33386	:)	O
2991	33387	i	O
2991	33388	hope	O
2991	33389	you	O
2991	33390	enjoyed	O
2991	33391	a	O
2991	33392	lot	O
2991	33393	yesterday	O
2991	33394	A	O
2991	33395	slow	O
2991	33396	yes	O
2991	33397	beats	O
2991	33398	a	O
2991	33399	fast	O
2991	33400	no	O
2991	33401	7	O
2991	33402	days	O
2991	33403	a	O
2991	33404	week	O
2991	33405	...	O
2992	33406	dont	O
2992	33407	rush	O
2992	33408	people	O
2992	33409	when	O
2992	33410	dey	O
2992	33411	make'n	O
2992	33412	choices	O
2992	33413	u	O
2992	33414	might	O
2992	33415	get	O
2992	33416	told	O
2992	33417	no	O
2992	33418	just	O
2992	33419	cuz	O
2992	33420	dey	O
2992	33421	want	O
2992	33422	u	O
2992	33423	2	O
2992	33424	shut	O
2992	33425	up	O
2992	33426	Major	O
2992	33427	Muslim	O
2992	33428	organisations	O
2992	33429	throw	O
2992	33430	weight	O
2992	33431	behind	O
2992	33432	6	O
2992	33433	Nov	O
2992	33434	demo	O
2992	33435	against	O
2992	33436	racism	O
2992	33437	,	O
2992	33438	fascism	O
2992	33439	and	O
2992	33440	Islamophobia	O
2992	33441	we	O
2992	33442	haven't	O
2992	33443	had	O
2992	33444	slugs	O
2992	33445	in	O
2992	33446	the	O
2992	33447	house	O
2992	33448	for	O
2992	33449	a	O
2992	33450	few	O
2992	33451	days	O
2992	33452	and	O
2992	33453	found	O
2992	33454	a	O
2992	33455	toad	O
2992	33456	by	O
2992	33457	our	O
2992	33458	front	O
2992	33459	door	O
2992	33460	this	O
2992	33461	morning	O
2992	33462	,	O
2992	33463	you	O
2992	33464	need	O
2992	33465	pet	O
2992	33466	toad	O
2992	33467	.	O
2993	33468	Mostly	O
2993	33469	Cloudy	O
2993	33470	and	O
2993	33471	64	O
2993	33472	F	O
2993	33473	at	O
2993	33474	Buffalo	LOCATION
2993	33475	Municipal	LOCATION
2993	33476	Airport	LOCATION
2993	33477	,	O
2993	33478	MN	LOCATION
2993	33479	Winds	O
2993	33480	are	O
2993	33481	Calm	O
2993	33482	.	O
2994	33483	The	O
2994	33484	humidity	O
2994	33485	is	O
2994	33486	68%	O
2994	33487	.	O
2995	33488	Last	O
2995	33489	Updated	O
2995	33490	on	O
2995	33491	Sep	O
2995	33492	17	O
2995	33493	20	O
2995	33494	Tomorrow	O
2995	33495	is	O
2995	33496	Saturday	O
2995	33497	.	O
2996	33498	Aka	O
2996	33499	day	O
2996	33500	.	O
2997	33501	Bring	O
2997	33502	on	O
2997	33503	the	O
2997	33504	twist	O
2997	33505	n	O
2997	33506	rip	O
2997	33507	...	O
2998	33508	A	O
2998	33509	BLISSFUL	O
2998	33510	MORNING	O
2998	33511	TO	O
2998	33512	ALL	O
2998	33513	!	O
2999	33514	It	O
2999	33515	's	O
2999	33516	a	O
2999	33517	brand	O
2999	33518	new	O
2999	33519	day	O
2999	33520	to	O
2999	33521	start	O
2999	33522	with	O
2999	33523	.	O
3000	33524	Hope	O
3000	33525	you	O
3000	33526	have	O
3000	33527	a	O
3000	33528	great	O
3000	33529	day	O
3000	33530	ahead	O
3000	33531	!	O
3001	33532	Keep	O
3001	33533	safe	O
3001	33534	.	O
3002	33535	Take	O
3002	33536	care	O
3002	33537	.	O
3003	33538	God	O
3003	33539	bless	O
3003	33540	you	O
3003	33541	!	O
3004	33542	If	O
3004	33543	I	O
3004	33544	could	O
3004	33545	sleep	O
3004	33546	well	O
3004	33547	tonight	O
3004	33548	that	O
3004	33549	would	O
3004	33550	be	O
3004	33551	great	O
3004	33552	thanks	O
3004	33553	.	O
3005	33554	you	O
3005	33555	have	O
3005	33556	cracked	O
3005	33557	me	O
3005	33558	up	O
3005	33559	with	O
3005	33560	your	O
3005	33561	tweets	O
3005	33562	today	O
3005	33563	babe	O
3005	33564	.	O
3006	33565	Love	O
3006	33566	it	O
3006	33567	!!	O
3007	33568	X	O
3007	33569	Used	O
3007	33570	a	O
3007	33571	lot	O
3007	33572	of	O
3007	33573	Sellotape	MISC
3007	33574	today	O
3007	33575	:)	O
3008	33576	printing	O
3008	33577	on	O
3008	33578	Monday	O
3008	33579	;D	O
3009	33580	its	O
3009	33581	a	O
3009	33582	good	O
3009	33583	day	O
3009	33584	today	O
3009	33585	!	O
3010	33586	RT	O
3010	33587	SO	O
3010	33588	WHEN	O
3010	33589	I	O
3010	33590	GET	O
3010	33591	ON	O
3010	33592	106	O
3010	33593	N	O
3010	33594	JOKE	O
3010	33595	AROUND	O
3010	33596	YALL	O
3010	33597	TALK	O
3010	33598	ABOUT	O
3010	33599	ME	O
3010	33600	LIKE	O
3010	33601	A	O
3010	33602	DOG	O
3010	33603	SHAWTY	O
3010	33604	BUT	O
3010	33605	WHEN	O
3010	33606	I	O
3010	33607	BUY	O
3010	33608	30,000	O
3010	33609	WORTH	O
3010	33610	SCHOOL	O
3010	33611	SUPPLY	O
3010	33612	N	O
3010	33613	...	O
3011	33614	Last	O
3011	33615	video	O
3011	33616	today	O
3011	33617	,	O
3011	33618	I	O
3011	33619	promise	O
3011	33620	.	O
3012	33621	This	O
3012	33622	one	O
3012	33623	is	O
3012	33624	for	O
3012	33625	everyone	O
3012	33626	complaining	O
3012	33627	about	O
3012	33628	the	O
3012	33629	sword	O
3012	33630	lunge	O
3012	33631	being	O
3012	33632	gone	O
3012	33633	.	O
3013	33634	Sprint	O
3013	33635	!	O
3014	33636	right	O
3014	33637	.	O
3015	33638	Five	O
3015	33639	Star	O
3015	33640	Day	O
3015	33641	came	O
3015	33642	out	O
3015	33643	in	O
3015	33644	may	O
3015	33645	this	O
3015	33646	year	O
3015	33647	.	O
3016	33648	why	O
3016	33649	haven't	O
3016	33650	ANY	O
3016	33651	trailers	O
3016	33652	come	O
3016	33653	out	O
3016	33654	here	O
3016	33655	in	O
3016	33656	Scotland	LOCATION
3016	33657	yet	O
3016	33658	?	O
3017	33659	i've	O
3017	33660	waited	O
3017	33661	about	O
3017	33662	a	O
3017	33663	year	O
3017	33664	for	O
3017	33665	this	O
3017	33666	!	O
3018	33667	Oh	O
3018	33668	hi	O
3018	33669	,	O
3018	33670	I	O
3018	33671	swear	O
3018	33672	I	O
3018	33673	can	O
3018	33674	scroll	O
3018	33675	down	O
3018	33676	past	O
3018	33677	actual	O
3018	33678	text	O
3018	33679	on	O
3018	33680	a	O
3018	33681	page	O
3018	33682	.	O
3019	33683	I'll	O
3019	33684	definitely	O
3019	33685	pick	O
3019	33686	that	O
3019	33687	up	O
3019	33688	this	O
3019	33689	next	O
3019	33690	week	O
3019	33691	.	O
3020	33692	Thanks	O
3020	33693	.	O
3021	33694	:)	O
3022	33695	18	O
3022	33696	Sep	O
3022	33697	10	O
3022	33698	07:50	O
3022	33699	,	O
3022	33700	Speed	O
3022	33701	6.0	O
3023	33702	,	O
3023	33703	Gust	O
3023	33704	22.0	O
3024	33705	,	O
3024	33706	Lull	O
3024	33707	0.0	O
3025	33708	,	O
3025	33709	Dir	O
3025	33710	WNW	O
3025	33711	,	O
3025	33712	Temp	O
3025	33713	4.0	O
3026	33714	Happy	O
3026	33715	Birthday	O
3026	33716	JeA	PERSON
3026	33717	Unnie	PERSON
3026	33718	Have	O
3026	33719	lots	O
3026	33720	of	O
3026	33721	birthday	O
3026	33722	fun	O
3026	33723	May	O
3026	33724	your	O
3026	33725	birthday	O
3026	33726	wishes	O
3026	33727	all	O
3026	33728	come	O
3026	33729	true	O
3026	33730	luv	O
3026	33731	ya	O
3026	33732	&	O
3026	33733	take	O
3026	33734	care	O
3026	33735	:D	O
3027	33736	How	O
3027	33737	was	O
3027	33738	your	O
3027	33739	day	O
3027	33740	?	O
3028	33741	:)	O
3029	33742	day	O
3029	33743	Burl	O
3029	33744	Fish	O
3029	33745	Fathers	MISC
3029	33746	Day	MISC
3029	33747	Trip	O
3029	33748	Fathers	MISC
3029	33749	Day	MISC
3029	33750	Trip	O
3029	33751	.	O
3030	33752	So	O
3030	33753	the	O
3030	33754	fishing	O
3030	33755	has	O
3030	33756	been	O
3030	33757	super	O
3030	33758	good	O
3030	33759	this	O
3030	33760	summer	O
3030	33761	.	O
3031	33762	I'...	O
3032	33763	'RT	O
3032	33764	Good	O
3032	33765	Morning	O
3032	33766	!	O
3033	33767	Have	O
3033	33768	a	O
3033	33769	pleasant	O
3033	33770	and	O
3033	33771	happy	O
3033	33772	day	O
3033	33773	"!"""	O
3034	33774	Cowboy	O
3034	33775	fans	O
3034	33776	remember	O
3034	33777	when	O
3034	33778	Da	ORGANIZATION
3034	33779	Bears	ORGANIZATION
3034	33780	demolished	O
3034	33781	you	O
3034	33782	guys	O
3034	33783	44-0	O
3034	33784	in	O
3034	33785	your	O
3034	33786	own	O
3034	33787	home	O
3034	33788	in	O
3034	33789	1985	O
3034	33790	??	O
3035	33791	same	O
3035	33792	year	O
3035	33793	we	O
3035	33794	won	O
3035	33795	the	O
3035	33796	superbowl	O
3035	33797	!	O
3036	33798	When	O
3036	33799	you	O
3036	33800	judge	O
3036	33801	another	O
3036	33802	you	O
3036	33803	don't	O
3036	33804	define	O
3036	33805	them	O
3036	33806	,	O
3036	33807	you	O
3036	33808	define	O
3036	33809	yourself	O
3036	33810	.	O
3037	33811	~Wayne	PERSON
3037	33812	Dyer	PERSON
3037	33813	October	O
3037	33814	29th	O
3037	33815	forget	O
3037	33816	homework	O
3037	33817	,	O
3037	33818	kick	O
3037	33819	off	O
3037	33820	your	O
3037	33821	weekend	O
3037	33822	the	O
3037	33823	right	O
3037	33824	way	O
3037	33825	with	O
3037	33826	The	MISC
3037	33827	Weekend	MISC
3037	33828	Grind	MISC
3037	33829	from	O
3037	33830	8-10pm	O
3037	33831	tonight	O
3037	33832	!	O
3038	33833	2	O
3038	33834	MORE	O
3038	33835	WEEKS	O
3038	33836	!	O
3039	33837	XD	O
3039	33838	after	O
3039	33839	making	O
3039	33840	any	O
3039	33841	changes	O
3039	33842	to	O
3039	33843	an	O
3039	33844	avatar	O
3039	33845	whole	O
3039	33846	system	O
3039	33847	chugs	O
3039	33848	along	O
3039	33849	and	O
3039	33850	when	O
3039	33851	booting	O
3039	33852	up	O
3039	33853	a	O
3039	33854	game	O
3039	33855	it	O
3039	33856	freeze	O
3039	33857	the	O
3039	33858	system	O
3039	33859	up	O
3039	33860	.	O
3040	33861	250g	O
3040	33862	360-s	O
3040	33863	Music	O
3040	33864	&	O
3040	33865	More	O
3040	33866	Industry	O
3040	33867	Wednesday	O
3040	33868	-	O
3040	33869	Sep	O
3040	33870	23,201	O
3040	33871	0	O
3040	33872	"'"""	O
3040	33873	Two	O
3040	33874	ravens	O
3040	33875	in	O
3040	33876	the	O
3040	33877	old	O
3040	33878	oak	O
3040	33879	tree	O
3040	33880	And	O
3040	33881	one	O
3040	33882	for	O
3040	33883	you	O
3040	33884	and	O
3040	33885	one	O
3040	33886	for	O
3040	33887	me	O
3040	33888	And	O
3040	33889	bluebells	O
3040	33890	in	O
3040	33891	the	O
3040	33892	late	O
3040	33893	December	O
3040	33894	I	O
3040	33895	see	O
3040	33896	"..."""	O
3041	33897	Part	O
3041	33898	2	O
3041	33899	to	O
3041	33900	my	O
3041	33901	day	O
3041	33902	is	O
3041	33903	about	O
3041	33904	to	O
3041	33905	begin	O
3041	33906	....	O
3042	33907	hair	O
3042	33908	stylist	O
3042	33909	flow	O
3042	33910	...	O
3043	33911	'RT	O
3043	33912	Justin	PERSON
3043	33913	was	O
3043	33914	TOTALLY	O
3043	33915	prancing	O
3043	33916	around	O
3043	33917	the	O
3043	33918	room	O
3043	33919	when	O
3043	33920	he	O
3043	33921	saw	O
3043	33922	my	O
3043	33923	username	O
3043	33924	&	O
3043	33925	he	O
3043	33926	was	O
3043	33927	screaming	O
3043	33928	OMG	O
3043	33929	I	O
3043	33930	HAVE	O
3043	33931	A	O
3043	33932	TWITTER	ORGANIZATION
3043	33933	FOR	O
3043	33934	MA	O
3043	33935	...'	O
3044	33936	'Rickey	PERSON
3044	33937	Smiley	PERSON
3044	33938	had	O
3044	33939	me	O
3044	33940	laughing	O
3044	33941	all	O
3044	33942	day	O
3044	33943	today	O
3044	33944	.	O
3045	33945	Um	O
3045	33946	yes	O
3045	33947	,	O
3045	33948	Do	O
3045	33949	you	O
3045	33950	serve	O
3045	33951	boiled	O
3045	33952	rottweiler	O
3045	33953	lips	O
3045	33954	"?""'"	O
3046	33955	,	O
3046	33956	if	O
3046	33957	our	O
3046	33958	children	O
3046	33959	are	O
3046	33960	dressed	O
3046	33961	in	O
3046	33962	UT	ORGANIZATION
3046	33963	gear	O
3046	33964	tomorrow	O
3046	33965	,	O
3046	33966	you	O
3046	33967	will	O
3046	33968	be	O
3046	33969	sleeping	O
3046	33970	on	O
3046	33971	the	O
3046	33972	sofa	O
3046	33973	.	O
3047	33974	I	O
3047	33975	hate	O
3047	33976	that	O
3047	33977	mini	O
3047	33978	heart	O
3047	33979	attack	O
3047	33980	you	O
3047	33981	get	O
3047	33982	when	O
3047	33983	you	O
3047	33984	lose	O
3047	33985	your	O
3047	33986	phone	O
3047	33987	and	O
3047	33988	its	O
3047	33989	on	O
3047	33990	silent	O
3047	33991	nou	O
3047	33992	ze	O
3047	33993	is	O
3047	33994	al	O
3047	33995	een	O
3047	33996	week	O
3047	33997	best	O
3047	33998	wel	O
3047	33999	erg	O
3047	34000	ziek	O
3047	34001	,	O
3047	34002	echt	O
3047	34003	heel	O
3047	34004	zielig	O
3047	34005	!:	O
3048	34006	i	O
3048	34007	have	O
3048	34008	pride	O
3048	34009	in	O
3048	34010	myself	O
3048	34011	that	O
3048	34012	one	O
3048	34013	day	O
3048	34014	i	O
3048	34015	will	O
3048	34016	be	O
3048	34017	girl	O
3048	34018	of	O
3048	34019	the	O
3048	34020	week	O
3048	34021	and	O
3048	34022	u	O
3048	34023	have	O
3048	34024	pride	O
3048	34025	in	O
3048	34026	your	O
3048	34027	self	O
3048	34028	that	O
3048	34029	your	O
3048	34030	dream	O
3048	34031	will	O
3048	34032	come	O
3048	34033	true	O
3048	34034	ok	O
3048	34035	love	O
3048	34036	u	O
3048	34037	!	O
3049	34038	time	O
3049	34039	RT	O
3049	34040	He	MISC
3049	34041	's	MISC
3049	34042	Just	MISC
3049	34043	A	MISC
3049	34044	Boy	MISC
3049	34045	music	O
3049	34046	video	O
3049	34047	will	O
3049	34048	be	O
3049	34049	uploaded	O
3049	34050	on	O
3049	34051	to	O
3049	34052	you	ORGANIZATION
3049	34053	tube	ORGANIZATION
3049	34054	channel	O
3049	34055	today	O
3049	34056	5	O
3049	34057	pm	O
3049	34058	AEST	O
3049	34059	Sat	O
3049	34060	18th	O
3049	34061	Sept	O
3049	34062	,	O
3049	34063	...	O
3050	34064	RT	O
3050	34065	We	O
3050	34066	will	O
3050	34067	set	O
3050	34068	up	O
3050	34069	meet	O
3050	34070	and	O
3050	34071	greets	O
3050	34072	for	O
3050	34073	before	O
3050	34074	and	O
3050	34075	after	O
3050	34076	the	O
3050	34077	shows	O
3050	34078	.	O
3051	34079	So	O
3051	34080	everyone	O
3051	34081	will	O
3051	34082	get	O
3051	34083	autographs	O
3051	34084	and	O
3051	34085	pictures	O
3051	34086	...	O
3052	34087	yeah	O
3052	34088	you	O
3052	34089	will	O
3052	34090	.	O
3053	34091	you	O
3053	34092	gonna	O
3053	34093	mosh	O
3053	34094	tonight	O
3053	34095	?	O
3054	34096	Waiting	O
3054	34097	for	O
3054	34098	my	O
3054	34099	mom	O
3054	34100	to	O
3054	34101	fucken	O
3054	34102	pick	O
3054	34103	me	O
3054	34104	up	O
3054	34105	the	O
3054	34106	ganna	O
3054	34107	go	O
3054	34108	eat	O
3054	34109	after	O
3054	34110	off	O
3054	34111	to	O
3054	34112	garden	LOCATION
3054	34113	grove	LOCATION
3054	34114	The	LOCATION
3054	34115	Metro	LOCATION
3054	34116	Sept	O
3054	34117	26	O
3054	34118	Mannie	PERSON
3054	34119	Fresh	PERSON
3054	34120	and	O
3054	34121	Jermaine	PERSON
3054	34122	Dupri	PERSON
3054	34123	fa	O
3054	34124	da	O
3054	34125	after	O
3054	34126	party	O
3054	34127	,	O
3054	34128	holla	O
3054	34129	at	O
3054	34130	me	O
3054	34131	fa	O
3054	34132	ur	O
3054	34133	tickets	O
3054	34134	Justice	PERSON
3054	34135	Breyer	PERSON
3054	34136	's	O
3054	34137	About	O
3054	34138	Face	O
3054	34139	Koran-Burning	O
3054	34140	Is	O
3054	34141	Constitutionally	O
3054	34142	Protected	O
3054	34143	After	O
3054	34144	All	O
3054	34145	via	O
3054	34146	Atlas	MISC
3054	34147	Shrugs	MISC
3054	34148	New	O
3054	34149	Teeshirts	O
3054	34150	ordered	O
3054	34151	with	O
3054	34152	all	O
3054	34153	new	O
3054	34154	designs	O
3054	34155	...	O
3055	34156	I	O
3055	34157	hope	O
3055	34158	people	O
3055	34159	will	O
3055	34160	like	O
3055	34161	!	O
3056	34162	October	O
3056	34163	9th	O
3056	34164	2010	O
3056	34165	...	O
3057	34166	Remington	MISC
3057	34167	's	MISC
3057	34168	Annual	MISC
3057	34169	Octoberfest	MISC
3057	34170	!!	O
3058	34171	Dinner	O
3058	34172	tonight	O
3058	34173	Gnocchi	MISC
3058	34174	with	O
3058	34175	Italian	MISC
3058	34176	Sausage	MISC
3058	34177	,	O
3058	34178	Swiss	MISC
3058	34179	Chard	MISC
3058	34180	and	O
3058	34181	Ripe	O
3058	34182	Tomatoes	MISC
3058	34183	!	O
3059	34184	her	O
3059	34185	lips	O
3059	34186	,	O
3059	34187	her	O
3059	34188	lips	O
3059	34189	i	O
3059	34190	could	O
3059	34191	kiss	O
3059	34192	them	O
3059	34193	all	O
3059	34194	day	O
3059	34195	if	O
3059	34196	she'd	O
3059	34197	let	O
3059	34198	me	O
3059	34199	...	O
3060	34200	hahahaha	O
3060	34201	lol	O
3060	34202	sooooooooo	O
3060	34203	cute	O
3060	34204	3	O
3060	34205	RT	O
3060	34206	Sony/Bud	O
3060	34207	Light	O
3060	34208	3D	O
3060	34209	tailgate	O
3060	34210	parties	O
3060	34211	on	O
3060	34212	Saturday	O
3060	34213	-	O
3060	34214	Clemson	LOCATION
3060	34215	party	O
3060	34216	at	O
3060	34217	;	O
3060	34218	Auburn	LOCATION
3060	34219	party	O
3060	34220	at	O
3060	34221	.	O
3061	34222	...	O
3062	34223	cant	O
3062	34224	believe	O
3062	34225	im	O
3062	34226	going	O
3062	34227	to	O
3062	34228	have	O
3062	34229	to	O
3062	34230	get	O
3062	34231	up	O
3062	34232	at	O
3062	34233	half	O
3062	34234	8	O
3062	34235	on	O
3062	34236	sunday	O
3062	34237	:(	O
3063	34238	ahhhhh	O
3063	34239	.	O
3064	34240	should	O
3064	34241	be	O
3064	34242	a	O
3064	34243	laugh	O
3064	34244	though	O
3064	34245	:)	O
3065	34246	how	O
3065	34247	's	O
3065	34248	ur	O
3065	34249	day	O
3065	34250	going	O
3065	34251	?	O
3066	34252	ok	O
3066	34253	,	O
3066	34254	starting	O
3066	34255	BIG	O
3066	34256	crash	O
3066	34257	diet	O
3066	34258	this	O
3066	34259	week	O
3066	34260	,	O
3066	34261	just	O
3066	34262	getting	O
3066	34263	an	O
3066	34264	exercise	O
3066	34265	bike	O
3066	34266	now	O
3066	34267	&	O
3066	34268	I	O
3066	34269	will	O
3066	34270	be	O
3066	34271	at	O
3066	34272	least	O
3066	34273	2	O
3066	34274	dress	O
3066	34275	sizes	O
3066	34276	smaller	O
3066	34277	by	O
3066	34278	New	O
3066	34279	year	O
3066	34280	!	O
3067	34281	Love	O
3067	34282	her	O
3067	34283	.	O
3068	34284	She`s	O
3068	34285	a	O
3068	34286	sweetie	O
3068	34287	when	O
3068	34288	she`s	O
3068	34289	in	O
3068	34290	a	O
3068	34291	good	O
3068	34292	mood	O
3068	34293	.	O
3069	34294	Lol	O
3069	34295	.	O
3070	34296	Bio	MISC
3070	34297	Spot	MISC
3070	34298	6	O
3070	34299	Month	O
3070	34300	Spot	O
3070	34301	On	O
3070	34302	Flea	O
3070	34303	&	O
3070	34304	Tick	O
3070	34305	Cats	O
3070	34306	5	O
3070	34307	lbs	O
3070	34308	&	O
3070	34309	Over	O
3070	34310	2	O
3070	34311	weeks	O
3070	34312	until	O
3070	34313	.	O
3071	34314	Am	O
3071	34315	I	O
3071	34316	excited	O
3071	34317	?	O
3072	34318	YOU	O
3072	34319	BET	O
3072	34320	:D	O
3073	34321	RT	O
3073	34322	if	O
3073	34323	you	O
3073	34324	think	O
3073	34325	that	O
3073	34326	is	O
3073	34327	sexy	O
3073	34328	but	O
3073	34329	at	O
3073	34330	the	O
3073	34331	same	O
3073	34332	time	O
3073	34333	very	O
3073	34334	talented	O
3073	34335	3	O
3073	34336	Looking	O
3073	34337	to	O
3073	34338	list	O
3073	34339	another	O
3073	34340	property	O
3073	34341	tomorrow	O
3073	34342	in	O
3073	34343	Greenville	LOCATION
3073	34344	,	O
3073	34345	OH	LOCATION
3073	34346	On	O
3073	34347	my	O
3073	34348	way	O
3073	34349	to	O
3073	34350	my	O
3073	34351	grandparents	O
3073	34352	.	O
3074	34353	And	O
3074	34354	after	O
3074	34355	a	O
3074	34356	good	O
3074	34357	nights	O
3074	34358	sleep	O
3074	34359	i	O
3074	34360	head	O
3074	34361	to	O
3074	34362	the	O
3074	34363	Tournament	MISC
3074	34364	of	MISC
3074	34365	Champions	MISC
3074	34366	!!!!!!!	O
3075	34367	Super	O
3075	34368	excited	O
3075	34369	RT	O
3075	34370	Playing	O
3075	34371	the	O
3075	34372	world	O
3075	34373	exclusive	O
3075	34374	of	O
3075	34375	remix	O
3075	34376	of	O
3075	34377	-	O
3075	34378	Miami	MISC
3075	34379	2	MISC
3075	34380	Ibiza	MISC
3075	34381	on	O
3075	34382	the	O
3075	34383	show	O
3075	34384	tonight	O
3075	34385	.	O
3076	34386	Tune	O
3076	34387	i	O
3076	34388	...	O
3077	34389	like	O
3077	34390	after	O
3077	34391	I	O
3077	34392	download	O
3077	34393	a	O
3077	34394	PSD	O
3077	34395	from	O
3077	34396	CherryPSDs	O
3077	34397	what	O
3077	34398	do	O
3077	34399	I	O
3077	34400	do	O
3077	34401	?!	O
3078	34402	do	O
3078	34403	you	O
3078	34404	have	O
3078	34405	any	O
3078	34406	new	O
3078	34407	kasha	O
3078	34408	this	O
3078	34409	week	O
3078	34410	?	O
3079	34411	yea	O
3079	34412	yea	O
3079	34413	yea	O
3079	34414	...	O
3080	34415	How	O
3080	34416	was	O
3080	34417	your	O
3080	34418	day	O
3080	34419	?	O
3081	34420	RT	O
3081	34421	Lindsay	PERSON
3081	34422	Lohan	PERSON
3081	34423	tested	O
3081	34424	positive	O
3081	34425	for	O
3081	34426	cocaine	O
3081	34427	last	O
3081	34428	week	O
3081	34429	and	O
3081	34430	that	O
3081	34431	is	O
3081	34432	why	O
3081	34433	she	O
3081	34434	failed	O
3081	34435	her	O
3081	34436	drug	O
3081	34437	test	O
3081	34438	...	O
3082	34439	sources	O
3082	34440	tell	O
3082	34441	TMZ	ORGANIZATION
3082	34442	....	O
3083	34443	...	O
3084	34444	'MUSIC	O
3084	34445	CHOICE	O
3084	34446	JUST	O
3084	34447	HIT	O
3084	34448	ME	O
3084	34449	SO	O
3084	34450	IF	O
3084	34451	YOU	O
3084	34452	ON	O
3084	34453	DEMAND	O
3084	34454	TONITE	O
3084	34455	GOTTA	MISC
3084	34456	BODY	MISC
3084	34457	MUST	O
3084	34458	LISTEN	O
3084	34459	FREEKEY	O
3084	34460	ZEKEY	O
3084	34461	FT	O
3084	34462	JIM	PERSON
3084	34463	JONES	PERSON
3084	34464	Who	O
3084	34465	's	O
3084	34466	going	O
3084	34467	to	O
3084	34468	be	O
3084	34469	Club	O
3084	34470	Champ	O
3084	34471	this	O
3084	34472	year	O
3084	34473	??	O
3085	34474	I'm	O
3085	34475	mad	O
3085	34476	coach	O
3085	34477	d	O
3085	34478	want	O
3085	34479	me	O
3085	34480	to	O
3085	34481	go	O
3085	34482	to	O
3085	34483	workouts	O
3085	34484	at	O
3085	34485	9am	O
3085	34486	tomorrow	O
3085	34487	and	O
3085	34488	I	O
3085	34489	can't	O
3085	34490	even	O
3085	34491	play	O
3085	34492	work	O
3085	34493	both	O
3085	34494	days	O
3085	34495	.	O
3086	34496	I'm	O
3086	34497	not	O
3086	34498	stressed	O
3086	34499	.	O
3087	34500	Will	O
3087	34501	send	O
3087	34502	photos	O
3087	34503	of	O
3087	34504	the	O
3087	34505	view	O
3087	34506	later	O
3087	34507	.	O
3088	34508	arrived	O
3088	34509	at	O
3088	34510	my	O
3088	34511	school	O
3088	34512	today	O
3088	34513	LOOOK	O
3088	34514	please	O
3088	34515	39	O
3088	34516	Im	O
3088	34517	performing	O
3088	34518	tonight	O
3088	34519	at	O
3088	34520	8	O
3088	34521	Bond	O
3088	34522	Street	O
3088	34523	in	O
3088	34524	Soho	LOCATION
3088	34525	.	O
3089	34526	If	O
3089	34527	your	O
3089	34528	in	O
3089	34529	the	O
3089	34530	city	O
3089	34531	,	O
3089	34532	hit	O
3089	34533	me	O
3089	34534	up	O
3089	34535	,	O
3089	34536	and	O
3089	34537	then	O
3089	34538	swing	O
3089	34539	through	O
3089	34540	around	O
3089	34541	10ish	O
3089	34542	!	O
3090	34543	gosh	O
3090	34544	...	O
3091	34545	lots	O
3091	34546	that	O
3091	34547	i	O
3091	34548	dont	O
3091	34549	tweet	O
3091	34550	about	O
3091	34551	.	O
3092	34552	tough	O
3092	34553	few	O
3092	34554	days	O
3092	34555	.	O
3093	34556	but	O
3093	34557	things	O
3093	34558	happen	O
3093	34559	for	O
3093	34560	a	O
3093	34561	reason	O
3093	34562	and	O
3093	34563	life	O
3093	34564	goes	O
3093	34565	on	O
3093	34566	:)	O
3094	34567	I	O
3094	34568	hope	O
3094	34569	youve	O
3094	34570	been	O
3094	34571	well	O
3094	34572	.	O
3095	34573	When	O
3095	34574	I	O
3095	34575	said	O
3095	34576	good	O
3095	34577	night	O
3095	34578	,	O
3095	34579	I	O
3095	34580	ended	O
3095	34581	up	O
3095	34582	watching	O
3095	34583	movies	O
3095	34584	on	O
3095	34585	my	O
3095	34586	laptop	O
3095	34587	.	O
3096	34588	Yep	O
3096	34589	.	O
3097	34590	No	O
3097	34591	sleep	O
3097	34592	again	O
3097	34593	.	O
3098	34594	Time	O
3098	34595	to	O
3098	34596	take	O
3098	34597	a	O
3098	34598	bath	O
3098	34599	now	O
3098	34600	!	O
3099	34601	It	O
3099	34602	's	O
3099	34603	gonna	O
3099	34604	be	O
3099	34605	a	O
3099	34606	looong	O
3099	34607	day	O
3099	34608	.	O
3100	34609	MITE	O
3100	34610	SLEEP	O
3100	34611	IN	O
3100	34612	MY	O
3100	34613	LIVINGROOM	O
3100	34614	AINT	O
3100	34615	DONE	O
3100	34616	THAT	O
3100	34617	FOR	O
3100	34618	TIME	O
3100	34619	!	O
3101	34620	CT/Rad	O
3101	34621	Tech	O
3101	34622	-	O
3101	34623	PRN	O
3101	34624	TX-Fort	O
3101	34625	Worth	O
3101	34626	,	O
3101	34627	When	O
3101	34628	physicians	O
3101	34629	own	O
3101	34630	the	O
3101	34631	hospital	O
3101	34632	,	O
3101	34633	the	O
3101	34634	latest	O
3101	34635	advances	O
3101	34636	in	O
3101	34637	medical	O
3101	34638	s	O
3101	34639	...	O
3102	34640	After	O
3102	34641	a	O
3102	34642	great	O
3102	34643	two	O
3102	34644	days	O
3102	34645	of	O
3102	34646	meetings	O
3102	34647	with	O
3102	34648	Houston	LOCATION
3102	34649	,	O
3102	34650	Fes	PERSON
3102	34651	is	O
3102	34652	back	O
3102	34653	in	O
3102	34654	Salt	LOCATION
3102	34655	Lake	LOCATION
3102	34656	.	O
3103	34657	Haha	O
3103	34658	I'm	O
3103	34659	watching	O
3103	34660	it	O
3103	34661	too	O
3103	34662	now	O
3103	34663	and	O
3103	34664	not	O
3103	34665	for	O
3103	34666	the	O
3103	34667	first	O
3103	34668	time	O
3103	34669	,	O
3103	34670	I	O
3103	34671	love	O
3103	34672	that	O
3103	34673	programme	O
3103	34674	:D	O
3104	34675	HAPPY	O
3104	34676	FRIDAY	O
3104	34677	!	O
3105	34678	~madi	O
3105	34679	Tuesday-Fight	O
3105	34680	Night	O
3105	34681	,	O
3105	34682	Wednesday-MvC3	O
3105	34683	Fight	LOCATION
3105	34684	Club	LOCATION
3105	34685	in	O
3105	34686	Chicago	LOCATION
3105	34687	.	O
3106	34688	Pringles	MISC
3106	34689	,	O
3106	34690	baby	O
3106	34691	!	O
3107	34692	Hope	O
3107	34693	you	O
3107	34694	get	O
3107	34695	better	O
3107	34696	by	O
3107	34697	then	O
3107	34698	!	O
3108	34699	I'm	O
3108	34700	making	O
3108	34701	Thai	O
3108	34702	food	O
3108	34703	tonight	O
3108	34704	My	O
3108	34705	age	O
3108	34706	is	O
3108	34707	470	O
3108	34708	days	O
3108	34709	13	O
3108	34710	hours	O
3108	34711	18	O
3108	34712	minutes	O
3108	34713	9	O
3108	34714	seconds	O
3108	34715	.	O
3109	34716	Find	O
3109	34717	out	O
3109	34718	yours	O
3109	34719	at	O
3109	34720	been	O
3109	34721	reading	O
3109	34722	shit	O
3109	34723	about	O
3109	34724	ppl	O
3109	34725	have'n	O
3109	34726	neon	O
3109	34727	shit	O
3109	34728	and	O
3109	34729	black'n	O
3109	34730	out	O
3109	34731	after	O
3109	34732	a	O
3109	34733	night	O
3109	34734	of	O
3109	34735	lol	O
3109	34736	iown	O
3109	34737	kno	O
3109	34738	if	O
3109	34739	I	O
3109	34740	can	O
3109	34741	trust	O
3109	34742	it	O
3109	34743	lol	O
3109	34744	CCU	MISC
3109	34745	exercise	O
3109	34746	science	O
3109	34747	program	O
3109	34748	participates	O
3109	34749	in	O
3109	34750	national	O
3109	34751	Walk	MISC
3109	34752	at	MISC
3109	34753	Work	MISC
3109	34754	Day	MISC
3109	34755	'Do	O
3109	34756	it	O
3109	34757	footsoldiers	O
3109	34758	!	O
3110	34759	RT	O
3110	34760	And	O
3110	34761	speaking	O
3110	34762	of	O
3110	34763	rule	O
3110	34764	tonite	O
3110	34765	running	MISC
3110	34766	wit	MISC
3110	34767	mjd	MISC
3110	34768	will	O
3110	34769	be	O
3110	34770	on	O
3110	34771	live	O
3110	34772	from	O
3110	34773	7-	O
3110	34774	9pm	O
3110	34775	eastern	O
3110	34776	sirius	ORGANIZATION
3110	34777	211	O
3110	34778	.	O
3111	34779	Xm	O
3111	34780	147'	O
3111	34781	Awesome	O
3111	34782	!	O
3112	34783	First	O
3112	34784	episode	O
3112	34785	goes	O
3112	34786	up	O
3112	34787	two	O
3112	34788	weeks	O
3112	34789	from	O
3112	34790	Monday	O
3112	34791	.	O
3113	34792	Hope	O
3113	34793	it	O
3113	34794	meets	O
3113	34795	your	O
3113	34796	expectations	O
3113	34797	.	O
3114	34798	just	O
3114	34799	whooped	O
3114	34800	st	O
3114	34801	.	O
3115	34802	francis	O
3115	34803	preps	O
3115	34804	asssss	O
3115	34805	.	O
3116	34806	and	O
3116	34807	i	O
3116	34808	scored	O
3116	34809	a	O
3116	34810	goal	O
3116	34811	:)	O
3117	34812	and	O
3117	34813	its	O
3117	34814	friday	O
3117	34815	.	O
3118	34816	and	O
3118	34817	i	O
3118	34818	have	O
3118	34819	no	O
3118	34820	homeworkkk	O
3118	34821	.	O
3119	34822	SICK	O
3119	34823	LIFEEEE	O
3119	34824	RT	O
3119	34825	in	O
3119	34826	december	O
3119	34827	drinking	O
3119	34828	horchata	O
3119	34829	,	O
3119	34830	I'd	O
3119	34831	look	O
3119	34832	psychotic	O
3119	34833	in	O
3119	34834	a	O
3119	34835	balaclava	O
3119	34836	8	O
3119	34837	No	O
3119	34838	...	O
3120	34839	I'll	O
3120	34840	try	O
3120	34841	not	O
3120	34842	too	O
3120	34843	.	O
3121	34844	I've	O
3121	34845	missed	O
3121	34846	too	O
3121	34847	many	O
3121	34848	days	O
3121	34849	already	O
3121	34850	...	O
3122	34851	'Listen	O
3122	34852	to	O
3122	34853	my	O
3122	34854	new	O
3122	34855	freestyle	O
3122	34856	September	O
3122	34857	Freestyle	O
3122	34858	""".."	O
3123	34859	make	O
3123	34860	sure	O
3123	34861	you	O
3123	34862	give	O
3123	34863	me	O
3123	34864	feedback	O
3123	34865	on	O
3123	34866	that	O
3123	34867	...'	O
3124	34868	it	O
3124	34869	came	O
3124	34870	just	O
3124	34871	in	O
3124	34872	time	O
3124	34873	.	O
3125	34874	And	O
3125	34875	how	O
3125	34876	you	O
3125	34877	been	O
3125	34878	.	O
3126	34879	How	O
3126	34880	's	O
3126	34881	work	O
3126	34882	coming	O
3126	34883	along	O
3126	34884	??	O
3127	34885	to	O
3127	34886	my	O
3127	34887	baby	O
3127	34888	it	O
3127	34889	will	O
3127	34890	be	O
3127	34891	3	O
3127	34892	months	O
3127	34893	in	O
3127	34894	a	O
3127	34895	couple	O
3127	34896	days	O
3127	34897	RT	O
3127	34898	Okaaay	O
3127	34899	!	O
3128	34900	RT	O
3128	34901	Want	O
3128	34902	a	O
3128	34903	chance	O
3128	34904	2	O
3128	34905	meet	O
3128	34906	Boris	PERSON
3128	34907	Kodjoe	PERSON
3128	34908	?	O
3129	34909	He'll	O
3129	34910	be	O
3129	34911	in	O
3129	34912	NYC	LOCATION
3129	34913	for	O
3129	34914	a	O
3129	34915	meet	O
3129	34916	n	O
3129	34917	greet	O
3129	34918	next	O
3129	34919	Wednesday	O
3129	34920	!	O
3130	34921	http	O
3130	34922	...	O
3131	34923	Its	O
3131	34924	clear	O
3131	34925	and	O
3131	34926	104&xB0	O
3131	34927	;	O
3131	34928	F	O
3131	34929	-	O
3131	34930	Humidity	O
3131	34931	7&x25	O
3131	34932	;	O
3131	34933	25	O
3131	34934	-	O
3131	34935	Dew	O
3131	34936	Pnt	O
3131	34937	28&xB0	O
3131	34938	;	O
3131	34939	F	O
3131	34940	-	O
3131	34941	Wind	O
3131	34942	WNW	O
3131	34943	at	O
3131	34944	9mph	O
3131	34945	-	O
3131	34946	Rain	O
3131	34947	so	O
3131	34948	far	O
3131	34949	today	O
3131	34950	0.00	O
3132	34951	-	O
3132	34952	Heyy	O
3132	34953	,	O
3132	34954	how	O
3132	34955	are	O
3132	34956	u	O
3132	34957	today	O
3132	34958	?	O
3133	34959	;)	O
3134	34960	follow	O
3134	34961	4	O
3134	34962	follow	O
3134	34963	?	O
3135	34964	Radio	O
3135	34965	Ga	O
3135	34966	Ga	O
3135	34967	Collector	O
3135	34968	fills	O
3135	34969	his	O
3135	34970	house	O
3135	34971	with	O
3135	34972	1,200	O
3135	34973	radio	O
3135	34974	sets	O
3135	34975	spanning	O
3135	34976	more	O
3135	34977	than	O
3135	34978	100	O
3135	34979	years	O
3135	34980	It	O
3135	34981	makes	O
3135	34982	me	O
3135	34983	when	O
3135	34984	I	O
3135	34985	c	O
3135	34986	retweet	O
3135	34987	her	O
3135	34988	crock	O
3135	34989	of	O
3135	34990	shyt	O
3135	34991	disguised	O
3135	34992	as	O
3135	34993	a	O
3135	34994	tweet	O
3135	34995	lol	O
3135	34996	can	O
3135	34997	you	O
3135	34998	follow	O
3135	34999	me	O
3135	35000	pretty	O
3135	35001	please	O
3135	35002	.	O
3136	35003	that	O
3136	35004	would	O
3136	35005	make	O
3136	35006	my	O
3136	35007	day	O
3136	35008	.	O
3137	35009	Peace	O
3137	35010	!	O
3138	35011	I	O
3138	35012	get	O
3138	35013	high	O
3138	35014	with	O
3138	35015	love	O
3138	35016	when	O
3138	35017	I'm	O
3138	35018	helping	O
3138	35019	and	O
3138	35020	being	O
3138	35021	of	O
3138	35022	service	O
3138	35023	to	O
3138	35024	you	O
3138	35025	.	O
3139	35026	Thank	O
3139	35027	you	O
3139	35028	for	O
3139	35029	allowing	O
3139	35030	.	O
3140	35031	Dems	MISC
3140	35032	to	O
3140	35033	voters	O
3140	35034	You	O
3140	35035	may	O
3140	35036	hate	O
3140	35037	us	O
3140	35038	,	O
3140	35039	but	O
3140	35040	GOP	MISC
3140	35041	is	O
3140	35042	worse	O
3140	35043	AP	MISC
3140	35044	Yahoo	ORGANIZATION
3140	35045	!	O
3141	35046	Share	O
3141	35047	With	O
3141	35048	Friends	O
3141	35049	|	O
3141	35050	Latest	O
3141	35051	Top	O
3141	35052	Ne	O
3141	35053	...	O
3142	35054	Social	O
3142	35055	networking	O
3142	35056	site	O
3142	35057	Facebook	ORGANIZATION
3142	35058	officially	O
3142	35059	has	O
3142	35060	500	O
3142	35061	million	O
3142	35062	users	O
3142	35063	,	O
3142	35064	the	O
3142	35065	company	O
3142	35066	announced	O
3142	35067	21	O
3142	35068	July	O
3142	35069	Gak	O
3142	35070	bobok	O
3142	35071	lg	O
3142	35072	aja	O
3142	35073	?	O
3143	35074	:D	O
3144	35075	RT	O
3144	35076	Knp	O
3144	35077	may	O
3144	35078	?	O
3145	35079	Ayo	O
3145	35080	bangun	O
3145	35081	yok	O
3145	35082	,	O
3145	35083	kita	O
3145	35084	lari2	O
3145	35085	biar	O
3145	35086	ga	O
3145	35087	sedih	O
3145	35088	:D	O
3146	35089	RT	O
3146	35090	Ya	O
3146	35091	Allah	O
3146	35092	..	O
3147	35093	pgn	O
3147	35094	nangis	O
3147	35095	..	O
3148	35096	My	O
3148	35097	age	O
3148	35098	is	O
3148	35099	538	O
3148	35100	days	O
3148	35101	13	O
3148	35102	hours	O
3148	35103	14	O
3148	35104	minutes	O
3148	35105	38	O
3148	35106	seconds	O
3148	35107	.	O
3149	35108	Find	O
3149	35109	out	O
3149	35110	yours	O
3149	35111	at	O
3149	35112	Lohan	PERSON
3149	35113	Failed	O
3149	35114	A	O
3149	35115	Drug	O
3149	35116	Test	O
3149	35117	Lindsay	PERSON
3149	35118	Lohan	PERSON
3149	35119	may	O
3149	35120	be	O
3149	35121	in	O
3149	35122	trouble	O
3149	35123	once	O
3149	35124	again	O
3149	35125	.	O
3150	35126	The	O
3150	35127	actress	O
3150	35128	,	O
3150	35129	who	O
3150	35130	recently	O
3150	35131	completed	O
3150	35132	a	O
3150	35133	stint	O
3150	35134	...	O
3151	35135	How	O
3151	35136	is	O
3151	35137	it	O
3151	35138	that	O
3151	35139	the	O
3151	35140	same	O
3151	35141	ppl	O
3151	35142	who	O
3151	35143	complain	O
3151	35144	about	O
3151	35145	crime	O
3151	35146	and	O
3151	35147	potholes	O
3151	35148	r	O
3151	35149	outraged	O
3151	35150	the	O
3151	35151	idea	O
3151	35152	of	O
3151	35153	paying	O
3151	35154	an	O
3151	35155	extra	O
3151	35156	$2/month	O
3151	35157	to	O
3151	35158	improve	O
3151	35159	those	O
3151	35160	things	O
3151	35161	?	O
3152	35162	love	O
3152	35163	it	O
3152	35164	when	O
3152	35165	people	O
3152	35166	can	O
3152	35167	find	O
3152	35168	good	O
3152	35169	in	O
3152	35170	a	O
3152	35171	bad	O
3152	35172	situation	O
3152	35173	.	O
3153	35174	Thanks	O
3153	35175	for	O
3153	35176	being	O
3153	35177	an	O
3153	35178	inspiration	O
3153	35179	to	O
3153	35180	me	O
3153	35181	again	O
3153	35182	.	O
3154	35183	:)	O
3155	35184	datjayycarterkidd	O
3155	35185	asked	O
3155	35186	omg	O
3155	35187	hey	O
3155	35188	sir	O
3155	35189	??	O
3156	35190	omg	O
3156	35191	what	O
3156	35192	color	O
3156	35193	are	O
3156	35194	oyu	O
3156	35195	eyes	O
3156	35196	??	O
3157	35197	hit	O
3157	35198	up	O
3157	35199	the	O
3157	35200	ask	O
3157	35201	box	O
3157	35202	when	O
3157	35203	you	O
3157	35204	can	O
3157	35205	!!	O
3158	35206	I	O
3158	35207	pray	O
3158	35208	an	O
3158	35209	give	O
3158	35210	God	PERSON
3158	35211	glory	O
3158	35212	even	O
3158	35213	when	O
3158	35214	im	O
3158	35215	in	O
3158	35216	pain	O
3158	35217	,	O
3158	35218	hurting	O
3158	35219	,	O
3158	35220	or	O
3158	35221	crying	O
3158	35222	.	O
3159	35223	24/7	O
3159	35224	God	PERSON
3159	35225	is	O
3159	35226	great	O
3159	35227	!!!	O
3160	35228	RT	O
3160	35229	or	O
3160	35230	leggings	O
3160	35231	tonight	O
3160	35232	"??"""	O
3161	35233	Leggings	O
3161	35234	.	O
3162	35235	It	O
3162	35236	's	O
3162	35237	sumthin	O
3162	35238	bout	O
3162	35239	em	O
3162	35240	I	O
3162	35241	like	O
3162	35242	on	O
3162	35243	a	O
3162	35244	woman	O
3162	35245	...	O
3163	35246	cuz	O
3163	35247	u	O
3163	35248	can	O
3163	35249	c	O
3163	35250	da	O
3163	35251	cameltoe	O
3163	35252	that	O
3163	35253	's	O
3163	35254	why	O
3163	35255	..	O
3164	35256	lol	O
3164	35257	I'm	O
3164	35258	not	O
3164	35259	even	O
3164	35260	tired	O
3164	35261	but	O
3164	35262	i	O
3164	35263	have	O
3164	35264	to	O
3164	35265	go	O
3164	35266	to	O
3164	35267	sleep	O
3164	35268	or	O
3164	35269	i	O
3164	35270	will	O
3164	35271	be	O
3164	35272	like	O
3164	35273	a	O
3164	35274	zombie	O
3164	35275	at	O
3164	35276	work	O
3164	35277	tomorrow	O
3164	35278	RT	O
3164	35279	R	O
3164	35280	E	O
3164	35281	T	O
3164	35282	W	O
3164	35283	E	O
3164	35284	E	O
3164	35285	T	O
3164	35286	if	O
3164	35287	you	O
3164	35288	stare	O
3164	35289	at	O
3164	35290	the	O
3164	35291	same	O
3164	35292	text	O
3164	35293	for	O
3164	35294	a	O
3164	35295	long	O
3164	35296	time	O
3164	35297	because	O
3164	35298	you	O
3164	35299	can't	O
3164	35300	figure	O
3164	35301	out	O
3164	35302	how	O
3164	35303	to	O
3164	35304	reply	O
3164	35305	to	O
3164	35306	it	O
3164	35307	meet	O
3164	35308	the	O
3164	35309	luckiest	O
3164	35310	guy	O
3164	35311	in	O
3164	35312	america	LOCATION
3164	35313	...	O
3165	35314	soooo	O
3165	35315	jealous	O
3165	35316	!:	O
3166	35317	RTvincewelch	O
3166	35318	My	O
3166	35319	1st	O
3166	35320	trip	O
3166	35321	to	O
3166	35322	Fenway	LOCATION
3166	35323	tonight	O
3166	35324	iiqht	O
3166	35325	im	O
3166	35326	bout	O
3166	35327	to	O
3166	35328	look	O
3166	35329	into	O
3166	35330	sunday	O
3166	35331	for	O
3166	35332	..	O
3167	35333	jason	PERSON
3167	35334	,	O
3167	35335	coming	O
3167	35336	to	O
3167	35337	see	O
3167	35338	you	O
3167	35339	at	O
3167	35340	Newcastle-Upon-Tyne	LOCATION
3167	35341	in	O
3167	35342	Feb	O
3167	35343	,	O
3167	35344	cant	O
3167	35345	wait	O
3167	35346	!!	O
3168	35347	How	O
3168	35348	are	O
3168	35349	you	O
3168	35350	?	O
3169	35351	xx	O
3169	35352	First-time	O
3169	35353	commenters	O
3169	35354	automatically	O
3169	35355	go	O
3169	35356	to	O
3169	35357	moderation	O
3169	35358	,	O
3169	35359	so	O
3169	35360	I'll	O
3169	35361	need	O
3169	35362	to	O
3169	35363	publish	O
3169	35364	it	O
3169	35365	by	O
3169	35366	hand	O
3169	35367	,	O
3169	35368	but	O
3169	35369	I'm	O
3169	35370	watching	O
3169	35371	for	O
3169	35372	it	O
3169	35373	.	O
3170	35374	i	O
3170	35375	didnt	O
3170	35376	know	O
3170	35377	people	O
3170	35378	were	O
3170	35379	so	O
3170	35380	out	O
3170	35381	of	O
3170	35382	touch	O
3170	35383	.	O
3171	35384	before	O
3171	35385	debates	O
3171	35386	im	O
3171	35387	just	O
3171	35388	gonna	O
3171	35389	start	O
3171	35390	asking	O
3171	35391	questions	O
3171	35392	about	O
3171	35393	where	O
3171	35394	they	O
3171	35395	got	O
3171	35396	their	O
3171	35397	info	O
3171	35398	first	O
3171	35399	is	O
3171	35400	up	O
3171	35401	and	O
3171	35402	ready	O
3171	35403	for	O
3171	35404	his	O
3171	35405	last	O
3171	35406	day	O
3171	35407	on	O
3171	35408	the	O
3171	35409	punt	O
3171	35410	until	O
3171	35411	Stakes	MISC
3171	35412	Day	MISC
3171	35413	...	O
3172	35414	nothing	O
3172	35415	man	O
3172	35416	.	O
3173	35417	Tryna	O
3173	35418	see	O
3173	35419	was	O
3173	35420	good	O
3173	35421	for	O
3173	35422	today	O
3173	35423	.	O
3174	35424	Was	O
3174	35425	good	O
3174	35426	with	O
3174	35427	you	O
3174	35428	?	O
3175	35429	So	O
3175	35430	apperently	O
3175	35431	there	O
3175	35432	is	O
3175	35433	a	O
3175	35434	dance	O
3175	35435	and	O
3175	35436	game	O
3175	35437	tonight	O
3175	35438	.....	O
3176	35439	I	O
3176	35440	wonder	O
3176	35441	if	O
3176	35442	kierra	O
3176	35443	will	O
3176	35444	go	O
3176	35445	with	O
3176	35446	me	O
3176	35447	-hinthint-	O
3176	35448	I	O
3176	35449	hope	O
3176	35450	she	O
3176	35451	gets	O
3176	35452	this	O
3176	35453	to	O
3176	35454	her	O
3176	35455	phone	O
3176	35456	e_e	O
3176	35457	I	O
3176	35458	don't	O
3176	35459	know	O
3176	35460	what	O
3176	35461	criteria	O
3176	35462	does	O
3176	35463	MTV	ORGANIZATION
3176	35464	use	O
3176	35465	to	O
3176	35466	give	O
3176	35467	music	O
3176	35468	awards	O
3176	35469	these	O
3176	35470	days	O
3176	35471	.	O
3177	35472	'I	O
3177	35473	just	O
3177	35474	took	O
3177	35475	After	O
3177	35476	getting	O
3177	35477	trampled	O
3177	35478	at	O
3177	35479	a	O
3177	35480	Justin	PERSON
3177	35481	Bieber	PERSON
3177	35482	concert	O
3177	35483	,	O
3177	35484	yoiu	O
3177	35485	wake	O
3177	35486	up	O
3177	35487	and	O
3177	35488	find	O
3177	35489	J	O
3177	35490	"..."""	O
3178	35491	and	O
3178	35492	got	O
3178	35493	part	O
3178	35494	5	O
3178	35495	:)	O
3179	35496	!	O
3180	35497	Try	O
3180	35498	it	O
3180	35499	as	O
3180	35500	a	O
3180	35501	personal	O
3180	35502	experience	O
3180	35503	,	O
3180	35504	I	O
3180	35505	can	O
3180	35506	tell	O
3180	35507	that	O
3180	35508	it	O
3180	35509	takes	O
3180	35510	a	O
3180	35511	day	O
3180	35512	before	O
3180	35513	you	O
3180	35514	can	O
3180	35515	form	O
3180	35516	hypotheses	O
3180	35517	.	O
3181	35518	Many	O
3181	35519	don't	O
3181	35520	even	O
3181	35521	get	O
3181	35522	that	O
3181	35523	far	O
3181	35524	created	O
3181	35525	some	O
3181	35526	great	O
3181	35527	rum	O
3181	35528	based	O
3181	35529	sig	O
3181	35530	cocktails	O
3181	35531	for	O
3181	35532	a	O
3181	35533	tasting	O
3181	35534	today	O
3181	35535	Figgy	MISC
3181	35536	Soda	MISC
3181	35537	w/	O
3181	35538	a	O
3181	35539	fresh	O
3181	35540	fig	O
3181	35541	puree	O
3181	35542	&	O
3181	35543	Rose	MISC
3181	35544	Press	MISC
3181	35545	w/	O
3181	35546	rose	O
3181	35547	water	O
3181	35548	&	O
3181	35549	edible	O
3181	35550	flowers	O
3181	35551	1	O
3181	35552	MO	O
3181	35553	DAY	O
3181	35554	TO	O
3181	35555	GO	O
3181	35556	4v4	O
3181	35557	!	O
3182	35558	Today	O
3182	35559	BIackMaglc	O
3182	35560	'krtgrphr	O
3182	35561	it	O
3182	35562	was	O
3182	35563	Oo	O
3182	35564	Harii	O
3182	35565	once	O
3182	35566	upon	O
3182	35567	a	O
3182	35568	time	O
3182	35569	..	O
3183	35570	and	O
3183	35571	the	O
3183	35572	666	O
3183	35573	depict	O
3183	35574	moodu	O
3183	35575	namalu	O
3183	35576	..'	O
3184	35577	I'll	O
3184	35578	call	O
3184	35579	u	O
3184	35580	after	O
3184	35581	class	O
3184	35582	pooky	O
3184	35583	;D	O
3185	35584	-	O
3185	35585	famous	O
3185	35586	people	O
3185	35587	looking	O
3185	35588	at	O
3185	35589	there	O
3185	35590	followers	O
3185	35591	going	O
3185	35592	up	O
3185	35593	in	O
3185	35594	100s	O
3185	35595	and	O
3185	35596	thousands	O
3185	35597	,	O
3185	35598	me	O
3185	35599	looking	O
3185	35600	at	O
3185	35601	my	O
3185	35602	couple	O
3185	35603	a	O
3185	35604	day	O
3185	35605	..	O
3186	35606	Have	O
3186	35607	an	O
3186	35608	awesome	O
3186	35609	time	O
3186	35610	on	O
3186	35611	your	O
3186	35612	travels!I'll	O
3187	35613	miss	O
3187	35614	seeing	O
3187	35615	u	O
3187	35616	on	O
3187	35617	CityTV	MISC
3187	35618	!	O
3188	35619	you	O
3188	35620	,	O
3188	35621	when	O
3188	35622	I	O
3188	35623	say	O
3188	35624	it	O
3188	35625	I	O
3188	35626	will	O
3188	35627	do	O
3188	35628	it	O
3188	35629	.	O
3189	35630	Top	O
3189	35631	M&A	O
3189	35632	news	O
3189	35633	of	O
3189	35634	the	O
3189	35635	week	O
3189	35636	-	O
3189	35637	-	O
3189	35638	-	O
3189	35639	Work	O
3189	35640	330-1130	O
3189	35641	come	O
3189	35642	home	O
3189	35643	shower	O
3189	35644	bed	O
3189	35645	up	O
3189	35646	early	O
3189	35647	for	O
3189	35648	buckboardday	MISC
3189	35649	parade	MISC
3189	35650	then	O
3189	35651	sanchez	PERSON
3189	35652	family	O
3189	35653	reunion	O
3189	35654	then	O
3189	35655	betos	PERSON
3189	35656	gbye	O
3189	35657	party	O
3189	35658	so	O
3189	35659	much	O
3189	35660	for	O
3189	35661	a	O
3189	35662	day	O
3189	35663	off	O
3189	35664	back	O
3189	35665	from	O
3189	35666	Verona	LOCATION
3189	35667	:)	O
3190	35668	Looking	O
3190	35669	forward	O
3190	35670	to	O
3190	35671	come	O
3190	35672	back	O
3190	35673	in	O
3190	35674	Paris	LOCATION
3190	35675	next	O
3190	35676	week	O
3190	35677	.	O
3191	35678	We	O
3191	35679	plan	O
3191	35680	a	O
3191	35681	drink	O
3191	35682	together	O
3191	35683	friends	O
3191	35684	?	O
3192	35685	Two	O
3192	35686	tracks	O
3192	35687	-	O
3192	35688	RGA	O
3192	35689	&	O
3192	35690	DGA	O
3192	35691	ads	O
3192	35692	came	O
3192	35693	out	O
3192	35694	at	O
3192	35695	same	O
3192	35696	time	O
3192	35697	-	O
3192	35698	neither	O
3192	35699	candidate	O
3192	35700	has	O
3192	35701	control	O
3192	35702	of	O
3192	35703	those	O
3192	35704	org	O
3192	35705	's	O
3192	35706	Mitchell	PERSON
3192	35707	ad	O
3192	35708	as	O
3192	35709	1/2	O
3192	35710	Happy	O
3192	35711	Constitution	MISC
3192	35712	Day	MISC
3192	35713	!	O
3193	35714	the	O
3193	35715	day	O
3193	35716	gets	O
3193	35717	a	O
3193	35718	girlfriend	O
3193	35719	is	O
3193	35720	the	O
3193	35721	day	O
3193	35722	world	O
3193	35723	war	O
3193	35724	3	O
3193	35725	starts	O
3193	35726	lol	O
3193	35727	:)	O
3194	35728	true	O
3194	35729	story	O
3194	35730	When	O
3194	35731	too	O
3194	35732	much	O
3194	35733	choice	O
3194	35734	is	O
3194	35735	a	O
3194	35736	bad	O
3194	35737	thing	O
3194	35738	,	O
3194	35739	Joel	PERSON
3194	35740	on	O
3194	35741	Technology	O
3194	35742	Just	O
3194	35743	when	O
3194	35744	I	O
3194	35745	think	O
3194	35746	I'm	O
3194	35747	out	O
3194	35748	,	O
3194	35749	they	O
3194	35750	pull	O
3194	35751	me	O
3194	35752	back	O
3194	35753	in	O
3194	35754	-Summer	O
3194	35755	May	O
3194	35756	have	O
3194	35757	overdone	O
3194	35758	it	O
3194	35759	today	O
3194	35760	...	O
3195	35761	My	O
3195	35762	back	O
3195	35763	hurts	O
3195	35764	...	O
3196	35765	:-(	O
3197	35766	A	O
3197	35767	couple	O
3197	35768	weeks	O
3197	35769	ago	O
3197	35770	?	O
3198	35771	It	O
3198	35772	caught	O
3198	35773	my	O
3198	35774	attention	O
3198	35775	,	O
3198	35776	because	O
3198	35777	my	O
3198	35778	dad	O
3198	35779	drove	O
3198	35780	truck	O
3198	35781	for	O
3198	35782	Wal-mart/swift	O
3198	35783	a	O
3198	35784	few	O
3198	35785	months	O
3198	35786	back	O
3198	35787	.	O
3199	35788	'RT	O
3199	35789	The	O
3199	35790	Say	O
3199	35791	Aah	O
3199	35792	crew	O
3199	35793	in	O
3199	35794	Toronto	LOCATION
3199	35795	?	O
3200	35796	November	O
3200	35797	?	O
3201	35798	Hahaha'	O
3201	35799	ahhh	O
3201	35800	yes	O
3201	35801	,	O
3201	35802	a	O
3201	35803	friday	O
3201	35804	:)	O
3202	35805	just	O
3202	35806	chilled	O
3202	35807	with	O
3202	35808	madison	PERSON
3202	35809	!	O
3203	35810	3	O
3203	35811	RT	O
3203	35812	know	O
3203	35813	this	O
3203	35814	today	O
3203	35815	.	O
3204	35816	no	O
3204	35817	thing	O
3204	35818	will	O
3204	35819	ever	O
3204	35820	come	O
3204	35821	upon	O
3204	35822	you	O
3204	35823	and	O
3204	35824	overtake	O
3204	35825	you	O
3204	35826	.	O
3205	35827	the	O
3205	35828	love	O
3205	35829	of	O
3205	35830	Jesus	PERSON
3205	35831	Christ	PERSON
3205	35832	will	O
3205	35833	overtake	O
3205	35834	it	O
3205	35835	.	O
3206	35836	He	O
3206	35837	is	O
3206	35838	...	O
3207	35839	3:12	O
3207	35840	am	O
3207	35841	tweet	O
3207	35842	just	O
3207	35843	planned	O
3207	35844	the	O
3207	35845	day	O
3207	35846	after	O
3207	35847	reading	O
3207	35848	loads	O
3207	35849	of	O
3207	35850	NEWS	O
3207	35851	...	O
3208	35852	tommorrow	O
3208	35853	is	O
3208	35854	a	O
3208	35855	big	O
3208	35856	day	O
3208	35857	wipro	ORGANIZATION
3208	35858	's	O
3208	35859	interview	O
3208	35860	checking	O
3208	35861	my	O
3208	35862	pronunciation	O
3208	35863	..!	O
3209	35864	'RT	O
3209	35865	Paint	O
3209	35866	on	O
3209	35867	a	O
3209	35868	free	O
3209	35869	wall	O
3209	35870	with	O
3209	35871	on	O
3209	35872	Sunday	O
3209	35873	thanks	O
3209	35874	to	O
3209	35875	and	O
3209	35876	.	O
3210	35877	via	O
3210	35878	Hurry	O
3210	35879	up	O
3210	35880	!	O
3211	35881	Santy	PERSON
3211	35882	will	O
3211	35883	be	O
3211	35884	Leaving	O
3211	35885	in	O
3211	35886	2	O
3211	35887	days	O
3211	35888	!	O
3212	35889	-	O
3212	35890	and	O
3212	35891	i	O
3212	35892	I	O
3212	35893	just	O
3212	35894	have	O
3212	35895	to	O
3212	35896	say	O
3212	35897	that	O
3212	35898	the	O
3212	35899	photos	O
3212	35900	that	O
3212	35901	I've	O
3212	35902	seen	O
3212	35903	of	O
3212	35904	you	O
3212	35905	and	O
3212	35906	Elvis	PERSON
3212	35907	on	O
3212	35908	stage	O
3212	35909	yesterday	O
3212	35910	is	O
3212	35911	just	O
3212	35912	about	O
3212	35913	the	O
3212	35914	most	O
3212	35915	adorable	O
3212	35916	thing	O
3212	35917	ever	O
3212	35918	.	O
3213	35919	I	O
3213	35920	am	O
3213	35921	waiting	O
3213	35922	for	O
3213	35923	UOEM	O
3213	35924	to	O
3213	35925	finally	O
3213	35926	wrapped	O
3213	35927	before	O
3213	35928	giving	O
3213	35929	it	O
3213	35930	a	O
3213	35931	go	O
3213	35932	again	O
3213	35933	,	O
3213	35934	I	O
3213	35935	can't	O
3213	35936	deal	O
3213	35937	with	O
3213	35938	it	O
3213	35939	's	O
3213	35940	continous	O
3213	35941	heartfail	O
3213	35942	..	O
3214	35943	Today	O
3214	35944	's	O
3214	35945	health	O
3214	35946	service	O
3214	35947	lecture	O
3214	35948	was	O
3214	35949	actually	O
3214	35950	interesting	O
3214	35951	to	O
3214	35952	me	O
3214	35953	x	O
3214	35954	Today	O
3214	35955	is	O
3214	35956	the	O
3214	35957	COMPLETE	O
3214	35958	OPPOSITE	O
3214	35959	of	O
3214	35960	yesterday	O
3214	35961	-	O
3214	35962	.	O
3215	35963	-	O
3215	35964	Have	O
3215	35965	a	O
3215	35966	feeling	O
3215	35967	my	O
3215	35968	phone	O
3215	35969	bill	O
3215	35970	will	O
3215	35971	be	O
3215	35972	high	O
3215	35973	this	O
3215	35974	month	O
3215	35975	haha	O
3215	35976	i	O
3215	35977	luv	O
3215	35978	weekends	O
3215	35979	when	O
3215	35980	i	O
3215	35981	actually	O
3215	35982	have	O
3215	35983	plans	O
3215	35984	,	O
3215	35985	lol	O
3215	35986	!	O
3216	35987	Salem	LOCATION
3216	35988	Daily	O
3216	35989	Dish//	O
3216	35990	Chef	O
3216	35991	's	O
3216	35992	Choice	O
3216	35993	Menu	O
3216	35994	at	O
3216	35995	Spoons	LOCATION
3216	35996	NW	LOCATION
3216	35997	Bistro	LOCATION
3216	35998	for	O
3216	35999	tonight	O
3216	36000	...:	O
3217	36001	Caramalized	O
3217	36002	Onion	O
3217	36003	Tarthousemade	O
3217	36004	tart	O
3217	36005	wit	O
3217	36006	...	O
3218	36007	Hyna	PERSON
3218	36008	the	O
3218	36009	Brad	PERSON
3218	36010	paisley	PERSON
3218	36011	concert	O
3218	36012	we	O
3218	36013	were	O
3218	36014	supposed	O
3218	36015	to	O
3218	36016	go	O
3218	36017	to	O
3218	36018	is	O
3218	36019	tonight	O
3218	36020	*tear*	O
3218	36021	TODAY	O
3218	36022	IS	O
3218	36023	THE	O
3218	36024	TEACHER'S	MISC
3218	36025	DAY	MISC
3218	36026	2	MISC
3218	36027	!	O
3219	36028	HAPPY	O
3219	36029	TEACHER'S	MISC
3219	36030	DAY	MISC
3219	36031	2	MISC
3219	36032	ME	O
3219	36033	!!!	O
3220	36034	YEAAAAHHHH	O
3220	36035	!!!	O
3221	36036	AGUANT	O
3221	36037	LA	O
3221	36038	DOCENSIA	O
3221	36039	!!!	O
3222	36040	wala	O
3222	36041	na	O
3222	36042	tlga	O
3222	36043	c	O
3222	36044	smarhelp	O
3222	36045	naman	O
3222	36046	pa	O
3222	36047	help	O
3222	36048	nman	O
3222	36049	jan	O
3222	36050	mga	O
3222	36051	kapatid	O
3222	36052	anu	O
3222	36053	proxy	O
3222	36054	ng	O
3222	36055	om	O
3222	36056	had	O
3222	36057	nice	O
3222	36058	day	O
3222	36059	,	O
3222	36060	this	O
3222	36061	weather	O
3222	36062	could	O
3222	36063	be	O
3222	36064	better	O
3222	36065	.	O
3223	36066	Reuters	O
3223	36067	Govt	O
3223	36068	Reg	O
3223	36069	UPDATE	O
3223	36070	1-Tighter	O
3223	36071	rules	O
3223	36072	for	O
3223	36073	market	O
3223	36074	makers	O
3223	36075	post-'flash	O
3223	36076	crash':	O
3223	36077	NEW	LOCATION
3223	36078	YORK	LOCATION
3223	36079	,	O
3223	36080	Sept	O
3223	36081	17	O
3223	36082	Reuters	ORGANIZATION
3223	36083	-	O
3223	36084	U	O
3223	36085	.	O
3224	36086	S	O
3224	36087	....	O
3225	36088	'RT	O
3225	36089	Adeus	O
3225	36090	noites	O
3225	36091	bem	O
3225	36092	dormidas	O
3225	36093	RT	O
3225	36094	Danger	MISC
3225	36095	Days	MISC
3225	36096	The	MISC
3225	36097	True	MISC
3225	36098	Lives	MISC
3225	36099	Of	MISC
3225	36100	The	MISC
3225	36101	Fabulous	MISC
3225	36102	Killjoys	MISC
3225	36103	"."""	O
3226	36104	22nd	O
3226	36105	november'	O
3226	36106	First	O
3226	36107	,	O
3226	36108	I	O
3226	36109	had	O
3226	36110	these	O
3226	36111	crazy	O
3226	36112	dreams	O
3226	36113	all	O
3226	36114	last	O
3226	36115	night	O
3226	36116	.	O
3227	36117	Then	O
3227	36118	I	O
3227	36119	sleep	O
3227	36120	all	O
3227	36121	day	O
3227	36122	today	O
3227	36123	...	O
3228	36124	I	O
3228	36125	hope	O
3228	36126	nobody	O
3228	36127	put	O
3228	36128	some	O
3228	36129	hoodoo	O
3228	36130	on	O
3228	36131	me	O
3228	36132	!	O
3229	36133	If	O
3229	36134	my	O
3229	36135	calculation	O
3229	36136	is	O
3229	36137	right	O
3229	36138	,	O
3229	36139	Christmas	MISC
3229	36140	is	O
3229	36141	only	O
3229	36142	98	O
3229	36143	days	O
3229	36144	away	O
3229	36145	...	O
3230	36146	Did	O
3230	36147	not	O
3230	36148	know	O
3230	36149	I	O
3230	36150	would	O
3230	36151	be	O
3230	36152	moving	O
3230	36153	there	O
3230	36154	til	O
3230	36155	Wednesday	O
3230	36156	,	O
3230	36157	had	O
3230	36158	no	O
3230	36159	advanced	O
3230	36160	notice	O
3230	36161	or	O
3230	36162	else	O
3230	36163	I	O
3230	36164	would	O
3230	36165	have	O
3230	36166	it	O
3230	36167	on	O
3230	36168	and	O
3230	36169	working	O
3230	36170	Saturday	O
3230	36171	morning	O
3230	36172	!	O
3231	36173	-CHANGE	O
3231	36174	OF	O
3231	36175	ROOM	O
3231	36176	!	O
3232	36177	-	O
3232	36178	FATHER'S	O
3232	36179	DAY	O
3232	36180	auditions	O
3232	36181	Sept	O
3232	36182	25	O
3232	36183	CANWEST	LOCATION
3232	36184	Center	LOCATION
3232	36185	for	O
3232	36186	Theater	O
3232	36187	and	O
3232	36188	Film	O
3232	36189	U	LOCATION
3232	36190	of	LOCATION
3232	36191	W	LOCATION
3232	36192	ROOM	O
3232	36193	0T15	O
3232	36194	11:30	O
3232	36195	am	O
3232	36196	-	O
3232	36197	4:00	O
3232	36198	PM	O
3232	36199	.	O
3233	36200	CLUB	LOCATION
3233	36201	BLU	LOCATION
3233	36202	tonite	O
3233	36203	......	O
3234	36204	90	O
3234	36205	's	O
3234	36206	music	O
3234	36207	..	O
3235	36208	oldskool	O
3235	36209	night	O
3235	36210	wiith	O
3235	36211	dj	MISC
3235	36212	finese	MISC
3235	36213	As	O
3235	36214	women	O
3235	36215	pay	O
3235	36216	homage	O
3235	36217	to	O
3235	36218	masculinity	O
3235	36219	they	O
3235	36220	avoid	O
3235	36221	their	O
3235	36222	own	O
3235	36223	power	O
3235	36224	.	O
3236	36225	It	O
3236	36226	doesn't	O
3236	36227	help	O
3236	36228	anyone	O
3236	36229	.	O
3237	36230	Men	O
3237	36231	need	O
3237	36232	our	O
3237	36233	leadership	O
3237	36234	even	O
3237	36235	when	O
3237	36236	they	O
3237	36237	don't	O
3237	36238	like	O
3237	36239	it	O
3237	36240	.	O
3238	36241	OMG-Fact	O
3238	36242	Jellyfish	O
3238	36243	have	O
3238	36244	existed	O
3238	36245	for	O
3238	36246	over	O
3238	36247	500	O
3238	36248	million	O
3238	36249	years	O
3238	36250	.	O
3239	36251	Back	O
3239	36252	in	O
3239	36253	2007	O
3239	36254	,	O
3239	36255	paleontologists	O
3239	36256	discovered	O
3239	36257	jell	O
3239	36258	...	O
3240	36259	I	O
3240	36260	ironed	O
3240	36261	mine	O
3240	36262	just	O
3240	36263	fine	O
3240	36264	.	O
3241	36265	You	O
3241	36266	may	O
3241	36267	want	O
3241	36268	to	O
3241	36269	wash	O
3241	36270	it	O
3241	36271	first	O
3241	36272	,	O
3241	36273	though	O
3241	36274	,	O
3241	36275	so	O
3241	36276	it	O
3241	36277	gets	O
3241	36278	really	O
3241	36279	soft	O
3241	36280	.	O
3242	36281	If	O
3242	36282	you	O
3242	36283	want	O
3242	36284	to	O
3242	36285	be	O
3242	36286	extra	O
3242	36287	safe	O
3242	36288	do	O
3242	36289	on	O
3242	36290	the	O
3242	36291	reverse	O
3242	36292	bah	O
3242	36293	!	O
3243	36294	Read	O
3243	36295	the	O
3243	36296	last	O
3243	36297	one	O
3243	36298	before	O
3243	36299	the	O
3243	36300	one	O
3243	36301	before	O
3243	36302	.	O
3244	36303	Thought	O
3244	36304	I	O
3244	36305	was	O
3244	36306	in	O
3244	36307	then	O
3244	36308	.	O
3245	36309	I	O
3245	36310	cant	O
3245	36311	You'll	O
3245	36312	have	O
3245	36313	to	O
3245	36314	Tune	O
3245	36315	into	O
3245	36316	the	O
3245	36317	show	O
3245	36318	this	O
3245	36319	Sunday	O
3245	36320	.	O
3246	36321	Ill	O
3246	36322	give	O
3246	36323	ya	O
3246	36324	a	O
3246	36325	hint	O
3246	36326	He	O
3246	36327	's	O
3246	36328	a	O
3246	36329	wrestler	O
3246	36330	&	O
3246	36331	has	O
3246	36332	been	O
3246	36333	in	O
3246	36334	the	O
3246	36335	business	O
3246	36336	for	O
3246	36337	20	O
3246	36338	+	O
3246	36339	yrs	O
3246	36340	Is	O
3246	36341	making	O
3246	36342	me	O
3246	36343	purchase	O
3246	36344	windows	MISC
3246	36345	,	O
3246	36346	antivirus	O
3246	36347	and	O
3246	36348	office	MISC
3246	36349	when	O
3246	36350	i	O
3246	36351	buy	O
3246	36352	a	O
3246	36353	laptop	O
3246	36354	not	O
3246	36355	third	O
3246	36356	line	O
3246	36357	forcing	O
3246	36358	?	O
3247	36359	Last	O
3247	36360	film	O
3247	36361	I	O
3247	36362	can	O
3247	36363	watch	O
3247	36364	on	O
3247	36365	a	O
3247	36366	decent	O
3247	36367	telly	O
3247	36368	for	O
3247	36369	a	O
3247	36370	while	O
3247	36371	tonight	O
3247	36372	.	O
3248	36373	Kick-Ass	MISC
3248	36374	is	O
3248	36375	very	O
3248	36376	tempting	O
3248	36377	indeed	O
3248	36378	.	O
3249	36379	A	O
3249	36380	Few	O
3249	36381	Clouds	O
3249	36382	and	O
3249	36383	69	O
3249	36384	F	O
3249	36385	at	O
3249	36386	Islip	O
3249	36387	,	O
3249	36388	Long	LOCATION
3249	36389	Island	LOCATION
3249	36390	Mac	LOCATION
3249	36391	Arthur	LOCATION
3249	36392	Airport	LOCATION
3249	36393	,	O
3249	36394	NY	LOCATION
3249	36395	Winds	O
3249	36396	are	O
3249	36397	North	O
3249	36398	at	O
3249	36399	16.1	O
3250	36400	MPH	O
3250	36401	14	O
3250	36402	KT	O
3250	36403	.	O
3251	36404	The	O
3251	36405	pressure	O
3251	36406	is	O
3251	36407	right	O
3251	36408	after	O
3251	36409	his	O
3251	36410	daddy	O
3251	36411	stops	O
3251	36412	tweeting	O
3251	36413	via	O
3251	36414	tub	O
3251	36415	You	O
3251	36416	blink	O
3251	36417	when	O
3251	36418	you	O
3251	36419	breathe	O
3251	36420	and	O
3251	36421	you	O
3251	36422	breathe	O
3251	36423	when	O
3251	36424	you	O
3251	36425	lie	O
3251	36426	.	O
3252	36427	You	O
3252	36428	blink	O
3252	36429	when	O
3252	36430	you	O
3252	36431	lie	O
3252	36432	.	O
3253	36433	I'm	O
3253	36434	pleased	O
3253	36435	to	O
3253	36436	have	O
3253	36437	introduced	O
3253	36438	to	O
3253	36439	twitter	ORGANIZATION
3253	36440	.	O
3254	36441	May	O
3254	36442	he	O
3254	36443	become	O
3254	36444	as	O
3254	36445	inane	O
3254	36446	as	O
3254	36447	me	O
3254	36448	.	O
3255	36449	changed	O
3255	36450	mii	O
3255	36451	twitta	O
3255	36452	name	O
3255	36453	i	O
3255	36454	wass	O
3255	36455	really	O
3255	36456	on	O
3255	36457	mii	O
3255	36458	nerd	O
3255	36459	floww	O
3255	36460	todaii	O
3255	36461	them	O
3255	36462	glasses	O
3255	36463	are	O
3255	36464	the	O
3255	36465	best	O
3255	36466	......	O
3256	36467	nerd	O
3256	36468	glasses	O
3256	36469	on	O
3256	36470	deck	O
3256	36471	...	O
3257	36472	now	O
3257	36473	time	O
3257	36474	for	O
3257	36475	church	O
3257	36476	RT	O
3257	36477	when	O
3257	36478	dat	O
3257	36479	Gangsta	O
3257	36480	video	O
3257	36481	droppin	O
3257	36482	bruh	O
3257	36483	u	O
3257	36484	late	O
3257	36485	Lil	O
3257	36486	bro	O
3257	36487	todaii	O
3257	36488	was	O
3257	36489	such	O
3257	36490	a	O
3257	36491	long	O
3257	36492	day	O
3257	36493	The	O
3257	36494	bank	O
3257	36495	teller	O
3257	36496	I	O
3257	36497	always	O
3257	36498	go	O
3257	36499	to	O
3257	36500	wants	O
3257	36501	me	O
3257	36502	.	O
3258	36503	Lol	O
3258	36504	.	O
3259	36505	No	O
3259	36506	shit	O
3259	36507	.	O
3260	36508	She	O
3260	36509	left	O
3260	36510	me	O
3260	36511	wide	O
3260	36512	open	O
3260	36513	for	O
3260	36514	tomorrow	O
3260	36515	.	O
3261	36516	Too	O
3261	36517	bad	O
3261	36518	I	O
3261	36519	already	O
3261	36520	have	O
3261	36521	fucking	O
3261	36522	plans	O
3261	36523	!	O
3262	36524	Anyone	O
3262	36525	up	O
3262	36526	for	O
3262	36527	some	O
3262	36528	late	O
3262	36529	night	O
3262	36530	trivia	O
3262	36531	tonight	O
3262	36532	?	O
3263	36533	10pm	O
3263	36534	at	O
3263	36535	Summits	LOCATION
3263	36536	.	O
3264	36537	Let	O
3264	36538	me	O
3264	36539	know	O
3264	36540	!	O
3265	36541	hey	O
3265	36542	i	O
3265	36543	gotta	O
3265	36544	ask	O
3265	36545	you	O
3265	36546	something	O
3265	36547	if	O
3265	36548	i	O
3265	36549	can	O
3265	36550	:)	O
3266	36551	please	O
3266	36552	tweet	O
3266	36553	me	O
3266	36554	when	O
3266	36555	you	O
3266	36556	be	O
3266	36557	online	O
3266	36558	and	O
3266	36559	i'll	O
3266	36560	send	O
3266	36561	you	O
3266	36562	DM	O
3266	36563	.	O
3267	36564	okkk	O
3267	36565	?	O
3268	36566	thank	O
3268	36567	you	O
3268	36568	RT	O
3268	36569	OF	O
3268	36570	FUCKING	O
3268	36571	COURSE	O
3268	36572	.	O
3269	36573	I	O
3269	36574	GET	O
3269	36575	HOME	O
3269	36576	AND	O
3269	36577	MY	O
3269	36578	BROTHER	O
3269	36579	IS	O
3269	36580	ON	O
3269	36581	THE	O
3269	36582	MOTHER	O
3269	36583	FUCKING	O
3269	36584	XBOX	MISC
3269	36585	.	O
3270	36586	Worst	O
3270	36587	fucking	O
3270	36588	day	O
3270	36589	ever	O
3270	36590	.	O
3271	36591	Interesting	O
3271	36592	1st	O
3271	36593	week	O
3271	36594	of	O
3271	36595	work	O
3271	36596	during	O
3271	36597	training	O
3271	36598	1	O
3271	36599	of	O
3271	36600	the	O
3271	36601	6	O
3271	36602	ppl	O
3271	36603	decided	O
3271	36604	the	O
3271	36605	job	O
3271	36606	wasnt	O
3271	36607	for	O
3271	36608	her	O
3271	36609	,	O
3271	36610	and	O
3271	36611	the	O
3271	36612	firm	O
3271	36613	decided	O
3271	36614	to	O
3271	36615	let	O
3271	36616	go	O
3271	36617	another	O
3271	36618	guy	O
3271	36619	.	O
3272	36620	2	O
3272	36621	years	O
3272	36622	99	O
3272	36623	days	O
3272	36624	3	O
3272	36625	hours	O
3272	36626	36	O
3272	36627	minutes	O
3272	36628	and	O
3272	36629	20	O
3272	36630	seconds	O
3272	36631	Until	O
3272	36632	Mayan	MISC
3272	36633	Doomsday	MISC
3272	36634	,	O
3272	36635	DEC	O
3272	36636	22	O
3272	36637	2012	O
3272	36638	AD	O
3272	36639	lol	O
3272	36640	I	O
3272	36641	snapped	O
3272	36642	so	O
3272	36643	quick	O
3272	36644	too	O
3272	36645	lmao	O
3272	36646	some	O
3272	36647	people	O
3272	36648	just	O
3272	36649	piss	O
3272	36650	me	O
3272	36651	off	O
3272	36652	instantly	O
3272	36653	when	O
3272	36654	they	O
3272	36655	open	O
3272	36656	they	O
3272	36657	mouth	O
3272	36658	lol	O
3272	36659	Can	O
3272	36660	have	O
3272	36661	any	O
3272	36662	girl	O
3272	36663	I	O
3272	36664	choose	O
3272	36665	but	O
3272	36666	as	O
3272	36667	time	O
3272	36668	goes	O
3272	36669	by	O
3272	36670	baby	O
3272	36671	im	O
3272	36672	goin	O
3272	36673	home	O
3272	36674	wit	O
3272	36675	u	O
3272	36676	RT	O
3272	36677	-	O
3272	36678	This	MISC
3272	36679	Is	MISC
3272	36680	Our	MISC
3272	36681	Someday	MISC
3272	36682	-	O
3272	36683	Big	MISC
3272	36684	Time	MISC
3272	36685	Rush	MISC
3272	36686	3	O
3272	36687	:)	O
3273	36688	Home	O
3273	36689	made	O
3273	36690	cod	O
3273	36691	&	O
3273	36692	chips	O
3273	36693	+	O
3273	36694	bottle	O
3273	36695	of	O
3273	36696	Microsoft	ORGANIZATION
3273	36697	provided	O
3273	36698	champagne	O
3273	36699	=	O
3273	36700	top	O
3273	36701	class	O
3273	36702	Friday	O
3273	36703	;-	O
3273	36704	Just	O
3273	36705	picked	O
3273	36706	my	O
3273	36707	dog	O
3273	36708	up	O
3273	36709	from	O
3273	36710	his	O
3273	36711	posh	O
3273	36712	day	O
3273	36713	spa	O
3273	36714	.	O
3274	36715	Actually	O
3274	36716	he	O
3274	36717	can't	O
3274	36718	run	O
3274	36719	under	O
3274	36720	vet	O
3274	36721	orders	O
3274	36722	.	O
3275	36723	He	O
3275	36724	swims	O
3275	36725	here	O
3275	36726	occasionally	O
3275	36727	Google	MISC
3275	36728	Music	MISC
3275	36729	Rumors	O
3275	36730	Labels	O
3275	36731	Happy	O
3275	36732	About	O
3275	36733	iTunes	ORGANIZATION
3275	36734	Alternative	O
3275	36735	?	O
3276	36736	-	O
3276	36737	Techland	ORGANIZATION
3276	36738	-	O
3276	36739	TIME	O
3276	36740	.	O
3277	36741	com	O
3277	36742	ew	O
3277	36743	suga	O
3277	36744	on	O
3277	36745	tea	O
3277	36746	!	O
3278	36747	wen	O
3278	36748	i	O
3278	36749	was	O
3278	36750	yungr	O
3278	36751	nd	O
3278	36752	we	O
3278	36753	adta	O
3278	36754	giv	O
3278	36755	stuf	O
3278	36756	up	O
3278	36757	4	O
3278	36758	lent	O
3278	36759	i	O
3278	36760	gav	O
3278	36761	up	O
3278	36762	suga	O
3278	36763	on	O
3278	36764	ma	O
3278	36765	tea	O
3278	36766	...	O
3279	36767	afta	O
3279	36768	da	O
3279	36769	month	O
3279	36770	i	O
3279	36771	didnt	O
3279	36772	lyk	O
3279	36773	it	O
3279	36774	nymor	O
3279	36775	lol	O
3279	36776	I	O
3279	36777	COME	O
3279	36778	OUT	O
3279	36779	HAIRY	O
3279	36780	FACED	O
3279	36781	ONLY	O
3279	36782	DES	O
3279	36783	DAYS	O
3279	36784	IMMA	O
3279	36785	TAKE	O
3279	36786	SUM	O
3279	36787	NEW	O
3279	36788	PIX	O
3279	36789	AIGHT	O
3279	36790	Hey	O
3279	36791	hun	O
3279	36792	...	O
3280	36793	We	O
3280	36794	are	O
3280	36795	all	O
3280	36796	here	O
3280	36797	tonight	O
3280	36798	.	O
3281	36799	lol	O
3281	36800	.	O
3282	36801	Friday	O
3282	36802	.	O
3283	36803	oh	O
3283	36804	yeah	O
3283	36805	...	O
3284	36806	lol	O
3284	36807	tell	O
3284	36808	ur	O
3284	36809	dad2bring	O
3284	36810	the	O
3284	36811	ypp	O
3284	36812	back	O
3284	36813	in	O
3284	36814	Hayes	O
3284	36815	we	O
3284	36816	sorted	O
3284	36817	it	O
3284	36818	out	O
3284	36819	last	O
3284	36820	time	O
3284	36821	I'm	O
3284	36822	like	O
3284	36823	yea	O
3284	36824	I'll	O
3284	36825	tell	O
3284	36826	him	O
3284	36827	*covers	O
3284	36828	eyes*wat	O
3284	36829	informing	O
3284	36830	am	O
3284	36831	I	O
3284	36832	doing	O
3284	36833	good	O
3284	36834	luck	O
3284	36835	with	O
3284	36836	the	O
3284	36837	audition	O
3284	36838	Saturday	O
3284	36839	.	O
3285	36840	Remember	O
3285	36841	positive	O
3285	36842	thoughts	O
3285	36843	!!!!!	O
3286	36844	RT	O
3286	36845	Song	O
3286	36846	of	O
3286	36847	the	O
3286	36848	Day	O
3286	36849	Blonde	MISC
3286	36850	Redhead	MISC
3286	36851	A	MISC
3286	36852	Different	MISC
3286	36853	Kind	MISC
3286	36854	Of	MISC
3286	36855	Ache	MISC
3286	36856	Arre	O
3286	36857	no	O
3286	36858	.	O
3287	36859	After	O
3287	36860	experiencing	O
3287	36861	loos	O
3287	36862	in	O
3287	36863	Japan	LOCATION
3287	36864	,	O
3287	36865	I'm	O
3287	36866	spoiled	O
3287	36867	forever	O
3287	36868	.	O
3288	36869	Now	O
3288	36870	everything	O
3288	36871	is	O
3288	36872	SulahShauchalay	O
3288	36873	baraabar	O
3288	36874	.	O
3289	36875	Iwebslog	O
3289	36876	.	O
3290	36877	com	O
3290	36878	Jupiter	LOCATION
3290	36879	making	O
3290	36880	closest	O
3290	36881	approach	O
3290	36882	in	O
3290	36883	nearly	O
3290	36884	50	O
3290	36885	years	O
3290	36886	AP	O
3290	36887	AP	O
3290	36888	-	O
3290	36889	Better	O
3290	36890	catch	O
3290	36891	Jupiter	LOCATION
3290	36892	next	O
3290	36893	...	O
3291	36894	New	O
3291	36895	Flip	MISC
3291	36896	MinoHD	MISC
3291	36897	Video	O
3291	36898	Camera	O
3291	36899	8	O
3291	36900	GB	O
3291	36901	,	O
3291	36902	2	O
3291	36903	Hour	O
3291	36904	Record	O
3291	36905	Time	O
3291	36906	Flip	MISC
3291	36907	MinoHD	MISC
3291	36908	Video	O
3291	36909	Camera	O
3291	36910	...	O
3292	36911	Look	O
3292	36912	n	O
3292	36913	feel	O
3292	36914	like	O
3292	36915	a	O
3292	36916	complete	O
3292	36917	heffa	O
3292	36918	today	O
3292	36919	.	O
3293	36920	FML	O
3293	36921	.	O
3294	36922	Just	O
3294	36923	bought	O
3294	36924	my	O
3294	36925	Newcastle	LOCATION
3294	36926	K	MISC
3294	36927	!	MISC
3295	36928	Tour	MISC
3295	36929	ticket	O
3295	36930	!	O
3296	36931	XD	O
3296	36932	Can't	O
3296	36933	wait	O
3296	36934	for	O
3296	36935	February	O
3296	36936	!	O
3297	36937	Massive	O
3297	36938	B-stock	O
3297	36939	list	O
3297	36940	!	O
3298	36941	While	O
3298	36942	supplies	O
3298	36943	last	O
3298	36944	.	O
3299	36945	Check	O
3299	36946	it	O
3299	36947	out	O
3299	36948	here	O
3299	36949	yesss	O
3299	36950	!!!!	O
3300	36951	I'm	O
3300	36952	off	O
3300	36953	after	O
3300	36954	6	O
3300	36955	:)	O
3301	36956	really	O
3301	36957	needs	O
3301	36958	to	O
3301	36959	buckle	O
3301	36960	down	O
3301	36961	and	O
3301	36962	get	O
3301	36963	some	O
3301	36964	work	O
3301	36965	done	O
3301	36966	before	O
3301	36967	she	O
3301	36968	heads	O
3301	36969	home	O
3301	36970	...	O
3302	36971	RT	O
3302	36972	Going	O
3302	36973	to	O
3302	36974	eat	O
3302	36975	at	O
3302	36976	Loveless	LOCATION
3302	36977	Cafe	LOCATION
3302	36978	tonight	O
3302	36979	!	O
3303	36980	:)	O
3304	36981	Omg	O
3304	36982	i	O
3304	36983	just	O
3304	36984	found	O
3304	36985	Roy	PERSON
3304	36986	's	O
3304	36987	and	O
3304	36988	Greg	PERSON
3304	36989	's	O
3304	36990	old	O
3304	36991	band	O
3304	36992	's	O
3304	36993	website	O
3304	36994	!	O
3305	36995	but	O
3305	36996	when	O
3305	36997	I	O
3305	36998	clicked	O
3305	36999	on	O
3305	37000	it	O
3305	37001	,	O
3305	37002	it	O
3305	37003	wouldn't	O
3305	37004	work:'	O
3305	37005	International	MISC
3305	37006	Observe	MISC
3305	37007	the	MISC
3305	37008	Moon	MISC
3305	37009	Night	MISC
3305	37010	9/18/2010	O
3305	37011	|	O
3305	37012	Saturday	O
3305	37013	,	O
3305	37014	Sep	O
3305	37015	18	O
3305	37016	,	O
3305	37017	06:00	O
3305	37018	PM	O
3305	37019	|	O
3305	37020	Blegh	O
3305	37021	,	O
3305	37022	that	O
3305	37023	fell	O
3305	37024	through	O
3305	37025	.	O
3306	37026	Staffing	O
3306	37027	agency	O
3306	37028	had	O
3306	37029	a	O
3306	37030	miscommunication	O
3306	37031	w\the	O
3306	37032	client	O
3306	37033	.	O
3307	37034	So	O
3307	37035	two	O
3307	37036	week	O
3307	37037	temp	O
3307	37038	assignment	O
3307	37039	fell	O
3307	37040	through	O
3307	37041	unfortunately	O
3307	37042	.	O
3308	37043	Well	O
3308	37044	I	O
3308	37045	was	O
3308	37046	gonna	O
3308	37047	be	O
3308	37048	a	O
3308	37049	good	O
3308	37050	girl	O
3308	37051	today	O
3308	37052	but	O
3308	37053	changed	O
3308	37054	my	O
3308	37055	mine	O
3308	37056	ooo	O
3308	37057	where	O
3308	37058	are	O
3308	37059	you	O
3308	37060	when	O
3308	37061	i	O
3308	37062	need	O
3308	37063	you	O
3308	37064	..	O
3309	37065	hi	O
3309	37066	pal	O
3309	37067	!!	O
3310	37068	How	O
3310	37069	's	O
3310	37070	Hawaii	LOCATION
3310	37071	??	O
3311	37072	when	O
3311	37073	are	O
3311	37074	you	O
3311	37075	heading	O
3311	37076	home	O
3311	37077	!	O
3312	37078	Is	O
3312	37079	counting	O
3312	37080	down	O
3312	37081	the	O
3312	37082	days	O
3312	37083	to	O
3312	37084	Oct	O
3312	37085	23rd	O
3312	37086	and	O
3312	37087	the	O
3312	37088	Wright	MISC
3312	37089	family	MISC
3312	37090	Halloween	MISC
3312	37091	bash	O
3312	37092	!!	O
3313	37093	It	O
3313	37094	's	O
3313	37095	gonna	O
3313	37096	be	O
3313	37097	amazing	O
3313	37098	..	O
3314	37099	they	O
3314	37100	go	O
3314	37101	all	O
3314	37102	out	O
3314	37103	for	O
3314	37104	it	O
3314	37105	!	O
3315	37106	yep	O
3315	37107	,	O
3315	37108	we	O
3315	37109	are	O
3315	37110	.	O
3316	37111	hopefully	O
3316	37112	we'll	O
3316	37113	be	O
3316	37114	done	O
3316	37115	in	O
3316	37116	time	O
3316	37117	...	O
3317	37118	.	O
3318	37119	ME	O
3318	37120	!	O
3319	37121	the	O
3319	37122	november	O
3319	37123	15th	O
3319	37124	show	O
3319	37125	You're	O
3319	37126	supposed	O
3319	37127	to	O
3319	37128	fast	O
3319	37129	after	O
3319	37130	sundown	O
3319	37131	,	O
3319	37132	silly	O
3319	37133	!	O
3320	37134	I	O
3320	37135	hate	O
3320	37136	when	O
3320	37137	someone	O
3320	37138	ask	O
3320	37139	you	O
3320	37140	what	O
3320	37141	's	O
3320	37142	wrong	O
3320	37143	&	O
3320	37144	u	O
3320	37145	say	O
3320	37146	long	O
3320	37147	story	O
3320	37148	then	O
3320	37149	they	O
3320	37150	say	O
3320	37151	I've	O
3320	37152	got	O
3320	37153	time	O
3320	37154	okay	O
3320	37155	I	O
3320	37156	obviously	O
3320	37157	don't	O
3320	37158	want	O
3320	37159	to	O
3320	37160	tell	O
3320	37161	you	O
3320	37162	!	O
3321	37163	when	MISC
3321	37164	im	MISC
3321	37165	gone	MISC
3321	37166	eminem	PERSON
3321	37167	:)	O
3322	37168	i	O
3322	37169	saw	O
3322	37170	one	O
3322	37171	day	O
3322	37172	walkin	O
3322	37173	2	O
3322	37174	the	O
3322	37175	store	O
3322	37176	..	O
3323	37177	and	O
3323	37178	this	O
3323	37179	foo	O
3323	37180	tripped	O
3323	37181	and	O
3323	37182	tried	O
3323	37183	2	O
3323	37184	play	O
3323	37185	it	O
3323	37186	off	O
3323	37187	LOL	O
3323	37188	!!!!	O
3324	37189	going	O
3324	37190	to	O
3324	37191	tucson	LOCATION
3324	37192	tonight	O
3324	37193	:/	O
3325	37194	iPad	MISC
3325	37195	Refresh	O
3325	37196	Due	O
3325	37197	in	O
3325	37198	January	O
3325	37199	Display	O
3325	37200	manufacturers	O
3325	37201	tip	O
3325	37202	the	O
3325	37203	world	O
3325	37204	to	O
3325	37205	the	O
3325	37206	timing	O
3325	37207	of	O
3325	37208	the	O
3325	37209	next	O
3325	37210	iPad	MISC
3325	37211	.	O
3326	37212	IPad	MISC
3326	37213	...	O
3327	37214	Posted	O
3327	37215	a	O
3327	37216	new	O
3327	37217	blog	O
3327	37218	today	O
3327	37219	about	O
3327	37220	the	O
3327	37221	new	O
3327	37222	Lounge22	MISC
3327	37223	Powered	O
3327	37224	by	O
3327	37225	CORT	ORGANIZATION
3327	37226	collection	O
3327	37227	!	O
3328	37228	The	O
3328	37229	furniture	O
3328	37230	is	O
3328	37231	divine	O
3328	37232	Just	O
3328	37233	puffed	O
3328	37234	on	O
3328	37235	sour	O
3328	37236	d	O
3328	37237	unintentionally	O
3328	37238	...	O
3329	37239	I'm	O
3329	37240	so	O
3329	37241	high	O
3329	37242	Idk	O
3329	37243	when	O
3329	37244	I	O
3329	37245	will	O
3329	37246	come	O
3329	37247	back	O
3329	37248	to	O
3329	37249	earth	O
3329	37250	Win	O
3329	37251	tix	O
3329	37252	2	O
3329	37253	KELE	PERSON
3329	37254	and	O
3329	37255	DOES	MISC
3329	37256	IT	MISC
3329	37257	OFFEND	MISC
3329	37258	YOU	MISC
3329	37259	,	MISC
3329	37260	YEAH	MISC
3329	37261	?	MISC
3330	37262	Sept	O
3330	37263	21st	O
3330	37264	Music	LOCATION
3330	37265	Box	LOCATION
3330	37266	contest	O
3330	37267	dimmak.com	O
3331	37268	|	O
3331	37269	Afterparty	O
3331	37270	at	O
3331	37271	Dim	LOCATION
3331	37272	Mak	LOCATION
3331	37273	Tuesdays	O
3331	37274	I	O
3331	37275	wanna	O
3331	37276	go	O
3331	37277	to	O
3331	37278	a	O
3331	37279	SHS	ORGANIZATION
3331	37280	football	O
3331	37281	game	O
3331	37282	cuz	O
3331	37283	I	O
3331	37284	ain't	O
3331	37285	been	O
3331	37286	to	O
3331	37287	a	O
3331	37288	high	O
3331	37289	school	O
3331	37290	game	O
3331	37291	in	O
3331	37292	years	O
3331	37293	.	O
3332	37294	make	O
3332	37295	it	O
3332	37296	happen	O
3332	37297	Follow	O
3332	37298	Friday	O
3332	37299	Once	O
3332	37300	again	O
3332	37301	,	O
3332	37302	I	O
3332	37303	suggest	O
3332	37304	you	O
3332	37305	tell	O
3332	37306	everyone	O
3332	37307	you	O
3332	37308	know	O
3332	37309	to	O
3332	37310	FOLLOW	O
3332	37311	ME	O
3332	37312	!	O
3333	37313	Let	O
3333	37314	's	O
3333	37315	get	O
3333	37316	me	O
3333	37317	over	O
3333	37318	200	O
3333	37319	followers	O
3333	37320	!	O
3334	37321	Porn	O
3334	37322	robots	O
3334	37323	welcome	O
3334	37324	!	O
3335	37325	still	O
3335	37326	trying	O
3335	37327	to	O
3335	37328	warm	O
3335	37329	up	O
3335	37330	my	O
3335	37331	toes	O
3335	37332	are	O
3335	37333	cold	O
3335	37334	as	O
3335	37335	:)	O
3336	37336	but	O
3336	37337	just	O
3336	37338	chillin	O
3336	37339	no	O
3336	37340	running	O
3336	37341	today	O
3336	37342	.	O
3337	37343	Stoked	O
3337	37344	about	O
3337	37345	the	O
3337	37346	awesome	O
3337	37347	date	O
3337	37348	night	O
3337	37349	im	O
3337	37350	about	O
3337	37351	to	O
3337	37352	have	O
3337	37353	with	O
3337	37354	and	O
3337	37355	also	O
3337	37356	very	O
3337	37357	stoked	O
3337	37358	about	O
3337	37359	the	O
3337	37360	bro	O
3337	37361	time	O
3337	37362	tomorrow	O
3337	37363	with	O
3337	37364	joining	O
3337	37365	the	O
3337	37366	awsm	O
3337	37367	before	O
3337	37368	I'm	O
3337	37369	interested	O
3337	37370	to	O
3337	37371	see	O
3337	37372	what	O
3337	37373	they're	O
3337	37374	bringing	O
3337	37375	to	O
3337	37376	it	O
3337	37377	Sleeping	O
3337	37378	time	O
3337	37379	.	O
3338	37380	Morgenochtend	O
3338	37381	maar	O
3338	37382	even	O
3338	37383	de	O
3338	37384	Koperdoos	O
3338	37385	een	O
3338	37386	schoonmaakbeurtje	O
3338	37387	geven	O
3338	37388	...	O
3339	37389	About	O
3339	37390	to	O
3339	37391	get	O
3339	37392	ready	O
3339	37393	for	O
3339	37394	work...don't	O
3340	37395	have	O
3340	37396	a	O
3340	37397	good	O
3340	37398	feeling	O
3340	37399	about	O
3340	37400	tonight	O
3340	37401	...	O
3341	37402	and	O
3341	37403	the	O
3341	37404	rules	O
3341	37405	are	O
3341	37406	?	O
3342	37407	RT	O
3342	37408	I've	O
3342	37409	said	O
3342	37410	it	O
3342	37411	before	O
3342	37412	and	O
3342	37413	I'll	O
3342	37414	say	O
3342	37415	it	O
3342	37416	again	O
3342	37417	Indian	LOCATION
3342	37418	food	O
3342	37419	RULES	O
3342	37420	.	O
3343	37421	Ehe	O
3343	37422	good	O
3343	37423	:)	O
3344	37424	see	O
3344	37425	you	O
3344	37426	tomorrow	O
3344	37427	dude	O
3344	37428	!	O
3345	37429	Tomorrow	O
3345	37430	is	O
3345	37431	another	O
3345	37432	day	O
3345	37433	!	O
3346	37434	Parking	MISC
3346	37435	Day	MISC
3346	37436	-	O
3346	37437	Parking	MISC
3346	37438	Day	MISC
3346	37439	hosted	O
3346	37440	by	O
3346	37441	the	O
3346	37442	Hudson	MISC
3346	37443	TMA	MISC
3346	37444	at	O
3346	37445	Town	LOCATION
3346	37446	Square	LOCATION
3346	37447	Place	LOCATION
3346	37448	on	O
3346	37449	Pavonia	LOCATION
3346	37450	Avenue	LOCATION
3346	37451	in	O
3346	37452	the	O
3346	37453	Newport	LOCATION
3346	37454	...	O
3347	37455	Five	O
3347	37456	Bullpens	O
3347	37457	to	O
3347	37458	Stay	O
3347	37459	Away	O
3347	37460	From	O
3347	37461	in	O
3347	37462	MLB	MISC
3347	37463	Odds	O
3347	37464	When	O
3347	37465	you	O
3347	37466	think	O
3347	37467	of	O
3347	37468	the	O
3347	37469	worst	O
3347	37470	teams	O
3347	37471	in	O
3347	37472	baseball	O
3347	37473	,	O
3347	37474	you	O
3347	37475	think	O
3347	37476	of	O
3347	37477	teams	O
3347	37478	tha	O
3347	37479	...	O
3348	37480	New	O
3348	37481	Dorky	O
3348	37482	Stuff	O
3348	37483	Friday	O
3348	37484	Review	O
3348	37485	Rundown	O
3348	37486	!	O
3349	37487	Sept	O
3349	37488	17th	O
3349	37489	Easy	O
3349	37490	A	O
3349	37491	vs	O
3349	37492	.	O
3350	37493	Devil	O
3350	37494	vs	O
3350	37495	.	O
3351	37496	A	O
3351	37497	Woman	O
3351	37498	,	O
3351	37499	A	O
3351	37500	Gun	O
3351	37501	,	O
3351	37502	and	O
3351	37503	A	O
3351	37504	Noodleshop	O
3351	37505	Oh	O
3351	37506	PEI	PERSON
3351	37507	,	O
3351	37508	i	O
3351	37509	always	O
3351	37510	forget	O
3351	37511	how	O
3351	37512	beautiful	O
3351	37513	you	O
3351	37514	are	O
3351	37515	.	O
3352	37516	Especially	O
3352	37517	when	O
3352	37518	you	O
3352	37519	stop	O
3352	37520	hanging	O
3352	37521	out	O
3352	37522	with	O
3352	37523	tourists	O
3352	37524	.	O
3353	37525	workin	O
3353	37526	at	O
3353	37527	the	O
3353	37528	ol	O
3353	37529	Sunset	LOCATION
3353	37530	Bistro	LOCATION
3353	37531	tonight	O
3353	37532	...	O
3354	37533	come	O
3354	37534	get	O
3354	37535	some	O
3354	37536	grub	O
3354	37537	It	O
3354	37538	's	O
3354	37539	the	O
3354	37540	view	O
3354	37541	from	O
3354	37542	where	O
3354	37543	I	O
3354	37544	'm	O
3354	37545	living	O
3354	37546	for	O
3354	37547	two	O
3354	37548	weeks	O
3354	37549	.	O
3355	37550	Empire	LOCATION
3355	37551	State	LOCATION
3355	37552	Building	LOCATION
3355	37553	=	O
3355	37554	ESB	LOCATION
3355	37555	.	O
3356	37556	Pretty	O
3356	37557	bad	O
3356	37558	storm	O
3356	37559	here	O
3356	37560	last	O
3356	37561	evening	O
3356	37562	.	O
3357	37563	From	O
3357	37564	Green	O
3357	37565	Newsfeed	O
3357	37566	AHFA	ORGANIZATION
3357	37567	extends	O
3357	37568	deadline	O
3357	37569	for	O
3357	37570	Sage	MISC
3357	37571	Award	MISC
3357	37572	to	O
3357	37573	Nov	O
3357	37574	.	O
3358	37575	5	O
3358	37576	Pxleyes	ORGANIZATION
3358	37577	Top	O
3358	37578	50	O
3358	37579	Photography	O
3358	37580	Contest	O
3358	37581	Pictures	O
3358	37582	of	O
3358	37583	August	O
3358	37584	2010	O
3358	37585	...	O
3359	37586	today	O
3359	37587	is	O
3359	37588	my	O
3359	37589	last	O
3359	37590	day	O
3359	37591	at	O
3359	37592	the	O
3359	37593	office	O
3359	37594	.	O
3360	37595	4Dbling	PERSON
3360	37596	's	O
3360	37597	place	O
3360	37598	til	O
3360	37599	monday	O
3360	37600	,	O
3360	37601	party	O
3360	37602	party	O
3360	37603	party	O
3360	37604	.	O
3361	37605	3	O
3361	37606	watching	O
3361	37607	the	O
3361	37608	VMA	MISC
3361	37609	pre-show	O
3361	37610	again	O
3361	37611	lol	O
3361	37612	it	O
3361	37613	was	O
3361	37614	n't	O
3361	37615	even	O
3361	37616	a	O
3361	37617	good	O
3361	37618	show	O
3361	37619	the	O
3361	37620	first	O
3361	37621	time	O
3361	37622	...	O
3362	37623	so	O
3362	37624	bored	O
3362	37625	!	O
3363	37626	27	O
3363	37627	followers	O
3363	37628	!	O
3364	37629	30	O
3364	37630	followers	O
3364	37631	is	O
3364	37632	my	O
3364	37633	goal	O
3364	37634	for	O
3364	37635	today	O
3364	37636	!	O
3365	37637	This	O
3365	37638	is	O
3365	37639	the	O
3365	37640	2nd	O
3365	37641	hospital	O
3365	37642	ive	O
3365	37643	been	O
3365	37644	in	O
3365	37645	today	O
3365	37646	,	O
3365	37647	but	O
3365	37648	ive	O
3365	37649	just	O
3365	37650	seen	O
3365	37651	a	O
3365	37652	doctor	O
3365	37653	who	O
3365	37654	was	O
3365	37655	an	O
3365	37656	older	O
3365	37657	version	O
3365	37658	of	O
3365	37659	justin	O
3365	37660	:'	O
3365	37661	Friday	O
3365	37662	Night	O
3365	37663	Eats	O
3365	37664	Gotta	O
3365	37665	dress	O
3365	37666	up	O
3365	37667	for	O
3365	37668	london	MISC
3365	37669	fashion	MISC
3365	37670	week	MISC
3365	37671	and	O
3365	37672	party	O
3365	37673	in	O
3365	37674	style	O
3365	37675	!	O
3366	37676	whispering	O
3366	37677	cause	O
3366	37678	I	O
3366	37679	may	O
3366	37680	have	O
3366	37681	had	O
3366	37682	1	O
3366	37683	too	O
3366	37684	many	O
3366	37685	vodka	O
3366	37686	's	O
3366	37687	last	O
3366	37688	night	O
3366	37689	and	O
3366	37690	am	O
3366	37691	a	O
3366	37692	lil	O
3366	37693	fragile	O
3366	37694	,	O
3366	37695	hold	O
3366	37696	me	O
3366	37697	?	O
3367	37698	Week	O
3367	37699	2	O
3367	37700	picks	O
3367	37701	blog	O
3367	37702	is	O
3367	37703	up	O
3367	37704	on	O
3367	37705	website	O
3367	37706	...	O
3368	37707	I	O
3368	37708	like	O
3368	37709	songs	O
3368	37710	after	O
3368	37711	a	O
3368	37712	few	O
3368	37713	drinks	O
3368	37714	...	O
3369	37715	asked	O
3369	37716	me	O
3369	37717	a	O
3369	37718	question	O
3369	37719	for	O
3369	37720	once	O
3369	37721	,	O
3369	37722	but	O
3369	37723	no	O
3369	37724	!	O
3370	37725	You	O
3370	37726	ask	O
3370	37727	me	O
3370	37728	about	O
3370	37729	fucking	O
3370	37730	donuts	O
3370	37731	you	O
3370	37732	donut	O
3370	37733	...	O
3371	37734	have	O
3371	37735	a	O
3371	37736	nice	O
3371	37737	day	O
3371	37738	:P	O
3371	37739	every	O
3371	37740	year	O
3371	37741	your	O
3371	37742	bestfriend	O
3371	37743	get	O
3371	37744	yo	O
3371	37745	ass	O
3371	37746	in	O
3371	37747	trouble	O
3371	37748	smdh	O
3371	37749	RT	O
3371	37750	hate	O
3371	37751	people	O
3371	37752	who	O
3371	37753	write	O
3371	37754	drunk	O
3371	37755	status'.	O
3372	37756	must	O
3372	37757	be	O
3372	37758	having	O
3372	37759	a	O
3372	37760	great	O
3372	37761	time	O
3372	37762	if	O
3372	37763	your	O
3372	37764	sat	O
3372	37765	writing	O
3372	37766	it	O
3372	37767	on	O
3372	37768	facebook	ORGANIZATION
3372	37769	.....	O
3373	37770	tru	O
3373	37771	tru	O
3373	37772	I	O
3373	37773	'm	O
3373	37774	leavin	O
3373	37775	again	O
3373	37776	on	O
3373	37777	Tuesday	O
3373	37778	yo	O
3373	37779	The	O
3373	37780	guys	O
3373	37781	are	O
3373	37782	cooking	O
3373	37783	about	O
3373	37784	a	O
3373	37785	dozen	O
3373	37786	pizzas	O
3373	37787	at	O
3373	37788	our	O
3373	37789	house	O
3373	37790	for	O
3373	37791	the	O
3373	37792	tailgate	O
3373	37793	tonight	O
3373	37794	.	O
3374	37795	Nonetheless	O
3374	37796	it	O
3374	37797	smells	O
3374	37798	fresh	O
3374	37799	in	O
3374	37800	this	O
3374	37801	place	O
3374	37802	.	O
3375	37803	I	O
3375	37804	heart	O
3375	37805	Parking	MISC
3375	37806	Day	MISC
3375	37807	!	O
3376	37808	Photo	O
3376	37809	of	O
3376	37810	meter	O
3376	37811	shark	O
3376	37812	hows	O
3376	37813	everyones	O
3376	37814	day	O
3376	37815	goin	O
3376	37816	?	O
3377	37817	and	O
3377	37818	i	O
3377	37819	also	O
3377	37820	loved	O
3377	37821	the	O
3377	37822	last	O
3377	37823	years	O
3377	37824	eurovision	O
3377	37825	entry	O
3377	37826	!!	O
3378	37827	hoppaa	O
3378	37828	!	O
3379	37829	they	O
3379	37830	were	O
3379	37831	cool	O
3379	37832	too	O
3379	37833	!!	O
3380	37834	MetroPCS	ORGANIZATION
3380	37835	has	O
3380	37836	the	O
3380	37837	worst	O
3380	37838	customer	O
3380	37839	service	O
3380	37840	I	O
3380	37841	've	O
3380	37842	experienced	O
3380	37843	in	O
3380	37844	months	O
3380	37845	trying	O
3380	37846	to	O
3380	37847	help	O
3380	37848	someone	O
3380	37849	order	O
3380	37850	a	O
3380	37851	phone	O
3380	37852	He	O
3380	37853	has	O
3380	37854	a	O
3380	37855	habit	O
3380	37856	of	O
3380	37857	tweeting	O
3380	37858	at	O
3380	37859	the	O
3380	37860	same	O
3380	37861	time	O
3380	37862	as	O
3380	37863	you	O
3380	37864	lol	O
3380	37865	A	O
3380	37866	TRUE	O
3380	37867	friend	O
3380	37868	walks	O
3380	37869	in	O
3380	37870	when	O
3380	37871	everybody	O
3380	37872	else	O
3380	37873	walks	O
3380	37874	out	O
3380	37875	!	O
3381	37876	Yay	O
3381	37877	.	O
3382	37878	is	O
3382	37879	coming	O
3382	37880	to	O
3382	37881	see	O
3382	37882	me	O
3382	37883	next	O
3382	37884	week	O
3382	37885	...	O
3383	37886	plotting	O
3383	37887	my	O
3383	37888	cooking	O
3383	37889	now	O
3383	37890	!	O
3384	37891	*Smiles	O
3384	37892	up	O
3384	37893	at	O
3384	37894	him*	O
3384	37895	Can	O
3384	37896	we	O
3384	37897	just	O
3384	37898	...	O
3385	37899	sit	O
3385	37900	together	O
3385	37901	for	O
3385	37902	a	O
3385	37903	while	O
3385	37904	before	O
3385	37905	round	O
3385	37906	two	O
3385	37907	?	O
3386	37908	the	O
3386	37909	tears	O
3386	37910	may	O
3386	37911	have	O
3386	37912	been	O
3386	37913	and	O
3386	37914	gone	O
3386	37915	,	O
3386	37916	but	O
3386	37917	the	O
3386	37918	feeling	O
3386	37919	still	O
3386	37920	stay	O
3386	37921	the	O
3386	37922	same	O
3386	37923	.	O
3387	37924	I	O
3387	37925	've	O
3387	37926	got	O
3387	37927	some	O
3387	37928	bad	O
3387	37929	news	O
3387	37930	,	O
3387	37931	Yeah	O
3387	37932	I	O
3387	37933	cant	O
3387	37934	come	O
3387	37935	to	O
3387	37936	the	O
3387	37937	meeting	O
3387	37938	tomorrow	O
3387	37939	.	O
3388	37940	S	O
3388	37941	I	O
3388	37942	'm	O
3388	37943	missing	O
3388	37944	autumn	O
3388	37945	because	O
3388	37946	of	O
3388	37947	work	O
3388	37948	.	O
3389	37949	:(	O
3390	37950	I	O
3390	37951	must	O
3390	37952	get	O
3390	37953	into	O
3390	37954	the	O
3390	37955	forests	O
3390	37956	tomorrow	O
3390	37957	!	O
3391	37958	Fellas	O
3391	37959	Do	O
3391	37960	n't	O
3391	37961	just	O
3391	37962	lick	O
3391	37963	the	O
3391	37964	PussyY	O
3391	37965	,	O
3391	37966	LOVE	O
3391	37967	IT	O
3391	37968	!	O
3392	37969	enjoy	O
3392	37970	it	O
3392	37971	.	O
3393	37972	like	O
3393	37973	u	O
3393	37974	just	O
3393	37975	got	O
3393	37976	married	O
3393	37977	the	O
3393	37978	preacher	O
3393	37979	said	O
3393	37980	u	O
3393	37981	may	O
3393	37982	kiss	O
3393	37983	the	O
3393	37984	bride	O
3393	37985	RT	O
3393	37986	Pisces	O
3393	37987	tend	O
3393	37988	to	O
3393	37989	escape	O
3393	37990	into	O
3393	37991	fantasy	O
3393	37992	and	O
3393	37993	day	O
3393	37994	dreams	O
3393	37995	.	O
3394	37996	There	O
3394	37997	they	O
3394	37998	are	O
3394	37999	free	O
3394	38000	.	O
3395	38001	Cant	O
3395	38002	wait	O
3395	38003	for	O
3395	38004	the	O
3395	38005	ravens	ORGANIZATION
3395	38006	game	O
3395	38007	tomorrow	O
3395	38008	....	O
3396	38009	go	O
3396	38010	ray	PERSON
3396	38011	rice	PERSON
3396	38012	!!!!!!!	O
3397	38013	I	O
3397	38014	just	O
3397	38015	took	O
3397	38016	When	O
3397	38017	your	O
3397	38018	mom	O
3397	38019	makes	O
3397	38020	you	O
3397	38021	go	O
3397	38022	live	O
3397	38023	with	O
3397	38024	your	O
3397	38025	dad	O
3397	38026	Scooter	PERSON
3397	38027	Braun	PERSON
3397	38028	,	O
3397	38029	your	O
3397	38030	life	O
3397	38031	"..."""	O
3398	38032	and	O
3398	38033	got	O
3398	38034	Part	O
3398	38035	7	O
3398	38036	!	O
3399	38037	Try	O
3399	38038	it	O
3399	38039	I	O
3399	38040	miss	O
3399	38041	being	O
3399	38042	able	O
3399	38043	to	O
3399	38044	run	O
3399	38045	and	O
3399	38046	dance	O
3399	38047	around	O
3399	38048	all	O
3399	38049	day	O
3399	38050	instead	O
3399	38051	of	O
3399	38052	having	O
3399	38053	to	O
3399	38054	catch	O
3399	38055	my	O
3399	38056	breath	O
3399	38057	every	O
3399	38058	five	O
3399	38059	minutes	O
3399	38060	of	O
3399	38061	my	O
3399	38062	life	O
3399	38063	.	O
3400	38064	hey	O
3400	38065	snoop	PERSON
3400	38066	my	O
3400	38067	wife	O
3400	38068	Cath	O
3400	38069	is	O
3400	38070	30	O
3400	38071	today	O
3400	38072	,	O
3400	38073	any	O
3400	38074	chance	O
3400	38075	of	O
3400	38076	a	O
3400	38077	shout	O
3400	38078	out	O
3400	38079	to	O
3400	38080	her	O
3400	38081	,	O
3400	38082	Today	O
3400	38083	I	O
3400	38084	got	O
3400	38085	a	O
3400	38086	promotion	O
3400	38087	at	O
3400	38088	work	O
3400	38089	,	O
3400	38090	and	O
3400	38091	tomorrow	O
3400	38092	I	O
3400	38093	'm	O
3400	38094	going	O
3400	38095	home	O
3400	38096	to	O
3400	38097	Wisconsin	LOCATION
3400	38098	for	O
3400	38099	a	O
3400	38100	few	O
3400	38101	days	O
3400	38102	.	O
3401	38103	So	O
3401	38104	content	O
3401	38105	with	O
3401	38106	life	O
3401	38107	right	O
3401	38108	now	O
3401	38109	.	O
3402	38110	:)	O
3403	38111	TWEET	O
3403	38112	!	O
3404	38113	Empls	O
3404	38114	of	O
3404	38115	the	O
3404	38116	Month	O
3404	38117	Deborah	PERSON
3404	38118	L	PERSON
3404	38119	-Childrens	O
3404	38120	Rehab	O
3404	38121	and	O
3404	38122	Patricia	PERSON
3404	38123	M	PERSON
3404	38124	/Auth	O
3404	38125	-Womens	O
3404	38126	!	O
3405	38127	RT	O
3405	38128	RT	O
3405	38129	this	O
3405	38130	if	O
3405	38131	you	O
3405	38132	want	O
3405	38133	me	O
3405	38134	to	O
3405	38135	go	O
3405	38136	back	O
3405	38137	live	O
3405	38138	on	O
3405	38139	Ustream	ORGANIZATION
3405	38140	later	O
3405	38141	tonight	O
3405	38142	Really	O
3405	38143	hope	O
3405	38144	I	O
3405	38145	can	O
3405	38146	get	O
3405	38147	to	O
3405	38148	for	O
3405	38149	Winter	MISC
3405	38150	's	MISC
3405	38151	Bone	MISC
3405	38152	-	O
3405	38153	need	O
3405	38154	to	O
3405	38155	get	O
3405	38156	on	O
3405	38157	with	O
3405	38158	job	O
3405	38159	applications	O
3405	38160	tonight	O
3405	38161	then	O
3405	38162	!	O
3406	38163	Trailer	O
3406	38164	RT	O
3406	38165	still	O
3406	38166	the	O
3406	38167	funniest	O
3406	38168	photo	O
3406	38169	.	O
3407	38170	of	O
3407	38171	all	O
3407	38172	time	O
3407	38173	.	O
3408	38174	ALL	O
3408	38175	TIME	O
3408	38176	.	O
3409	38177	I	O
3409	38178	have	O
3409	38179	eaten	O
3409	38180	a	O
3409	38181	large	O
3409	38182	quantity	O
3409	38183	of	O
3409	38184	oranges	O
3409	38185	this	O
3409	38186	week	O
3409	38187	...	O
3410	38188	Bonfire	O
3410	38189	tonite	O
3410	38190	.	O
3411	38191	All	O
3411	38192	are	O
3411	38193	welcome	O
3411	38194	,	O
3411	38195	joe	PERSON
3411	38196	included	O
3411	38197	totally	O
3411	38198	!	O
3412	38199	I	O
3412	38200	can	O
3412	38201	go	O
3412	38202	a	O
3412	38203	week	O
3412	38204	w/o	O
3412	38205	tv	O
3412	38206	,	O
3412	38207	phones	O
3412	38208	or	O
3412	38209	a	O
3412	38210	computer	O
3412	38211	.	O
3413	38212	I	O
3413	38213	get	O
3413	38214	some	O
3413	38215	time	O
3413	38216	to	O
3413	38217	myself	O
3413	38218	and	O
3413	38219	God	PERSON
3413	38220	.	O
3414	38221	Brings	O
3414	38222	peace	O
3414	38223	into	O
3414	38224	my	O
3414	38225	life	O
3414	38226	.	O
3415	38227	i	O
3415	38228	want	O
3415	38229	a	O
3415	38230	bath	O
3415	38231	but	O
3415	38232	do	O
3415	38233	n't	O
3415	38234	have	O
3415	38235	a	O
3415	38236	bath	O
3415	38237	,	O
3415	38238	shut	O
3415	38239	up	O
3415	38240	,	O
3415	38241	sam	PERSON
3415	38242	's	O
3415	38243	coming	O
3415	38244	tomorrow	O
3415	38245	and	O
3415	38246	steve	PERSON
3415	38247	and	O
3415	38248	tanya	PERSON
3415	38249	will	O
3415	38250	be	O
3415	38251	round	O
3415	38252	at	O
3415	38253	10am	O
3415	38254	so	O
3415	38255	go	O
3415	38256	away	O
3415	38257	you	O
3415	38258	mean	O
3415	38259	people	O
3415	38260	What	O
3415	38261	Do	O
3415	38262	S.F.	LOCATION
3416	38263	Rabbis	O
3416	38264	Eat	O
3416	38265	Before	O
3416	38266	and	O
3416	38267	After	O
3416	38268	Yom	MISC
3416	38269	Kippur	MISC
3416	38270	?	O
3417	38271	We	O
3417	38272	Asked	O
3417	38273	Five	O
3417	38274	to	O
3417	38275	Enlighten	O
3417	38276	Us	O
3417	38277	!	O
3418	38278	via	O
3418	38279	Not	O
3418	38280	only	O
3418	38281	is	O
3418	38282	it	O
3418	38283	's	O
3418	38284	32nd	O
3418	38285	Anniversary	O
3418	38286	,	O
3418	38287	tonite	O
3418	38288	is	O
3418	38289	the	O
3418	38290	3rd	O
3418	38291	season	O
3418	38292	premiere	O
3418	38293	of	O
3418	38294	!!	O
3419	38295	just	O
3419	38296	about	O
3419	38297	off	O
3419	38298	work	O
3419	38299	!	O
3420	38300	going	O
3420	38301	to	O
3420	38302	alderwood	LOCATION
3420	38303	again	O
3420	38304	:)	O
3421	38305	yay	O
3421	38306	.	O
3422	38307	hopefully	O
3422	38308	we	O
3422	38309	got	O
3422	38310	cody	O
3422	38311	's	O
3422	38312	ipod	MISC
3422	38313	in	O
3422	38314	the	O
3422	38315	mail	O
3422	38316	today	O
3422	38317	.	O
3423	38318	RT	O
3423	38319	Kreeg	O
3423	38320	net	O
3423	38321	een	O
3423	38322	bruikbare	O
3423	38323	tip	O
3423	38324	van	O
3423	38325	iemand	O
3423	38326	die	O
3423	38327	vorige	O
3423	38328	week	O
3423	38329	was	O
3423	38330	begonnen	O
3423	38331	met	O
3423	38332	een	O
3423	38333	whiskydieet	O
3423	38334	,	O
3423	38335	hij	O
3423	38336	was	O
3423	38337	nu	O
3423	38338	al	O
3423	38339	3	O
3423	38340	dagen	O
3423	38341	kwijt	O
3423	38342	Its	O
3423	38343	stupid	O
3423	38344	I	O
3423	38345	hate	O
3423	38346	getn	O
3423	38347	a	O
3423	38348	attitude	O
3423	38349	from	O
3423	38350	ppl	O
3423	38351	when	O
3423	38352	I	O
3423	38353	'm	O
3423	38354	jus	O
3423	38355	tryna	O
3423	38356	be	O
3423	38357	nice	O
3423	38358	n	O
3423	38359	shit	O
3423	38360	.	O
3424	38361	WTF	O
3424	38362	now	O
3424	38363	I	O
3424	38364	'm	O
3424	38365	mad	O
3424	38366	so	O
3424	38367	dnt	O
3424	38368	talk	O
3424	38369	to	O
3424	38370	me	O
3424	38371	right	O
3424	38372	now	O
3424	38373	RT	O
3424	38374	I	O
3424	38375	remember	O
3424	38376	when	O
3424	38377	i	O
3424	38378	was	O
3424	38379	your	O
3424	38380	age	O
3424	38381	,	O
3424	38382	spencer	PERSON
3424	38383	from	O
3424	38384	iCarly	MISC
3424	38385	was	O
3424	38386	Crazy	PERSON
3424	38387	Steve	PERSON
3424	38388	,	O
3424	38389	Carly	PERSON
3424	38390	was	O
3424	38391	Megan	PERSON
3424	38392	and	O
3424	38393	Josh	PERSON
3424	38394	was	O
3424	38395	fat	O
3424	38396	.	O
3425	38397	Last	O
3425	38398	stop	O
3425	38399	of	O
3425	38400	the	O
3425	38401	day	O
3425	38402	thank	O
3425	38403	goddddd	O
3425	38404	H-E-B	O
3425	38405	Plus	O
3425	38406	im	O
3425	38407	getting	O
3425	38408	mine	O
3425	38409	off	O
3425	38410	this	O
3425	38411	monday	O
3425	38412	:'	O
3425	38413	..	O
3426	38414	im	O
3426	38415	in	O
3426	38416	the	O
3426	38417	hair	O
3426	38418	salon	O
3426	38419	right	O
3426	38420	now	O
3426	38421	..	O
3427	38422	smh	O
3427	38423	..	O
3428	38424	Friday	O
3428	38425	,	O
3428	38426	its	O
3428	38427	packed	O
3428	38428	in	O
3428	38429	here	O
3428	38430	RT	O
3428	38431	Where	O
3428	38432	is	O
3428	38433	???	O
3429	38434	Ah	O
3429	38435	I	O
3429	38436	know	O
3429	38437	!	O
3430	38438	She	O
3430	38439	is	O
3430	38440	simply	O
3430	38441	the	O
3430	38442	best	O
3430	38443	in	O
3430	38444	The	O
3430	38445	Sept	O
3430	38446	Issue	O
3430	38447	.	O
3431	38448	My	O
3431	38449	boyfriend	O
3431	38450	's	O
3431	38451	aunt	O
3431	38452	worked	O
3431	38453	for	O
3431	38454	Anna	PERSON
3431	38455	Wintor	PERSON
3431	38456	in	O
3431	38457	NY	O
3431	38458	.	O
3432	38459	You	O
3432	38460	gotta	O
3432	38461	let	O
3432	38462	em	O
3432	38463	lick	O
3432	38464	it	O
3432	38465	before	O
3432	38466	they	O
3432	38467	stick	O
3432	38468	it	O
3432	38469	There	O
3432	38470	's	O
3432	38471	a	O
3432	38472	lot	O
3432	38473	of	O
3432	38474	people	O
3432	38475	showing	O
3432	38476	off	O
3432	38477	their	O
3432	38478	iPhones	MISC
3432	38479	on	O
3432	38480	facebook	ORGANIZATION
3432	38481	today	O
3432	38482	,	O
3432	38483	so	O
3432	38484	so	O
3432	38485	is	O
3432	38486	at	O
3432	38487	such	O
3432	38488	a	O
3432	38489	place	O
3432	38490	,	O
3432	38491	it	O
3432	38492	's	O
3432	38493	really	O
3432	38494	not	O
3432	38495	that	O
3432	38496	interesting	O
3432	38497	;o	O
3432	38498	lol	O
3432	38499	you	O
3432	38500	always	O
3432	38501	got	O
3432	38502	problems	O
3432	38503	with	O
3432	38504	ur	O
3432	38505	hair	O
3432	38506	you	O
3432	38507	said	O
3432	38508	somethin	O
3432	38509	last	O
3432	38510	time	O
3432	38511	like	O
3432	38512	they	O
3432	38513	didnt	O
3432	38514	cut	O
3432	38515	it	O
3432	38516	right	O
3432	38517	ha	O
3432	38518	For	O
3432	38519	code	O
3432	38520	I	O
3432	38521	've	O
3432	38522	written	O
3432	38523	since	O
3432	38524	Sept	O
3432	38525	09	O
3432	38526	,	O
3432	38527	the	O
3432	38528	delay	O
3432	38529	between	O
3432	38530	commit	O
3432	38531	to	O
3432	38532	SCM	O
3432	38533	and	O
3432	38534	running	O
3432	38535	on	O
3432	38536	customer	O
3432	38537	hardware	O
3432	38538	has	O
3432	38539	been	O
3432	38540	about	O
3432	38541	10	O
3432	38542	days	O
3432	38543	.	O
3433	38544	AND	O
3433	38545	EVERYTHING	O
3433	38546	YOU	O
3433	38547	STAND	O
3433	38548	FOR	O
3433	38549	,	O
3433	38550	TURNS	O
3433	38551	ON	O
3433	38552	YOU	O
3433	38553	TO	O
3433	38554	SPITE	O
3433	38555	YOU	O
3433	38556	?	O
3434	38557	WHAT	O
3434	38558	HAPPENS	O
3434	38559	WHEN	O
3434	38560	YOU	O
3434	38561	BECOME	O
3434	38562	THE	O
3434	38563	MAIN	O
3434	38564	SOURCE	O
3434	38565	OF	O
3434	38566	HER	O
3434	38567	PAIN	O
3434	38568	?	O
3435	38569	Yo	O
3435	38570	kids	O
3435	38571	!	O
3436	38572	Today	O
3436	38573	's	O
3436	38574	ACF	MISC
3436	38575	Friday	MISC
3436	38576	Large	MISC
3436	38577	Group	MISC
3436	38578	is	O
3436	38579	at	O
3436	38580	PITT	LOCATION
3436	38581	University	LOCATION
3436	38582	!	O
3437	38583	It	O
3437	38584	's	O
3437	38585	at	O
3437	38586	Cathedral	LOCATION
3437	38587	of	LOCATION
3437	38588	Learning	LOCATION
3437	38589	G24	LOCATION
3437	38590	at	O
3437	38591	7pm	O
3437	38592	!	O
3438	38593	Be	O
3438	38594	sure	O
3438	38595	to	O
3438	38596	check	O
3438	38597	it	O
3438	38598	out	O
3438	38599	!	O
3439	38600	RT	O
3439	38601	Ah	O
3439	38602	,	O
3439	38603	i	O
3439	38604	asked	O
3439	38605	for	O
3439	38606	a	O
3439	38607	follow	O
3439	38608	back	O
3439	38609	-	O
3439	38610	when	O
3439	38611	i	O
3439	38612	already	O
3439	38613	hadd	O
3439	38614	one	O
3439	38615	so	O
3439	38616	they	O
3439	38617	call	O
3439	38618	me	O
3439	38619	thirsty	O
3439	38620	lmao	O
3439	38621	?	O
3440	38622	Fck	O
3440	38623	you	O
3440	38624	...	O
3441	38625	:(	O
3442	38626	RT	O
3442	38627	Who	O
3442	38628	is	O
3442	38629	coming	O
3442	38630	to	O
3442	38631	the	O
3442	38632	show	O
3442	38633	tomorrow	O
3442	38634	in	O
3442	38635	Hawaii	LOCATION
3442	38636	?	O
3443	38637	chinese	O
3443	38638	food	O
3443	38639	..	O
3444	38640	stayin	O
3444	38641	in	O
3444	38642	for	O
3444	38643	tonight	O
3444	38644	but	O
3444	38645	goin	O
3444	38646	to	O
3444	38647	the	O
3444	38648	archery	O
3444	38649	range	O
3444	38650	either	O
3444	38651	tomorrow	O
3444	38652	or	O
3444	38653	sunday	O
3444	38654	got	O
3444	38655	mine	O
3444	38656	in	O
3444	38657	bbt	O
3444	38658	aintree	LOCATION
3444	38659	today	O
3444	38660	.	O
3445	38661	Played	O
3445	38662	table	O
3445	38663	tennis	O
3445	38664	on	O
3445	38665	it	O
3445	38666	in	O
3445	38667	store	O
3445	38668	!	O
3446	38669	V	O
3446	38670	impressed	O
3446	38671	.	O
3447	38672	Did	O
3447	38673	you	O
3447	38674	get	O
3447	38675	analogue	O
3447	38676	controller	O
3447	38677	2	O
3447	38678	?	O
3448	38679	RT	O
3448	38680	Funniest	O
3448	38681	thing	O
3448	38682	I	O
3448	38683	heard	O
3448	38684	this	O
3448	38685	week	O
3448	38686	.	O
3449	38687	Wingo	PERSON
3449	38688	tellin	O
3449	38689	me	O
3449	38690	and	O
3449	38691	wood	O
3449	38692	.	O
3450	38693	I	O
3450	38694	'm	O
3450	38695	scared	O
3450	38696	powpowCowboy_Wingo	O
3450	38697	Today	O
3450	38698	's	O
3450	38699	cheer	O
3450	38700	went	O
3450	38701	from	O
3450	38702	awful	O
3450	38703	to	O
3450	38704	awesome	O
3450	38705	from	O
3450	38706	the	O
3450	38707	moment	O
3450	38708	I	O
3450	38709	realized	O
3450	38710	I	O
3450	38711	did	O
3450	38712	not	O
3450	38713	have	O
3450	38714	class	O
3450	38715	today	O
3450	38716	.	O
3451	38717	Time	ORGANIZATION
3451	38718	Warner	ORGANIZATION
3451	38719	Cable	ORGANIZATION
3451	38720	Boycotting	O
3451	38721	Epix	MISC
3451	38722	Movie	MISC
3451	38723	Channel	MISC
3451	38724	Because	O
3451	38725	It	O
3451	38726	Did	O
3451	38727	A	O
3451	38728	Deal	O
3451	38729	With	O
3451	38730	Netflix	ORGANIZATION
3451	38731	Fresh	O
3451	38732	out	O
3451	38733	the	O
3451	38734	psych	O
3451	38735	ward	O
3451	38736	today	O
3451	38737	Today	O
3451	38738	was	O
3451	38739	awesome	O
3451	38740	,	O
3451	38741	I	O
3451	38742	finally	O
3451	38743	get	O
3451	38744	to	O
3451	38745	relax	O
3451	38746	:)	O
3452	38747	My	O
3452	38748	age	O
3452	38749	is	O
3452	38750	458	O
3452	38751	days	O
3452	38752	0	O
3452	38753	hours	O
3452	38754	3	O
3452	38755	minutes	O
3452	38756	49	O
3452	38757	seconds	O
3452	38758	.	O
3453	38759	Find	O
3453	38760	out	O
3453	38761	yours	O
3453	38762	at	O
3453	38763	What	O
3453	38764	is	O
3453	38765	it	O
3453	38766	with	O
3453	38767	people	O
3453	38768	and	O
3453	38769	punctuality	O
3453	38770	?	O
3454	38771	I	O
3454	38772	used	O
3454	38773	to	O
3454	38774	be	O
3454	38775	that	O
3454	38776	guy	O
3454	38777	and	O
3454	38778	honestly	O
3454	38779	,	O
3454	38780	it	O
3454	38781	's	O
3454	38782	a	O
3454	38783	haze	O
3454	38784	now	O
3454	38785	.	O
3455	38786	Just	O
3455	38787	be	O
3455	38788	on	O
3455	38789	time	O
3455	38790	.	O
3456	38791	It	O
3456	38792	's	O
3456	38793	not	O
3456	38794	like	O
3456	38795	its	O
3456	38796	a	O
3456	38797	surprise	O
3456	38798	.	O
3457	38799	After	O
3457	38800	I	O
3457	38801	pet	O
3457	38802	a	O
3457	38803	kitten	O
3457	38804	on	O
3457	38805	JFK	PERSON
3457	38806	,	O
3457	38807	the	O
3457	38808	owners	O
3457	38809	informed	O
3457	38810	me	O
3457	38811	it	O
3457	38812	's	O
3457	38813	double-pawed	O
3457	38814	polydactyl	O
3457	38815	,	O
3457	38816	which	O
3457	38817	is	O
3457	38818	a	O
3457	38819	form	O
3457	38820	of	O
3457	38821	retardation	O
3457	38822	in	O
3457	38823	the	O
3457	38824	animal	O
3457	38825	kingdom	O
3457	38826	Soulja	PERSON
3457	38827	Boy	PERSON
3457	38828	|	O
3457	38829	TheDeAndreWay	O
3457	38830	.	O
3458	38831	com	O
3458	38832	-	O
3458	38833	The	O
3458	38834	DeAndre	O
3458	38835	Way	O
3458	38836	in	O
3458	38837	stores	O
3458	38838	Nov	O
3458	38839	.	O
3459	38840	2	O
3459	38841	,	O
3459	38842	2010	O
3459	38843	via	O
3459	38844	About	O
3459	38845	online	O
3459	38846	dietician	O
3459	38847	A	O
3459	38848	thinner	O
3459	38849	stool	O
3459	38850	than	O
3459	38851	usual	O
3459	38852	can	O
3459	38853	be	O
3459	38854	identified	O
3459	38855	and	O
3459	38856	removed	O
3459	38857	before	O
3459	38858	they	O
3459	38859	get	O
3459	38860	are	O
3459	38861	2	O
3459	38862	weeks	O
3459	38863	ago	O
3459	38864	J	O
3459	38865	...	O
3460	38866	RT	O
3460	38867	Here	O
3460	38868	in	O
3460	38869	DC	LOCATION
3460	38870	!	O
3461	38871	About	O
3461	38872	to	O
3461	38873	get	O
3461	38874	some	O
3461	38875	rest	O
3461	38876	!	O
3462	38877	Looking	O
3462	38878	forward	O
3462	38879	to	O
3462	38880	tonight	O
3462	38881	!	O
3463	38882	Yes-sir	O
3463	38883	!	O
3464	38884	RT	O
3464	38885	your	O
3464	38886	big	O
3464	38887	questions	O
3464	38888	about	O
3464	38889	the	O
3464	38890	new	O
3464	38891	Twitter	ORGANIZATION
3464	38892	.	O
3465	38893	com	O
3465	38894	today	O
3465	38895	at	O
3465	38896	1pm	O
3465	38897	PST	O
3465	38898	.	O
3466	38899	'll	O
3466	38900	be	O
3466	38901	responding	O
3466	38902	from	O
3466	38903	his	O
3466	38904	own	O
3466	38905	account	O
3466	38906	ev	O
3466	38907	.	O
3467	38908	Make	O
3467	38909	...	O
3468	38910	I	O
3468	38911	need	O
3468	38912	a	O
3468	38913	syringe	O
3468	38914	of	O
3468	38915	anything	O
3468	38916	you	O
3468	38917	want	O
3468	38918	but	O
3468	38919	which	O
3468	38920	will	O
3468	38921	switch	O
3468	38922	me	O
3468	38923	off	O
3468	38924	till	O
3468	38925	tomorrow	O
3468	38926	noon	O
3468	38927	,	O
3468	38928	anyone	O
3468	38929	??	O
3469	38930	RT	O
3469	38931	when	O
3469	38932	you	O
3469	38933	are	O
3469	38934	comfortable	O
3469	38935	with	O
3469	38936	yourself	O
3469	38937	nothing	O
3469	38938	else	O
3469	38939	matters	O
3469	38940	nobody	O
3469	38941	can	O
3469	38942	tell	O
3469	38943	you	O
3469	38944	about	O
3469	38945	yourself	O
3469	38946	Lindsay	PERSON
3469	38947	Lohan	PERSON
3469	38948	allegedly	O
3469	38949	failed	O
3469	38950	her	O
3469	38951	drug	O
3469	38952	test	O
3469	38953	.	O
3470	38954	So	O
3470	38955	not	O
3470	38956	fetch	O
3470	38957	.	O
3471	38958	Quick	O
3471	38959	,	O
3471	38960	let	O
3471	38961	's	O
3471	38962	all	O
3471	38963	put	O
3471	38964	on	O
3471	38965	our	O
3471	38966	shocked	O
3471	38967	faces	O
3471	38968	that	O
3471	38969	23	O
3471	38970	days	O
3471	38971	of	O
3471	38972	rehab	O
3471	38973	did	O
3471	38974	n't	O
3471	38975	work	O
3471	38976	!	O
3472	38977	I	O
3472	38978	remember	O
3472	38979	when	O
3472	38980	you	O
3472	38981	all	O
3472	38982	were	O
3472	38983	thiiis	O
3472	38984	big	O
3472	38985	,	O
3472	38986	you	O
3472	38987	know	O
3472	38988	?	O
3473	38989	I	O
3473	38990	have	O
3473	38991	a	O
3473	38992	strong	O
3473	38993	hunch	O
3473	38994	Adam	PERSON
3473	38995	will	O
3473	38996	be	O
3473	38997	a	O
3473	38998	story	O
3473	38999	on	O
3473	39000	TMZ	MISC
3473	39001	tonight	O
3473	39002	.	O
3474	39003	Gulp	O
3474	39004	.	O
3475	39005	WEDNESDAY	O
3475	39006	NITES	O
3475	39007	WE	O
3475	39008	CRANK	O
3475	39009	IT	O
3475	39010	UP	O
3475	39011	AT	O
3475	39012	VISIONS	LOCATION
3475	39013	LOUNGE	LOCATION
3475	39014	!!!!!	O
3476	39015	18+	O
3476	39016	NO	O
3476	39017	COLLEGE	O
3476	39018	ID	O
3476	39019	NEEDED	O
3476	39020	!	O
3477	39021	LADIES	O
3477	39022	FREE	O
3477	39023	B4	O
3477	39024	11PM	O
3477	39025	!	O
3478	39026	VISIONS	LOCATION
3478	39027	LOUNGE	LOCATION
3478	39028	247	O
3478	39029	1ST	O
3478	39030	AVE	O
3478	39031	HKY	O
3478	39032	LMAO	O
3478	39033	!	O
3479	39034	When	O
3479	39035	is	O
3479	39036	tht	O
3479	39037	one	O
3479	39038	day	O
3479	39039	?:	O
3480	39040	P	O
3480	39041	RT	O
3480	39042	Episodes	O
3480	39043	1-10	O
3480	39044	of	O
3480	39045	Pretty	MISC
3480	39046	Little	MISC
3480	39047	Liars	MISC
3480	39048	will	O
3480	39049	air	O
3480	39050	in	O
3480	39051	the	O
3480	39052	UK	LOCATION
3480	39053	on	O
3480	39054	October	O
3480	39055	18	O
3480	39056	!	O
3481	39057	when	O
3481	39058	mike	PERSON
3481	39059	lets	O
3481	39060	me	O
3481	39061	know	O
3481	39062	,	O
3481	39063	I	O
3481	39064	will	O
3481	39065	let	O
3481	39066	you	O
3481	39067	know	O
3481	39068	.	O
3482	39069	I	O
3482	39070	mean	O
3482	39071	everyone	O
3482	39072	might	O
3482	39073	just	O
3482	39074	switch	O
3482	39075	out	O
3482	39076	a	O
3482	39077	lot	O
3482	39078	.	O
3483	39079	Such	O
3483	39080	a	O
3483	39081	shiny	O
3483	39082	morning	O
3483	39083	!!!	O
3484	39084	Love	O
3484	39085	It	O
3484	39086	.	O
3485	39087	Anyways	O
3485	39088	,	O
3485	39089	today	O
3485	39090	will	O
3485	39091	be	O
3485	39092	very	O
3485	39093	busy	O
3485	39094	!	O
3486	39095	thankk	O
3486	39096	yhuu	O
3486	39097	u	O
3486	39098	just	O
3486	39099	made	O
3486	39100	my	O
3486	39101	day	O
3486	39102	:D	O
3487	39103	Why	O
3487	39104	hate	O
3487	39105	on	O
3487	39106	somebody	O
3487	39107	for	O
3487	39108	doing	O
3487	39109	well	O
3487	39110	when	O
3487	39111	you	O
3487	39112	can	O
3487	39113	simply	O
3487	39114	say	O
3487	39115	great	O
3487	39116	job	O
3487	39117	and	O
3487	39118	move	O
3487	39119	on	O
3487	39120	..	O
3488	39121	Haters	O
3488	39122	u	O
3488	39123	can	O
3488	39124	kill	O
3488	39125	yourself	O
3488	39126	cuz	O
3488	39127	ur	O
3488	39128	losers	O
3488	39129	If	O
3488	39130	you	O
3488	39131	are	O
3488	39132	staying	O
3488	39133	in	O
3488	39134	Gainesville	LOCATION
3488	39135	,	O
3488	39136	come	O
3488	39137	check	O
3488	39138	out	O
3488	39139	Costa	LOCATION
3488	39140	Lounge	LOCATION
3488	39141	TONIGHT	O
3488	39142	!	O
3489	39143	Say	O
3489	39144	you	O
3489	39145	are	O
3489	39146	with	O
3489	39147	salsa	PERSON
3489	39148	caliente	PERSON
3489	39149	and	O
3489	39150	get	O
3489	39151	in	O
3489	39152	...	O
3490	39153	where	O
3490	39154	can	O
3490	39155	I	O
3490	39156	get	O
3490	39157	the	O
3490	39158	official	O
3490	39159	set	O
3490	39160	list	O
3490	39161	to	O
3490	39162	the	O
3490	39163	show	O
3490	39164	at	O
3490	39165	Berkeley	LOCATION
3490	39166	in	O
3490	39167	Oct	O
3490	39168	6th	O
3490	39169	?!	O
3491	39170	Check	O
3491	39171	this	O
3491	39172	video	O
3491	39173	out	O
3491	39174	Three	MISC
3491	39175	Days	MISC
3491	39176	Grace	MISC
3491	39177	-	O
3491	39178	Break	O
3491	39179	Official	O
3491	39180	Music	O
3491	39181	Video	O
3491	39182	HQ	O
3491	39183	via	O
3491	39184	Haha	O
3491	39185	I	O
3491	39186	seen	O
3491	39187	a	O
3491	39188	ped	O
3491	39189	egg	O
3491	39190	called	O
3491	39191	a	O
3491	39192	foot	O
3491	39193	cheese	O
3491	39194	grater	O
3491	39195	today	O
3491	39196	.	O
3492	39197	I	O
3492	39198	found	O
3492	39199	it	O
3492	39200	proper	O
3492	39201	hilarious	O
3492	39202	xD	O
3492	39203	friday	O
3492	39204	night	O
3492	39205	missions	O
3492	39206	iguess	O
3492	39207	!	O
3493	39208	Just	O
3493	39209	got	O
3493	39210	home	O
3493	39211	from	O
3493	39212	school	O
3493	39213	.	O
3494	39214	:D	O
3495	39215	it	O
3495	39216	's	O
3495	39217	friday	O
3495	39218	guys	O
3495	39219	!,	O
3496	39220	Hopefully	O
3496	39221	the	O
3496	39222	Force	O
3496	39223	will	O
3496	39224	be	O
3496	39225	VERY	O
3496	39226	strong	O
3496	39227	with	O
3496	39228	the	O
3496	39229	tonight	O
3496	39230	.	O
3497	39231	We	O
3497	39232	NEED	O
3497	39233	a	O
3497	39234	win	O
3497	39235	.	O
3498	39236	before	O
3498	39237	we	O
3498	39238	start	O
3498	39239	,	O
3498	39240	how	O
3498	39241	old	O
3498	39242	are	O
3498	39243	you	O
3498	39244	?	O
3499	39245	HER	O
3499	39246	I	O
3499	39247	'm	O
3499	39248	15	O
3499	39249	..	O
3500	39250	old	O
3500	39251	enough	O
3500	39252	!........	O
3501	39253	RT	O
3501	39254	Good	O
3501	39255	Morning	O
3501	39256	!	O
3502	39257	Have	O
3502	39258	a	O
3502	39259	pleasant	O
3502	39260	and	O
3502	39261	happy	O
3502	39262	day	O
3502	39263	"!"""	O
3503	39264	when	O
3503	39265	did	O
3503	39266	last	O
3503	39267	tweet	O
3503	39268	,?	O
3504	39269	;)	O
3505	39270	Kay	O
3505	39271	sorry	O
3505	39272	...	O
3506	39273	Well	O
3506	39274	my	O
3506	39275	dad	O
3506	39276	lest	O
3506	39277	when	O
3506	39278	i	O
3506	39279	was	O
3506	39280	3	O
3506	39281	.	O
3507	39282	He	O
3507	39283	has	O
3507	39284	issues	O
3507	39285	.	O
3508	39286	He	O
3508	39287	held	O
3508	39288	a	O
3508	39289	knife	O
3508	39290	at	O
3508	39291	mom	O
3508	39292	.	O
3509	39293	I	O
3509	39294	can	O
3509	39295	STILL	O
3509	39296	remember	O
3509	39297	that	O
3509	39298	...	O
3510	39299	=/	O
3510	39300	OH	O
3510	39301	Power	O
3510	39302	nap	O
3510	39303	.	O
3511	39304	I	O
3511	39305	need	O
3511	39306	it	O
3511	39307	.	O
3512	39308	Its	O
3512	39309	been	O
3512	39310	a	O
3512	39311	stressful	O
3512	39312	week	O
3512	39313	.	O
3513	39314	I'm	O
3513	39315	excited	O
3513	39316	for	O
3513	39317	xmas	MISC
3513	39318	,	O
3513	39319	haha	O
3513	39320	.	O
3514	39321	Goodnight	O
3514	39322	.	O
3515	39323	:)	O
3516	39324	Wow	O
3516	39325	..	O
3517	39326	saw	O
3517	39327	pictures	O
3517	39328	of	O
3517	39329	Robert	PERSON
3517	39330	....	O
3518	39331	spent	O
3518	39332	2	O
3518	39333	1/2	O
3518	39334	years	O
3518	39335	with	O
3518	39336	him	O
3518	39337	.	O
3519	39338	Broke	O
3519	39339	up	O
3519	39340	4	O
3519	39341	months	O
3519	39342	ago	O
3519	39343	&	O
3519	39344	I	O
3519	39345	miss	O
3519	39346	when	O
3519	39347	we	O
3519	39348	were	O
3519	39349	perfect	O
3519	39350	..	O
3520	39351	RT	O
3520	39352	What	O
3520	39353	's	O
3520	39354	done	O
3520	39355	is	O
3520	39356	done	O
3520	39357	,	O
3520	39358	Just	O
3520	39359	leave	O
3520	39360	it	O
3520	39361	alone	O
3520	39362	,	O
3520	39363	and	O
3520	39364	don't	O
3520	39365	regret	O
3520	39366	.	O
3521	39367	Sometimes	O
3521	39368	somethings	O
3521	39369	turn	O
3521	39370	in-to	O
3521	39371	dumb	O
3521	39372	things	O
3521	39373	.	O
3522	39374	And	O
3522	39375	that	O
3522	39376	's	O
3522	39377	when	O
3522	39378	...	O
3523	39379	he'll	O
3523	39380	probaly	O
3523	39381	have	O
3523	39382	something	O
3523	39383	completely	O
3523	39384	different	O
3523	39385	now	O
3523	39386	!	O
3524	39387	Hope	O
3524	39388	your	O
3524	39389	havin	O
3524	39390	a	O
3524	39391	good	O
3524	39392	time	O
3524	39393	We	O
3524	39394	are	O
3524	39395	one	O
3524	39396	step	O
3524	39397	closer	O
3524	39398	to	O
3524	39399	our	O
3524	39400	new	O
3524	39401	kitchens	O
3524	39402	.	O
3525	39403	We	O
3525	39404	chose	O
3525	39405	a	O
3525	39406	maker	O
3525	39407	and	O
3525	39408	had	O
3525	39409	official	O
3525	39410	measurements	O
3525	39411	taken	O
3525	39412	today	O
3525	39413	!	O
3526	39414	RT	O
3526	39415	Please	O
3526	39416	vote	O
3526	39417	for	O
3526	39418	me	O
3526	39419	to	O
3526	39420	be	O
3526	39421	a	O
3526	39422	Deal	O
3526	39423	Pro	O
3526	39424	in	O
3526	39425	Chicago	LOCATION
3526	39426	in	O
3526	39427	November	O
3526	39428	!	O
3527	39429	TY	O
3527	39430	-	O
3527	39431	DO	O
3527	39432	WHAT	O
3527	39433	SAYS	O
3527	39434	!	O
3528	39435	i	O
3528	39436	might	O
3528	39437	join	O
3528	39438	in	O
3528	39439	if	O
3528	39440	I	O
3528	39441	make	O
3528	39442	it	O
3528	39443	home	O
3528	39444	in	O
3528	39445	time	O
3528	39446	.	O
3529	39447	:)	O
3530	39448	that	O
3530	39449	's	O
3530	39450	wazzup	O
3530	39451	.	O
3531	39452	congrats	O
3531	39453	on	O
3531	39454	your	O
3531	39455	win	O
3531	39456	in	O
3531	39457	week	O
3531	39458	1	O
3531	39459	.	O
3532	39460	love	O
3532	39461	to	O
3532	39462	,	O
3532	39463	it	O
3532	39464	's	O
3532	39465	iffy	O
3532	39466	though	O
3532	39467	,	O
3532	39468	i	O
3532	39469	don't	O
3532	39470	wanna	O
3532	39471	give	O
3532	39472	up	O
3532	39473	privacy	O
3532	39474	for	O
3532	39475	the	O
3532	39476	guys	O
3532	39477	.	O
3533	39478	But	O
3533	39479	after	O
3533	39480	episode	O
3533	39481	one	O
3533	39482	,	O
3533	39483	they	O
3533	39484	should	O
3533	39485	be	O
3533	39486	on	O
3533	39487	imdb	MISC
3533	39488	;)	O
3534	39489	One	O
3534	39490	day	O
3534	39491	the	O
3534	39492	things	O
3534	39493	i	O
3534	39494	say	O
3534	39495	and	O
3534	39496	do	O
3534	39497	is	O
3534	39498	gonna	O
3534	39499	get	O
3534	39500	me	O
3534	39501	a	O
3534	39502	nice	O
3534	39503	slap	O
3534	39504	..	O
3535	39505	Shows	O
3535	39506	Tonight-Local	O
3535	39507	Natives	MISC
3535	39508	,	O
3535	39509	Primus	MISC
3535	39510	Marina&Diamonds	O
3535	39511	,	O
3535	39512	Mystery	MISC
3535	39513	Jets	MISC
3535	39514	via	O
3535	39515	Somehow	O
3535	39516	my	O
3535	39517	iPad	MISC
3535	39518	in	O
3535	39519	Airplane	O
3535	39520	mode	O
3535	39521	with	O
3535	39522	WiFi	O
3535	39523	off	O
3535	39524	has	O
3535	39525	no	O
3535	39526	problem	O
3535	39527	connecting	O
3535	39528	to	O
3535	39529	internet	O
3535	39530	.	O
3536	39531	Time	O
3536	39532	for	O
3536	39533	a	O
3536	39534	wipe	O
3536	39535	or	O
3536	39536	downgrade	O
3536	39537	.	O
3537	39538	Just	O
3537	39539	listened	O
3537	39540	to	O
3537	39541	a	O
3537	39542	24	O
3537	39543	y/o	O
3537	39544	kid	O
3537	39545	from	O
3537	39546	japan	LOCATION
3537	39547	who	O
3537	39548	won	O
3537	39549	the	O
3537	39550	national	MISC
3537	39551	flat	MISC
3537	39552	picking	MISC
3537	39553	championship	MISC
3537	39554	flipping	O
3537	39555	amazing	O
3537	39556	r/l	O
3537	39557	august	O
3537	39558	rush	O
3537	39559	Pxleyes	O
3537	39560	Top	O
3537	39561	50	O
3537	39562	Photography	O
3537	39563	Contest	O
3537	39564	Pictures	O
3537	39565	of	O
3537	39566	August	O
3537	39567	2010	O
3537	39568	...	O
3538	39569	RT	O
3538	39570	Wanna	O
3538	39571	meet	O
3538	39572	me	O
3538	39573	,	O
3538	39574	,	O
3538	39575	,	O
3538	39576	and	O
3538	39577	?	O
3539	39578	Come	O
3539	39579	to	O
3539	39580	the	O
3539	39581	Body	MISC
3539	39582	Heat	MISC
3539	39583	signing	O
3539	39584	at	O
3539	39585	Hustler	LOCATION
3539	39586	Hollywood	LOCATION
3539	39587	Sep	O
3539	39588	23rd	O
3539	39589	8-10pm	O
3539	39590	Aggressive	O
3539	39591	Kids	O
3539	39592	With	O
3539	39593	ADHD	O
3539	39594	May	O
3539	39595	Not	O
3539	39596	Need	O
3539	39597	Antipsychotic	O
3539	39598	Meds	O
3539	39599	when	O
3539	39600	ya	O
3539	39601	birthday	O
3539	39602	RT	O
3539	39603	SO	O
3539	39604	WHEN	O
3539	39605	I	O
3539	39606	GET	O
3539	39607	ON	O
3539	39608	106	O
3539	39609	N	O
3539	39610	JOKE	O
3539	39611	AROUND	O
3539	39612	YALL	O
3539	39613	TALK	O
3539	39614	ABOUT	O
3539	39615	ME	O
3539	39616	LIKE	O
3539	39617	A	O
3539	39618	DOG	O
3539	39619	SHAWTY	O
3539	39620	BUT	O
3539	39621	WHEN	O
3539	39622	I	O
3539	39623	BUY	O
3539	39624	30,000	O
3539	39625	WORTH	O
3539	39626	SCHOOL	O
3539	39627	SUPPLY	O
3539	39628	N	O
3539	39629	...	O
3540	39630	I	O
3540	39631	won	O
3540	39632	an	O
3540	39633	election	O
3540	39634	today	O
3540	39635	.	O
3541	39636	It	O
3541	39637	means	O
3541	39638	I	O
3541	39639	get	O
3541	39640	to	O
3541	39641	go	O
3541	39642	to	O
3541	39643	head	O
3541	39644	office	O
3541	39645	and	O
3541	39646	have	O
3541	39647	lots	O
3541	39648	of	O
3541	39649	meetings	O
3541	39650	.	O
3542	39651	It	O
3542	39652	shall	O
3542	39653	be	O
3542	39654	tough	O
3542	39655	but	O
3542	39656	I'm	O
3542	39657	looking	O
3542	39658	forward	O
3542	39659	to	O
3542	39660	it	O
3542	39661	.	O
3543	39662	you	O
3543	39663	whittier	O
3543	39664	kids	O
3543	39665	have	O
3543	39666	been	O
3543	39667	on	O
3543	39668	a	O
3543	39669	public	O
3543	39670	bus	O
3543	39671	before	O
3543	39672	:o	O
3544	39673	?	O
3545	39674	Haha	O
3545	39675	jk	O
3545	39676	!	O
3546	39677	Ciroc	O
3546	39678	it	O
3546	39679	is	O
3546	39680	dnt	O
3546	39681	have	O
3546	39682	a	O
3546	39683	move	O
3546	39684	tonite	O
3546	39685	but	O
3546	39686	imma	O
3546	39687	make	O
3546	39688	1	O
3546	39689	Ima	O
3546	39690	start	O
3546	39691	going	O
3546	39692	to	O
3546	39693	the	O
3546	39694	dr	O
3546	39695	once	O
3546	39696	a	O
3546	39697	month	O
3546	39698	so	O
3546	39699	I	O
3546	39700	get	O
3546	39701	my	O
3546	39702	moneys	O
3546	39703	worth	O
3546	39704	Toy	MISC
3546	39705	story	MISC
3546	39706	3	MISC
3546	39707	tonight	O
3546	39708	on	O
3546	39709	the	O
3546	39710	lawn	O
3546	39711	!	O
3547	39712	The	O
3547	39713	EYE	O
3547	39714	of	O
3547	39715	the	O
3547	39716	Storm	O
3547	39717	....	O
3548	39718	The	O
3548	39719	Calm	O
3548	39720	Before	O
3548	39721	It	O
3548	39722	...	O
3549	39723	waiting	O
3549	39724	one	O
3549	39725	extra	O
3549	39726	day	O
3549	39727	was	O
3549	39728	a	O
3549	39729	STUPID	O
3549	39730	IDEA	O
3549	39731	because	O
3549	39732	now	O
3549	39733	everything	O
3549	39734	is	O
3549	39735	super	O
3549	39736	expensive	O
3549	39737	AAAAAHHH	O
3549	39738	.	O
3550	39739	x_x	O
3550	39740	*freakingoutkhsf*	O
3550	39741	My	O
3550	39742	dad	O
3550	39743	is	O
3550	39744	laughing	O
3550	39745	because	O
3550	39746	in	O
3550	39747	some	O
3550	39748	translations	O
3550	39749	Mark	MISC
3550	39750	14:30	MISC
3550	39751	says	O
3550	39752	"""..."	O
3551	39753	Before	O
3551	39754	the	O
3551	39755	COCK	O
3551	39756	crows	O
3551	39757	"...""."	O
3552	39758	I've	O
3552	39759	never	O
3552	39760	been	O
3552	39761	so	O
3552	39762	proud	O
3552	39763	LOL	O
3552	39764	Not	O
3552	39765	long	O
3552	39766	ago	O
3552	39767	I	O
3552	39768	responded	O
3552	39769	to	O
3552	39770	a	O
3552	39771	angry	O
3552	39772	cardiologist	O
3552	39773	whom	O
3552	39774	I	O
3552	39775	have	O
3552	39776	known	O
3552	39777	yrs	O
3552	39778	.	O
3553	39779	when	O
3553	39780	he	O
3553	39781	spit	O
3553	39782	venom	O
3553	39783	to	O
3553	39784	the	O
3553	39785	newspaper	O
3553	39786	but	O
3553	39787	I	O
3553	39788	did	O
3553	39789	it	O
3553	39790	+	O
3553	39791	Soo	O
3553	39792	Glad	O
3553	39793	its	O
3553	39794	Finally	O
3553	39795	Friday	O
3553	39796	!	O
3554	39797	Thiss	O
3554	39798	week	O
3554	39799	went	O
3554	39800	to	O
3554	39801	slow	O
3554	39802	fo'me:/	O
3554	39803	Movies	O
3554	39804	Tonight	O
3554	39805	?	O
3555	39806	Is	O
3555	39807	it	O
3555	39808	cricket	O
3555	39809	season	O
3555	39810	?	O
3556	39811	I've	O
3556	39812	killed	O
3556	39813	about	O
3556	39814	20	O
3556	39815	in	O
3556	39816	the	O
3556	39817	laundry	O
3556	39818	room	O
3556	39819	in	O
3556	39820	the	O
3556	39821	past	O
3556	39822	week	O
3556	39823	.	O
3557	39824	Come	O
3557	39825	to	O
3557	39826	6th	MISC
3557	39827	Biannual	MISC
3557	39828	24	MISC
3557	39829	Hour	MISC
3557	39830	Prayer	MISC
3557	39831	Focus	MISC
3557	39832	Saturday	O
3557	39833	,	O
3557	39834	November	O
3557	39835	13	O
3557	39836	from	O
3557	39837	10:00	O
3557	39838	am	O
3557	39839	to	O
3557	39840	1:00	O
3557	39841	pm	O
3557	39842	.	O
3558	39843	Mark	O
3558	39844	the	O
3558	39845	Date	O
3558	39846	!!!	O
3559	39847	A	O
3559	39848	nigga	O
3559	39849	not	O
3559	39850	even	O
3559	39851	startin	O
3559	39852	tonight	O
3559	39853	,	O
3559	39854	they	O
3559	39855	must	O
3559	39856	be	O
3559	39857	tryna	O
3559	39858	get	O
3559	39859	our	O
3559	39860	bakc	O
3559	39861	up	O
3559	39862	QB	O
3559	39863	hurt	O
3559	39864	.	O
3560	39865	smdh	O
3560	39866	Apparently	O
3560	39867	40	O
3560	39868	days	O
3560	39869	,	O
3560	39870	1	O
3560	39871	hour	O
3560	39872	,	O
3560	39873	49	O
3560	39874	mins	O
3560	39875	and	O
3560	39876	36	O
3560	39877	seconds	O
3560	39878	to	O
3560	39879	Doha	LOCATION
3560	39880	....	O
3561	39881	Having	O
3561	39882	some	O
3561	39883	coffee	O
3561	39884	,	O
3561	39885	the	O
3561	39886	only	O
3561	39887	way	O
3561	39888	I'll	O
3561	39889	make	O
3561	39890	it	O
3561	39891	through	O
3561	39892	tonight	O
3561	39893	.	O
3562	39894	i	O
3562	39895	wonder	O
3562	39896	if	O
3562	39897	our	O
3562	39898	football	O
3562	39899	team	O
3562	39900	is	O
3562	39901	gonna	O
3562	39902	win	O
3562	39903	their	O
3562	39904	game	O
3562	39905	today	O
3562	39906	...	O
3563	39907	I	O
3563	39908	hate	O
3563	39909	it	O
3563	39910	when	O
3563	39911	i	O
3563	39912	forget	O
3563	39913	that	O
3563	39914	i	O
3563	39915	wear	O
3563	39916	glasses&i	O
3563	39917	go	O
3563	39918	to	O
3563	39919	itch	O
3563	39920	my	O
3563	39921	eye&i	O
3563	39922	hit	O
3563	39923	my	O
3563	39924	glasses	O
3563	39925	-_-	O
3563	39926	.	O
3564	39927	not	O
3564	39928	cool	O
3564	39929	How	O
3564	39930	can	O
3564	39931	I	O
3564	39932	get	O
3564	39933	the	O
3564	39934	updates	O
3564	39935	?	O
3565	39936	I	O
3565	39937	created	O
3565	39938	a	O
3565	39939	login	O
3565	39940	for	O
3565	39941	it	O
3565	39942	today	O
3565	39943	,	O
3565	39944	will	O
3565	39945	it	O
3565	39946	let	O
3565	39947	me	O
3565	39948	know	O
3565	39949	automatically	O
3565	39950	next	O
3565	39951	time	O
3565	39952	?	O
3566	39953	RT	O
3566	39954	RT	O
3566	39955	Blair	PERSON
3566	39956	I'm	O
3566	39957	gonna	O
3566	39958	be	O
3566	39959	the	O
3566	39960	next	O
3566	39961	Pope	PERSON
3566	39962	Brown	PERSON
3566	39963	I	O
3566	39964	won't	O
3566	39965	stop	O
3566	39966	you	O
3566	39967	as	O
3566	39968	long	O
3566	39969	as	O
3566	39970	you	O
3566	39971	make	O
3566	39972	sure	O
3566	39973	it	O
3566	39974	's	O
3566	39975	my	O
3566	39976	turn	O
3566	39977	next	O
3566	39978	I'll	O
3566	39979	go	O
3566	39980	get	O
3566	39981	some	O
3566	39982	before	O
3566	39983	some	O
3566	39984	,	O
3566	39985	later	O
3566	39986	everyone	O
3566	39987	x	O
3566	39988	!	O
3567	39989	An	O
3567	39990	entire	O
3567	39991	stack	O
3567	39992	of	O
3567	39993	papers	O
3567	39994	has	O
3567	39995	disappeared	O
3567	39996	.	O
3568	39997	I	O
3568	39998	think	O
3568	39999	that	O
3568	40000	is	O
3568	40001	a	O
3568	40002	sign	O
3568	40003	to	O
3568	40004	wrap	O
3568	40005	up	O
3568	40006	for	O
3568	40007	the	O
3568	40008	week	O
3568	40009	.	O
3569	40010	Best	O
3569	40011	day	O
3569	40012	of	O
3569	40013	school	O
3569	40014	:)	O
3570	40015	haha	O
3570	40016	i	O
3570	40017	want	O
3570	40018	a	O
3570	40019	popsycle	O
3570	40020	x	O
3570	40021	ilike	O
3570	40022	to	O
3570	40023	call	O
3570	40024	it	O
3570	40025	that	O
3570	40026	too	O
3570	40027	.	O
3571	40028	I	O
3571	40029	dnt	O
3571	40030	knw	O
3571	40031	why	O
3571	40032	people	O
3571	40033	talk	O
3571	40034	hella	O
3571	40035	sht	O
3571	40036	over	O
3571	40037	tha	O
3571	40038	internet	O
3571	40039	imean	O
3571	40040	iadmit	O
3571	40041	ibe	O
3571	40042	qassin	O
3571	40043	hoes	O
3571	40044	when	O
3571	40045	..	O
3572	40046	Ball	O
3572	40047	Gowns	O
3572	40048	Becoming	O
3572	40049	the	O
3572	40050	Belle	O
3572	40051	of	O
3572	40052	the	O
3572	40053	Ball	O
3572	40054	.	O
3573	40055	It	O
3573	40056	's	O
3573	40057	easy	O
3573	40058	to	O
3573	40059	shine	O
3573	40060	like	O
3573	40061	a	O
3573	40062	star	O
3573	40063	when	O
3573	40064	you	O
3573	40065	know	O
3573	40066	some	O
3573	40067	basic	O
3573	40068	tricks	O
3573	40069	.	O
3574	40070	dnce	O
3574	40071	2	O
3574	40072	day	O
3574	40073	at	O
3574	40074	skool	O
3574	40075	2	O
3574	40076	dau	O
3574	40077	wuz	O
3574	40078	kinda	O
3574	40079	corny	O
3574	40080	evn	O
3574	40081	doe	O
3574	40082	i	O
3574	40083	dnce	O
3574	40084	a	O
3574	40085	lil	O
3574	40086	bit	O
3574	40087	ugh	O
3574	40088	bored	O
3574	40089	lke	O
3574	40090	always	O
3574	40091	whn	O
3574	40092	is	O
3574	40093	ya	O
3574	40094	gurl	O
3574	40095	neva	O
3574	40096	nt	O
3574	40097	trin	O
3574	40098	2	O
3574	40099	fin	O
3574	40100	sunthn	O
3574	40101	2	O
3574	40102	Lmao	O
3574	40103	.	O
3575	40104	I	O
3575	40105	have	O
3575	40106	a	O
3575	40107	feeling	O
3575	40108	Imma	O
3575	40109	get	O
3575	40110	yelled	O
3575	40111	at	O
3575	40112	tomorrow	O
3575	40113	.	O
3576	40114	Big	O
3576	40115	time	O
3576	40116	.	O
3577	40117	XD	O
3577	40118	Ehh	O
3577	40119	oh	O
3577	40120	well	O
3577	40121	n	O
3577	40122	dude	O
3577	40123	....	O
3578	40124	one	O
3578	40125	of	O
3578	40126	the	O
3578	40127	new	O
3578	40128	choir	O
3578	40129	teacher	O
3578	40130	that	O
3578	40131	they	O
3578	40132	interviewed	O
3578	40133	we	O
3578	40134	had	O
3578	40135	him	O
3578	40136	all	O
3578	40137	week	O
3578	40138	gave	O
3578	40139	us	O
3578	40140	DONUTS	O
3578	40141	!!!!	O
3579	40142	haha	O
3579	40143	hes	O
3579	40144	nice	O
3579	40145	RT	O
3579	40146	Last	O
3579	40147	day	O
3579	40148	.....	O
3580	40149	RT	O
3580	40150	Today	O
3580	40151	,	O
3580	40152	I	O
3580	40153	saw	O
3580	40154	a	O
3580	40155	guy	O
3580	40156	driving	O
3580	40157	a	O
3580	40158	Pepsi	ORGANIZATION
3580	40159	truck	O
3580	40160	,	O
3580	40161	drinking	O
3580	40162	a	O
3580	40163	Coke	MISC
3580	40164	.	O
3581	40165	MLIA	O
3581	40166	After	O
3581	40167	I	O
3581	40168	pet	O
3581	40169	a	O
3581	40170	kitten	O
3581	40171	on	O
3581	40172	JFK	PERSON
3581	40173	,	O
3581	40174	the	O
3581	40175	owners	O
3581	40176	informed	O
3581	40177	me	O
3581	40178	it	O
3581	40179	's	O
3581	40180	double-pawed	O
3581	40181	polydactyl	O
3581	40182	,	O
3581	40183	which	O
3581	40184	is	O
3581	40185	a	O
3581	40186	form	O
3581	40187	of	O
3581	40188	retardation	O
3581	40189	in	O
3581	40190	the	O
3581	40191	animal	O
3581	40192	kingdom	O
3581	40193	Oct	O
3581	40194	9	O
3581	40195	happy	O
3581	40196	dance	O
3581	40197	RT	O
3581	40198	wens	O
3581	40199	ur	O
3581	40200	bdayy	O
3581	40201	boo	O
3581	40202	??!!	O
3582	40203	its	O
3582	40204	okay	O
3582	40205	then	O
3582	40206	..	O
3583	40207	make	O
3583	40208	it	O
3583	40209	when	O
3583	40210	it	O
3583	40211	works	O
3583	40212	:D	O
3584	40213	IM	O
3584	40214	SORRRRRRRRRRRRRRRRRRRRY	O
3584	40215	/3	O
3584	40216	i	O
3584	40217	have	O
3584	40218	to	O
3584	40219	go	O
3584	40220	,	O
3584	40221	her	O
3584	40222	partys	O
3584	40223	in	O
3584	40224	a	O
3584	40225	week	O
3584	40226	and	O
3584	40227	im	O
3584	40228	on	O
3584	40229	the	O
3584	40230	dais	O
3584	40231	!	O
3585	40232	ino	O
3585	40233	i	O
3585	40234	did	O
3585	40235	tweet	O
3585	40236	him	O
3585	40237	b4	O
3585	40238	n	O
3585	40239	justthen	PERSON
3585	40240	about	O
3585	40241	kenny	PERSON
3585	40242	signing	O
3585	40243	his	O
3585	40244	book	O
3585	40245	but	O
3585	40246	it	O
3585	40247	was	O
3585	40248	today	O
3585	40249	ive	O
3585	40250	already	O
3585	40251	missed	O
3585	40252	it	O
3585	40253	:(	O
3586	40254	800	O
3586	40255	miles	O
3586	40256	to	O
3586	40257	see	O
3586	40258	clients	O
3586	40259	,	O
3586	40260	3	O
3586	40261	ACC	O
3586	40262	candidate/commissioner	O
3586	40263	meetings	O
3586	40264	,	O
3586	40265	big	O
3586	40266	press	O
3586	40267	release	O
3586	40268	,	O
3586	40269	making	O
3586	40270	it	O
3586	40271	to	O
3586	40272	Friday	O
3586	40273	..	O
3587	40274	PRICELESS	O
3587	40275	!	O
3588	40276	This	O
3588	40277	is	O
3588	40278	a	O
3588	40279	battle	O
3588	40280	song	O
3588	40281	..	O
3589	40282	Brothers	O
3589	40283	and	O
3589	40284	sisters	O
3589	40285	..	O
3590	40286	Time	O
3590	40287	to	O
3590	40288	go	O
3590	40289	to	O
3590	40290	war	O
3590	40291	!	O
3591	40292	HAPPY	O
3591	40293	B	O
3591	40294	.	O
3592	40295	DAY	O
3592	40296	TORA	O
3592	40297	*OOOOOOOOO*	O
3592	40298	~	O
3592	40299	Happy	O
3592	40300	Birthday	O
3592	40301	!	O
3593	40302	s/n	O
3593	40303	what	O
3593	40304	did	O
3593	40305	I	O
3593	40306	miss	O
3593	40307	in	O
3593	40308	Doc	PERSON
3593	40309	Lewis	PERSON
3593	40310	class	O
3593	40311	today	O
3593	40312	?	O
3594	40313	lol	O
3594	40314	-	O
3594	40315	FantasyPro	O
3594	40316	.	O
3595	40317	net	O
3595	40318	offers	O
3595	40319	a	O
3595	40320	100%	O
3595	40321	Deposit	O
3595	40322	Match	O
3595	40323	and	O
3595	40324	$5	O
3595	40325	in	O
3595	40326	credits	O
3595	40327	for	O
3595	40328	each	O
3595	40329	referral	O
3595	40330	this	O
3595	40331	week	O
3595	40332	only	O
3595	40333	!	O
3596	40334	Must	O
3596	40335	deposit	O
3596	40336	by	O
3596	40337	1pm	O
3596	40338	ET	O
3596	40339	Sunday	O
3596	40340	Sept	O
3596	40341	19th	O
3596	40342	.	O
3597	40343	neck	O
3597	40344	hurts	O
3597	40345	and	O
3597	40346	no	O
3597	40347	time	O
3597	40348	to	O
3597	40349	schedule	O
3597	40350	acupuncture	O
3597	40351	and	O
3597	40352	massage	O
3597	40353	.	O
3598	40354	RT	O
3598	40355	RT	O
3598	40356	i'm	O
3598	40357	having	O
3598	40358	a	O
3598	40359	bad	O
3598	40360	day	O
3598	40361	:(	O
3599	40362	Just	O
3599	40363	a	O
3599	40364	hi	O
3599	40365	from	O
3599	40366	you	O
3599	40367	would	O
3599	40368	turn	O
3599	40369	it	O
3599	40370	around	O
3599	40371	Love	O
3599	40372	you	O
3599	40373	xxxxxxx	O
3599	40374	=	O
3599	40375	HI	O
3599	40376	!	O
3600	40377	RT	O
3600	40378	When	O
3600	40379	you	O
3600	40380	wear	O
3600	40381	your	O
3600	40382	heart	O
3600	40383	on	O
3600	40384	your	O
3600	40385	sleeve	O
3600	40386	,	O
3600	40387	make	O
3600	40388	sure	O
3600	40389	your	O
3600	40390	shirt	O
3600	40391	is	O
3600	40392	f'ing	O
3600	40393	dope	O
3600	40394	.	O
3601	40395	We're	O
3601	40396	on	O
3601	40397	the	LOCATION
3601	40398	tall	LOCATION
3601	40399	ship	LOCATION
3601	40400	Silva	LOCATION
3601	40401	tonight	O
3601	40402	.	O
3602	40403	Still	O
3602	40404	a	O
3602	40405	few	O
3602	40406	tickets	O
3602	40407	available	O
3602	40408	.	O
3603	40409	Rain	O
3603	40410	is	O
3603	40411	gone	O
3603	40412	and	O
3603	40413	we're	O
3603	40414	getting	O
3603	40415	ready	O
3603	40416	to	O
3603	40417	set	O
3603	40418	sail	O
3603	40419	.	O
3604	40420	1030	O
3604	40421	PM	O
3604	40422	we	O
3604	40423	depart	O
3604	40424	Hoyy	O
3604	40425	One	O
3604	40426	Day	O
3604	40427	Lindooo	O
3604	40428	Pero	O
3604	40429	Un	O
3604	40430	Touch	O
3604	40431	De	O
3604	40432	Aburrimiento	O
3604	40433	S	O
3604	40434	Playboy	ORGANIZATION
3604	40435	-	O
3604	40436	10	O
3604	40437	October	O
3604	40438	2010	O
3604	40439	Slovenia	LOCATION
3604	40440	Playboy	ORGANIZATION
3604	40441	-	O
3604	40442	10	O
3604	40443	October	O
3604	40444	2010	O
3604	40445	SloveniaSlovene	O
3604	40446	|	O
3604	40447	138	O
3604	40448	pages	O
3604	40449	|	O
3604	40450	PDF	O
3604	40451	|	O
3604	40452	39.45	O
3605	40453	Mb	O
3605	40454	RT	O
3605	40455	Tonight	O
3605	40456	!	O
3606	40457	Sex	MISC
3606	40458	In	MISC
3606	40459	The	MISC
3606	40460	City	MISC
3606	40461	Pt	O
3606	40462	.	O
3607	40463	2	O
3607	40464	at	O
3607	40465	!	O
3608	40466	Hosted	O
3608	40467	By	O
3608	40468	30+	MISC
3608	40469	Beautiful	MISC
3608	40470	Ladies	MISC
3608	40471	!	O
3609	40472	PLz	O
3609	40473	RT	O
3609	40474	RT	O
3609	40475	Kreeg	O
3609	40476	net	O
3609	40477	een	O
3609	40478	bruikbare	O
3609	40479	tip	O
3609	40480	van	O
3609	40481	iemand	O
3609	40482	die	O
3609	40483	vorige	O
3609	40484	week	O
3609	40485	was	O
3609	40486	begonnen	O
3609	40487	met	O
3609	40488	een	O
3609	40489	whiskydieet	O
3609	40490	,	O
3609	40491	hij	O
3609	40492	was	O
3609	40493	nu	O
3609	40494	al	O
3609	40495	3	O
3609	40496	dagen	O
3609	40497	kwijt	O
3609	40498	Accounts	O
3609	40499	Payable	O
3609	40500	Coordinator	O
3609	40501	North	LOCATION
3609	40502	York	LOCATION
3609	40503	-	O
3609	40504	$37K	O
3609	40505	1	O
3609	40506	year	O
3609	40507	ContractLocation	O
3609	40508	Toronto	LOCATION
3609	40509	,	O
3609	40510	Ontario	LOCATION
3609	40511	,	O
3609	40512	CANADA	LOCATION
3609	40513	...	O
3610	40514	Spent	O
3610	40515	all	O
3610	40516	of	O
3610	40517	last	O
3610	40518	night	O
3610	40519	puking	O
3610	40520	,	O
3610	40521	and	O
3610	40522	all	O
3610	40523	of	O
3610	40524	today	O
3610	40525	fretting	O
3610	40526	.	O
3611	40527	Some	O
3611	40528	people	O
3611	40529	totally	O
3611	40530	fail	O
3611	40531	to	O
3611	40532	pick	O
3611	40533	up	O
3611	40534	the	O
3611	40535	slack	O
3611	40536	when	O
3611	40537	you	O
3611	40538	are	O
3611	40539	away	O
3611	40540	.	O
3612	40541	If	O
3612	40542	you	O
3612	40543	are	O
3612	40544	in	O
3612	40545	Belfast	LOCATION
3612	40546	this	O
3612	40547	weekend	O
3612	40548	go	O
3612	40549	to	O
3612	40550	Botanic	LOCATION
3612	40551	Gdns	LOCATION
3612	40552	,	O
3612	40553	for	O
3612	40554	Taste	O
3612	40555	N	O
3612	40556	I	O
3612	40557	,	O
3612	40558	free	O
3612	40559	food	O
3612	40560	drink	O
3612	40561	face	O
3612	40562	painting	O
3612	40563	etc	O
3612	40564	.	O
3613	40565	Should	O
3613	40566	be	O
3613	40567	good	O
3613	40568	day	O
3613	40569	out	O
3613	40570	.	O
3614	40571	Sat	O
3614	40572	&	O
3614	40573	Sun	O
3614	40574	overheard	O
3614	40575	on	O
3614	40576	subway	O
3614	40577	"..."""	O
3615	40578	so	O
3615	40579	when	O
3615	40580	you	O
3615	40581	run	O
3615	40582	,	O
3615	40583	do	O
3615	40584	your	O
3615	40585	elbows	O
3615	40586	sweat	O
3615	40587	"?"""	O
3616	40588	But	O
3616	40589	what	O
3616	40590	happens	O
3616	40591	when	O
3616	40592	karam	O
3616	40593	turns	O
3616	40594	right	O
3616	40595	around	O
3616	40596	and	O
3616	40597	bites	O
3616	40598	you	O
3616	40599	?	O
3617	40600	And	O
3617	40601	everything	O
3617	40602	you	O
3617	40603	stand	O
3617	40604	for	O
3617	40605	turns	O
3617	40606	on	O
3617	40607	you	O
3617	40608	despite	O
3617	40609	you	O
3617	40610	?	O
3618	40611	Getting	O
3618	40612	this	O
3618	40613	head	O
3618	40614	right	O
3618	40615	for	O
3618	40616	whateva	O
3618	40617	I	O
3618	40618	get	O
3618	40619	into	O
3618	40620	tonite	O
3618	40621	Owner	O
3618	40622	says	O
3618	40623	its	O
3618	40624	cool	O
3618	40625	.	O
3619	40626	Trying	O
3619	40627	to	O
3619	40628	get	O
3619	40629	info	O
3619	40630	on	O
3619	40631	when	O
3619	40632	they'll	O
3619	40633	be	O
3619	40634	back	O
3619	40635	in	O
3619	40636	town	O
3619	40637	now	O
3619	40638	Easy	O
3619	40639	A	O
3619	40640	tonight	O
3619	40641	.	O
3620	40642	WOOOO	O
3620	40643	Whats	O
3620	40644	goin	O
3620	40645	on	O
3620	40646	in	O
3620	40647	tally	O
3620	40648	tonight	O
3620	40649	twitter	ORGANIZATION
3620	40650	!!	O
3621	40651	going	O
3621	40652	now	O
3621	40653	guiseeeee	O
3621	40654	...	O
3622	40655	if	O
3622	40656	i	O
3622	40657	dont	O
3622	40658	see	O
3622	40659	you	O
3622	40660	through	O
3622	40661	the	O
3622	40662	week	O
3622	40663	ill	O
3622	40664	see	O
3622	40665	you	O
3622	40666	through	O
3622	40667	the	O
3622	40668	window	O
3622	40669	:)	O
3623	40670	:)	O
3624	40671	jus	O
3624	40672	about	O
3624	40673	to	O
3624	40674	get	O
3624	40675	dressed	O
3624	40676	and	O
3624	40677	leave	O
3624	40678	again	O
3624	40679	....	O
3625	40680	smh	O
3625	40681	a	O
3625	40682	very	O
3625	40683	long	O
3625	40684	day	O
3625	40685	I	O
3625	40686	wrote	O
3625	40687	74,000	O
3625	40688	words	O
3625	40689	in	O
3625	40690	February	O
3625	40691	.	O
3626	40692	RT	O
3626	40693	Pope	PERSON
3626	40694	says	O
3626	40695	atheists	O
3626	40696	pick	O
3626	40697	&	O
3626	40698	choose	O
3626	40699	their	O
3626	40700	morals	O
3626	40701	.	O
3627	40702	Correct	O
3627	40703	.	O
3628	40704	Today	O
3628	40705	I	O
3628	40706	will	O
3628	40707	be	O
3628	40708	frowning	O
3628	40709	on	O
3628	40710	child	O
3628	40711	abuse	O
3628	40712	&	O
3628	40713	not	O
3628	40714	having	O
3628	40715	a	O
3628	40716	problem	O
3628	40717	wit	O
3628	40718	...	O
3629	40719	Sunday	O
3629	40720	can	O
3629	40721	you	O
3629	40722	please	O
3629	40723	hurry	O
3629	40724	up	O
3629	40725	and	O
3629	40726	get	O
3629	40727	here	O
3629	40728	already	O
3629	40729	?!	O
3630	40730	I	O
3630	40731	want	O
3630	40732	to	O
3630	40733	see	O
3630	40734	already	O
3630	40735	!	O
3631	40736	Concert	O
3631	40737	's	O
3631	40738	going	O
3631	40739	to	O
3631	40740	be	O
3631	40741	rad	O
3631	40742	!	O
3632	40743	:P	O
3632	40744	VMAs	MISC
3632	40745	.	O
3633	40746	I	O
3633	40747	control	O
3633	40748	my	O
3633	40749	own	O
3633	40750	life	O
3633	40751	,	O
3633	40752	Charles	PERSON
3633	40753	was	O
3633	40754	never	O
3633	40755	in	O
3633	40756	charge	O
3633	40757	!!	O
3634	40758	It	O
3634	40759	's	O
3634	40760	def	O
3634	40761	one	O
3634	40762	of	O
3634	40763	THOSE	O
3634	40764	days	O
3634	40765	.	O
3635	40766	Haha	O
3635	40767	Up	O
3635	40768	super	O
3635	40769	duper	O
3635	40770	early	O
3635	40771	next	O
3635	40772	week	O
3635	40773	|	O
3635	40774	FRIDAY	O
3635	40775	Sept	O
3635	40776	.	O
3636	40777	17	O
3636	40778	National	O
3636	40779	forget	O
3636	40780	the	O
3636	40781	he	O
3636	40782	say	O
3636	40783	she	O
3636	40784	say	O
3636	40785	...	O
3637	40786	what	O
3637	40787	do	O
3637	40788	God	PERSON
3637	40789	say	O
3637	40790	day	O
3637	40791	I	O
3637	40792	ain't	O
3637	40793	seen	O
3637	40794	them	O
3637	40795	!!	O
3638	40796	Hmm	O
3638	40797	maybe	O
3638	40798	have	O
3638	40799	to	O
3638	40800	download	O
3638	40801	next	O
3638	40802	time	O
3638	40803	we	O
3638	40804	have	O
3638	40805	a	O
3638	40806	movie	O
3638	40807	night	O
3638	40808	here	O
3638	40809	.	O
3639	40810	Zombies	O
3639	40811	are	O
3639	40812	badass	O
3639	40813	!	O
3640	40814	Beautiful	O
3640	40815	day	O
3640	40816	in	O
3640	40817	Chicago	LOCATION
3640	40818	!	O
3641	40819	Nice	O
3641	40820	to	O
3641	40821	get	O
3641	40822	away	O
3641	40823	from	O
3641	40824	the	O
3641	40825	Florida	LOCATION
3641	40826	heat	O
3641	40827	.	O
3642	40828	Oscar	PERSON
3642	40829	's	O
3642	40830	new	O
3642	40831	favorite	O
3642	40832	pass	O
3642	40833	time	O
3642	40834	is	O
3642	40835	running	O
3642	40836	as	O
3642	40837	fast	O
3642	40838	as	O
3642	40839	he	O
3642	40840	can	O
3642	40841	from	O
3642	40842	one	O
3642	40843	end	O
3642	40844	of	O
3642	40845	the	O
3642	40846	house	O
3642	40847	to	O
3642	40848	another	O
3642	40849	yelling	O
3642	40850	BuhBYYYYYE	O
3642	40851	RT	O
3642	40852	May	O
3642	40853	we	O
3642	40854	all	O
3642	40855	reflect	O
3642	40856	on	O
3642	40857	the	O
3642	40858	workings	O
3642	40859	of	O
3642	40860	our	O
3642	40861	hearts	O
3642	40862	,	O
3642	40863	and	O
3642	40864	in	O
3642	40865	our	O
3642	40866	acts	O
3642	40867	,	O
3642	40868	with	O
3642	40869	our	O
3642	40870	Jewish	O
3642	40871	friends	O
3642	40872	and	O
3642	40873	loved	O
3642	40874	ones	O
3642	40875	at	O
3642	40876	the	O
3642	40877	cusp	O
3642	40878	o	O
3642	40879	...	O
3643	40880	yea	O
3643	40881	u	O
3643	40882	c	O
3643	40883	da	O
3643	40884	pic	O
3643	40885	1st	MISC
3643	40886	Presbyterian	MISC
3643	40887	all	O
3643	40888	day	O
3643	40889	lol	O
3643	40890	This	O
3643	40891	next	O
3643	40892	question	O
3643	40893	,	O
3643	40894	may	O
3643	40895	take	O
3643	40896	a	O
3643	40897	few	O
3643	40898	moments	O
3643	40899	to	O
3643	40900	research	O
3643	40901	.	O
3644	40902	BUT	O
3644	40903	the	O
3644	40904	answer	O
3644	40905	IS	O
3644	40906	on	O
3644	40907	JavaMonkeys	O
3644	40908	.	O
3645	40909	com	O
3645	40910	.	O
3646	40911	So	O
3646	40912	,	O
3646	40913	we	O
3646	40914	will	O
3646	40915	pick	O
3646	40916	a	O
3646	40917	...	O
3647	40918	Jan	PERSON
3647	40919	Brewer	PERSON
3647	40920	Beheadings	O
3647	40921	?	O
3648	40922	Well	O
3648	40923	that	O
3648	40924	makes	O
3648	40925	sense	O
3648	40926	.	O
3649	40927	When	O
3649	40928	you	O
3649	40929	have	O
3649	40930	real	O
3649	40931	life	O
3649	40932	trauma	O
3649	40933	,	O
3649	40934	it	O
3649	40935	can	O
3649	40936	often	O
3649	40937	drain	O
3649	40938	your	O
3649	40939	energy	O
3649	40940	&	O
3649	40941	you	O
3649	40942	just	O
3649	40943	withdraw	O
3649	40944	into	O
3649	40945	yourself	O
3649	40946	.	O
3650	40947	I	O
3650	40948	do	O
3650	40949	.	O
3651	40950	I've	O
3651	40951	had	O
3651	40952	one	O
3651	40953	before	O
3651	40954	,	O
3651	40955	but	O
3651	40956	it	O
3651	40957	was	O
3651	40958	a	O
3651	40959	short	O
3651	40960	experience	O
3651	40961	double	O
3651	40962	entendre	O
3651	40963	intended	O
3651	40964	.	O
3652	40965	Tonight	O
3652	40966	,	O
3652	40967	dinner	O
3652	40968	with	O
3652	40969	friends	O
3652	40970	3	O
3652	40971	Man	O
3652	40972	I	O
3652	40973	swear	O
3652	40974	I	O
3652	40975	bought	O
3652	40976	2	O
3652	40977	new	O
3652	40978	outfits	O
3652	40979	but	O
3652	40980	it	O
3652	40981	's	O
3652	40982	cold	O
3652	40983	them	O
3652	40984	dresses	O
3652	40985	not	O
3652	40986	gettin	O
3652	40987	worn	O
3652	40988	today	O
3652	40989	....	O
3653	40990	A	O
3653	40991	Hughie	PERSON
3653	40992	O'Donoghue	PERSON
3653	40993	painting	O
3653	40994	,	O
3653	40995	some	O
3653	40996	great	O
3653	40997	curvy	O
3653	40998	pots	O
3653	40999	and	O
3653	41000	intricately	O
3653	41001	illuminated	O
3653	41002	Persian	O
3653	41003	books	O
3653	41004	..	O
3654	41005	time	O
3654	41006	well	O
3654	41007	spent	O
3654	41008	in	O
3654	41009	the	LOCATION
3654	41010	Fitzwilliam	LOCATION
3654	41011	.	O
3655	41012	Greek	MISC
3655	41013	Festival	MISC
3655	41014	at	O
3655	41015	St	LOCATION
3655	41016	Johns	LOCATION
3655	41017	before	O
3655	41018	ASPEN	LOCATION
3655	41019	OMG	O
3655	41020	MILLIONS	O
3655	41021	it	O
3655	41022	was	O
3655	41023	on	O
3655	41024	repeat	O
3655	41025	yesterday	O
3655	41026	all	O
3655	41027	day	O
3655	41028	till	O
3655	41029	my	O
3655	41030	last	O
3655	41031	lesson	O
3655	41032	and	O
3655	41033	then	O
3655	41034	around	O
3655	41035	9pm	O
3655	41036	i	O
3655	41037	put	O
3655	41038	it	O
3655	41039	back	O
3655	41040	and	O
3655	41041	then	O
3655	41042	its	O
3655	41043	been	O
3655	41044	on	O
3655	41045	If	O
3655	41046	you	O
3655	41047	are	O
3655	41048	staying	O
3655	41049	in	O
3655	41050	Gainesville	LOCATION
3655	41051	,	O
3655	41052	come	O
3655	41053	check	O
3655	41054	out	O
3655	41055	Costa	LOCATION
3655	41056	Lounge	LOCATION
3655	41057	TONIGHT	O
3655	41058	!	O
3656	41059	Say	O
3656	41060	you	O
3656	41061	are	O
3656	41062	with	O
3656	41063	salsa	PERSON
3656	41064	caliente	PERSON
3656	41065	and	O
3656	41066	get	O
3656	41067	in	O
3656	41068	...	O
3657	41069	I	O
3657	41070	think	O
3657	41071	one	O
3657	41072	of	O
3657	41073	the	O
3657	41074	coolest	O
3657	41075	things	O
3657	41076	to	O
3657	41077	do	O
3657	41078	would	O
3657	41079	be	O
3657	41080	to	O
3657	41081	hang	O
3657	41082	out	O
3657	41083	with	O
3657	41084	the	MISC
3657	41085	Rza	MISC
3657	41086	for	O
3657	41087	a	O
3657	41088	day	O
3657	41089	.	O
3658	41090	Going	O
3658	41091	on	O
3658	41092	a	O
3658	41093	&39	O
3658	41094	;d	O
3658	41095	ate&39	O
3658	41096	;	O
3658	41097	with	O
3658	41098	Whitney	PERSON
3658	41099	tonight	O
3658	41100	,	O
3658	41101	:P	O
3658	41102	.	O
3659	41103	Haha	O
3659	41104	.	O
3660	41105	Day	O
3660	41106	three	O
3660	41107	of	O
3660	41108	St	MISC
3660	41109	John	MISC
3660	41110	's	MISC
3660	41111	wort	MISC
3660	41112	tea	O
3660	41113	for	O
3660	41114	anxiety	O
3660	41115	.	O
3661	41116	So	O
3661	41117	far	O
3661	41118	today	O
3661	41119	I	O
3661	41120	havent	O
3661	41121	had	O
3661	41122	a	O
3661	41123	panic	O
3661	41124	attack...we'll	O
3662	41125	see	O
3662	41126	if	O
3662	41127	this	O
3662	41128	works	O
3662	41129	!	O
3663	41130	is	O
3663	41131	at	O
3663	41132	Home-Going	O
3663	41133	Well	O
3663	41134	-	O
3663	41135	I	O
3663	41136	take	O
3663	41137	a	O
3663	41138	Break-Online	O
3663	41139	Saturday	O
3663	41140	4:30	O
3663	41141	pm-	O
3663	41142	6:00	O
3663	41143	pm	O
3663	41144	ET-	O
3663	41145	Good	O
3663	41146	Day-	O
3663	41147	Good	O
3663	41148	Night-Good	O
3663	41149	Week-End	O
3663	41150	!!!	O
3664	41151	Ugh	O
3664	41152	I	O
3664	41153	DON'T	O
3664	41154	HAVE	O
3664	41155	MY	O
3664	41156	EARPHONES	O
3664	41157	I	O
3664	41158	GUESS	O
3664	41159	I	O
3664	41160	WON'T	O
3664	41161	B	O
3664	41162	TALKING	O
3664	41163	AND	O
3664	41164	DRIVING	O
3664	41165	TODAY	O
3664	41166	LOL	O
3664	41167	....	O
3665	41168	Excuses	O
3665	41169	Excuses	O
3665	41170	Excuses	O
3665	41171	SMH	O
3665	41172	Now	O
3665	41173	off	O
3665	41174	for	O
3665	41175	Sushi	O
3665	41176	before	O
3665	41177	Sundown	O
3665	41178	Did	O
3665	41179	you	O
3665	41180	know	O
3665	41181	ur	O
3665	41182	new	O
3665	41183	season	O
3665	41184	starts	O
3665	41185	tonight	O
3665	41186	?	O
3666	41187	jk	O
3666	41188	The	O
3666	41189	best	O
3666	41190	paranormal	O
3666	41191	show	O
3666	41192	!	O
3667	41193	There	O
3667	41194	was	O
3667	41195	just	O
3667	41196	a	O
3667	41197	fire	O
3667	41198	at	O
3667	41199	work	O
3667	41200	.	O
3668	41201	Today	O
3668	41202	is	O
3668	41203	looking	O
3668	41204	up	O
3668	41205	.	O
3669	41206	man	O
3669	41207	,	O
3669	41208	why	O
3669	41209	you	O
3669	41210	have	O
3669	41211	to	O
3669	41212	grill	O
3669	41213	under	O
3669	41214	my	O
3669	41215	AC	O
3669	41216	unit	O
3669	41217	.	O
3670	41218	*turns	O
3670	41219	it	O
3670	41220	off*	O
3670	41221	On	O
3670	41222	a	O
3670	41223	happier	O
3670	41224	note	O
3670	41225	,	O
3670	41226	IT'S	O
3670	41227	BBQ	O
3670	41228	TIME	O
3670	41229	.	O
3671	41230	Katie	PERSON
3671	41231	up	O
3671	41232	6-0	O
3671	41233	after	O
3671	41234	1st	O
3671	41235	Morning	O
3671	41236	.	O
3672	41237	Work	O
3672	41238	today	O
3672	41239	.	O
3673	41240	Hope	O
3673	41241	I	O
3673	41242	get	O
3673	41243	lots	O
3673	41244	of	O
3673	41245	money	O
3673	41246	.	O
3674	41247	They're	O
3674	41248	going	O
3674	41249	to	O
3674	41250	be	O
3674	41251	in	O
3674	41252	a	O
3674	41253	bad	O
3674	41254	mood	O
3674	41255	due	O
3674	41256	to	O
3674	41257	...	O
3675	41258	concert	O
3675	41259	tomorrow	O
3675	41260	with	O
3675	41261	my	O
3675	41262	crazy	O
3675	41263	chicaaa	O
3675	41264	Man	O
3675	41265	Hey	O
3675	41266	there	O
3675	41267	,	O
3675	41268	havent	O
3675	41269	I	O
3675	41270	seen	O
3675	41271	you	O
3675	41272	some	O
3675	41273	place	O
3675	41274	before	O
3675	41275	??	O
3676	41276	Woman	O
3676	41277	Yes	O
3676	41278	,	O
3676	41279	and	O
3676	41280	thats	O
3676	41281	why	O
3676	41282	I	O
3676	41283	dont	O
3676	41284	go	O
3676	41285	there	O
3676	41286	anymore	O
3676	41287	Will	O
3676	41288	I	O
3676	41289	be	O
3676	41290	seeing	O
3676	41291	you	O
3676	41292	at	O
3676	41293	next	O
3676	41294	week	O
3676	41295	?	O
3677	41296	RT	O
3677	41297	What	O
3677	41298	did	O
3677	41299	you	O
3677	41300	say	O
3677	41301	is	O
3677	41302	happening	O
3677	41303	at	O
3677	41304	your	O
3677	41305	house	O
3677	41306	tonite	O
3677	41307	?	O
3678	41308	*cough*	O
3678	41309	*cough*	O
3678	41310	I	O
3678	41311	am	O
3678	41312	wishing	O
3678	41313	you	O
3678	41314	happy	O
3678	41315	birthday	O
3678	41316	now	O
3678	41317	,	O
3678	41318	because	O
3678	41319	I	O
3678	41320	can't	O
3678	41321	remember	O
3678	41322	when	O
3678	41323	your	O
3678	41324	birthday	O
3678	41325	really	O
3678	41326	is	O
3678	41327	except	O
3678	41328	that	O
3678	41329	it	O
3678	41330	's	O
3678	41331	around	O
3678	41332	now	O
3678	41333	.	O
3679	41334	RT	O
3679	41335	you're	O
3679	41336	a	O
3679	41337	belieber	O
3679	41338	when	O
3679	41339	you	O
3679	41340	know	O
3679	41341	the	O
3679	41342	word	O
3679	41343	believer	O
3679	41344	doesn't	O
3679	41345	look	O
3679	41346	right	O
3679	41347	anymore	O
3679	41348	.	O
3680	41349	Wtf	O
3680	41350	?	O
3681	41351	The	O
3681	41352	library	O
3681	41353	closes	O
3681	41354	on	O
3681	41355	Friday	O
3681	41356	?	O
3682	41357	love	O
3682	41358	that	O
3682	41359	sonngg	O
3682	41360	!!	O
3683	41361	are	O
3683	41362	u	O
3683	41363	going	O
3683	41364	to	O
3683	41365	his	O
3683	41366	concert	O
3683	41367	when	O
3683	41368	he	O
3683	41369	goes	O
3683	41370	to	O
3683	41371	richmond	LOCATION
3683	41372	??	O
3684	41373	But	O
3684	41374	a	O
3684	41375	mess	O
3684	41376	on	O
3684	41377	one	O
3684	41378	day	O
3684	41379	may	O
3684	41380	not	O
3684	41381	a	O
3684	41382	mess	O
3684	41383	eternally	O
3684	41384	be	O
3684	41385	.	O
3685	41386	Great	O
3685	41387	photo	O
3685	41388	from	O
3685	41389	,	O
3685	41390	who	O
3685	41391	gets	O
3685	41392	my	O
3685	41393	vote	O
3685	41394	for	O
3685	41395	the	O
3685	41396	day	O
3685	41397	for	O
3685	41398	being	O
3685	41399	hilarious	O
3685	41400	!	O
3686	41401	Awesome	O
3686	41402	day	O
3686	41403	3	O
3686	41404	an	O
3686	41405	a	O
3686	41406	half	O
3686	41407	days	O
3686	41408	then	O
3686	41409	I'm	O
3686	41410	on	O
3686	41411	HOLIDAY	O
3686	41412	oh	O
3686	41413	yes	O
3686	41414	can't	O
3686	41415	wait	O
3686	41416	;-	O
3686	41417	;-	O
3686	41418	;-	O
3686	41419	RT	O
3686	41420	Time	O
3686	41421	Is	O
3686	41422	Money	O
3686	41423	,	O
3686	41424	Don't	O
3686	41425	Have	O
3686	41426	Time	O
3686	41427	For	O
3686	41428	That	O
3686	41429	Other	O
3686	41430	Shit	O
3686	41431	*	O
3686	41432	I	O
3686	41433	think	O
3686	41434	that	O
3686	41435	's	O
3686	41436	when	O
3686	41437	I'm	O
3686	41438	gonna	O
3686	41439	be	O
3686	41440	there	O
3686	41441	Winner	O
3686	41442	will	O
3686	41443	be	O
3686	41444	chosen	O
3686	41445	Monday	O
3686	41446	morning	O
3686	41447	.	O
3687	41448	Get	O
3687	41449	your	O
3687	41450	caption	O
3687	41451	in	O
3687	41452	the	O
3687	41453	funny	O
3687	41454	photo	O
3687	41455	caption	O
3687	41456	contest-	O
3687	41457	Nadal	PERSON
3687	41458	and	O
3687	41459	Novak	PERSON
3687	41460	in	O
3687	41461	the	O
3687	41462	tub	O
3687	41463	On	O
3687	41464	Thanksgiving	MISC
3687	41465	after	O
3687	41466	you	O
3687	41467	done	O
3687	41468	eating	O
3687	41469	its	O
3687	41470	unless	O
3687	41471	you	O
3687	41472	wanna	O
3687	41473	help	O
3687	41474	with	O
3687	41475	the	O
3687	41476	dishes	O
3687	41477	Let	O
3687	41478	's	O
3687	41479	get	O
3687	41480	this	O
3687	41481	show	O
3687	41482	on	O
3687	41483	the	O
3687	41484	road	O
3687	41485	!	O
3688	41486	May	O
3688	41487	you	O
3688	41488	have	O
3688	41489	an	O
3688	41490	easy	O
3688	41491	fast	O
3688	41492	and	O
3688	41493	be	O
3688	41494	inscribed	O
3688	41495	for	O
3688	41496	a	O
3688	41497	good	O
3688	41498	year	O
3688	41499	.	O
3689	41500	Gmar	O
3689	41501	Chatimah	O
3689	41502	Tova	O
3689	41503	!	O
3690	41504	Called	O
3690	41505	my	O
3690	41506	homie	O
3690	41507	at	O
3690	41508	the	O
3690	41509	door	O
3690	41510	so	O
3690	41511	she	O
3690	41512	could	O
3690	41513	get	O
3690	41514	in	O
3690	41515	Secrets	LOCATION
3690	41516	free	O
3690	41517	on	O
3690	41518	Thursday	O
3690	41519	.....	O
3691	41520	What	O
3691	41521	is	O
3691	41522	everyone	O
3691	41523	watching	O
3691	41524	this	O
3691	41525	weekend	O
3691	41526	?	O
3692	41527	Twins	ORGANIZATION
3692	41528	?	O
3693	41529	Vikings	ORGANIZATION
3693	41530	?	O
3694	41531	anyone	O
3694	41532	going	O
3694	41533	to	O
3694	41534	see	O
3694	41535	Friday	MISC
3694	41536	Night	MISC
3694	41537	Lights	MISC
3694	41538	?	O
3695	41539	RT	O
3695	41540	When	O
3695	41541	people	O
3695	41542	try	O
3695	41543	to	O
3695	41544	say	O
3695	41545	how	O
3695	41546	mean	O
3695	41547	and	O
3695	41548	harsh	O
3695	41549	God	PERSON
3695	41550	was	O
3695	41551	,	O
3695	41552	remind	O
3695	41553	them	O
3695	41554	the	O
3695	41555	true	O
3695	41556	nature	O
3695	41557	of	O
3695	41558	God	PERSON
3695	41559	came	O
3695	41560	in	O
3695	41561	the	O
3695	41562	person	O
3695	41563	of	O
3695	41564	Jesus	PERSON
3695	41565	Christ	PERSON
3695	41566	Over	O
3695	41567	My	O
3695	41568	Boyfriend	O
3695	41569	House	O
3695	41570	Tonite	O
3695	41571	We	O
3695	41572	Going	O
3695	41573	Do	O
3695	41574	The	O
3695	41575	Damn	O
3695	41576	Thing	O
3695	41577	.	O
3696	41578	heheRT	O
3696	41579	LOL	O
3696	41580	RT	O
3696	41581	MirLes	O
3696	41582	jamanSD	O
3696	41583	kalo	O
3696	41584	nyabutin	O
3696	41585	uban	O
3696	41586	bokap	O
3696	41587	dpt	O
3696	41588	100	O
3696	41589	perak	O
3696	41590	satu	O
3696	41591	uban	O
3696	41592	...	O
3697	41593	eh	O
3697	41594	,	O
3697	41595	i	O
3697	41596	tweeted	O
3697	41597	this	O
3697	41598	before	O
3697	41599	!	O
3698	41600	Dejavu	O
3698	41601	:-p	O
3698	41602	RT	O
3698	41603	I	O
3698	41604	love	O
3698	41605	waking	O
3698	41606	up	O
3698	41607	in	O
3698	41608	the	O
3698	41609	middle	O
3698	41610	of	O
3698	41611	the	O
3698	41612	night	O
3698	41613	knowing	O
3698	41614	i	O
3698	41615	have	O
3698	41616	more	O
3698	41617	time	O
3698	41618	to	O
3698	41619	sleep	O
3698	41620	.	O
3699	41621	ThAnK	O
3699	41622	gOd	O
3699	41623	ItS	O
3699	41624	fRiDaY	O
3699	41625	!!	O
3700	41626	Need	O
3700	41627	to	O
3700	41628	put	O
3700	41629	summer	O
3700	41630	to	O
3700	41631	bed	O
3700	41632	by	O
3700	41633	Monday	O
3700	41634	just	O
3700	41635	in	O
3700	41636	time	O
3700	41637	for	O
3700	41638	the	O
3700	41639	equinox	O
3700	41640	.	O
3701	41641	ADOGUEI	O
3701	41642	ESSA	O
3701	41643	IMAGEM	O
3701	41644	Looking	O
3701	41645	for	O
3701	41646	something	O
3701	41647	to	O
3701	41648	do	O
3701	41649	tonight	O
3701	41650	?	O
3702	41651	Samuel	PERSON
3702	41652	Savoirfaire	PERSON
3702	41653	Williams	PERSON
3702	41654	at	O
3702	41655	Potbelly	LOCATION
3702	41656	Lincoln	LOCATION
3702	41657	Park	LOCATION
3702	41658	in	O
3702	41659	Chicago	LOCATION
3702	41660	,	O
3702	41661	IL	LOCATION
3702	41662	Gotta	O
3702	41663	dress	O
3702	41664	up	O
3702	41665	for	O
3702	41666	london	MISC
3702	41667	fashion	MISC
3702	41668	week	MISC
3702	41669	and	O
3702	41670	party	O
3702	41671	in	O
3702	41672	style	O
3702	41673	!	O
3703	41674	Sooo	O
3703	41675	I	O
3703	41676	jus	O
3703	41677	found	O
3703	41678	out	O
3703	41679	that	O
3703	41680	the	O
3703	41681	rising	O
3703	41682	senior	O
3703	41683	class	O
3703	41684	of	O
3703	41685	The	O
3703	41686	Leadership	O
3703	41687	Academy	O
3703	41688	is	O
3703	41689	comin	O
3703	41690	to	O
3703	41691	my	O
3703	41692	skool	O
3703	41693	nxt	O
3703	41694	Saturday	O
3703	41695	yeeee	O
3703	41696	!!!	O
3704	41697	:)	O
3705	41698	RT	O
3705	41699	A	O
3705	41700	DAY	O
3705	41701	IN	O
3705	41702	THE	O
3705	41703	LIFE	O
3705	41704	OF	O
3705	41705	ME	O
3705	41706	.	O
3706	41707	Go	O
3706	41708	comment	O
3706	41709	and	O
3706	41710	subscribe	O
3706	41711	and	O
3706	41712	I'll	O
3706	41713	love	O
3706	41714	you	O
3706	41715	...	O
3707	41716	I	O
3707	41717	just	O
3707	41718	took	O
3707	41719	When	O
3707	41720	your	O
3707	41721	mom	O
3707	41722	makes	O
3707	41723	you	O
3707	41724	go	O
3707	41725	live	O
3707	41726	with	O
3707	41727	your	O
3707	41728	dad	O
3707	41729	Scooter	PERSON
3707	41730	Braun	PERSON
3707	41731	,	O
3707	41732	your	O
3707	41733	life	O
3707	41734	"..."""	O
3708	41735	and	O
3708	41736	got	O
3708	41737	Part	O
3708	41738	5	O
3708	41739	!	O
3709	41740	Try	O
3709	41741	it	O
3709	41742	..	O
3710	41743	it	O
3710	41744	's	O
3710	41745	that	O
3710	41746	time	O
3710	41747	of	O
3710	41748	year	O
3710	41749	when	O
3710	41750	dreams	O
3710	41751	of	O
3710	41752	glassy	O
3710	41753	waves	O
3710	41754	turn	O
3710	41755	to	O
3710	41756	fluffy	O
3710	41757	powder	O
3710	41758	..	O
3711	41759	neither	O
3711	41760	of	O
3711	41761	which	O
3711	41762	I	O
3711	41763	will	O
3711	41764	get	O
3711	41765	to	O
3711	41766	enjoy	O
3711	41767	because	O
3711	41768	I	O
3711	41769	have	O
3711	41770	a	O
3711	41771	real	O
3711	41772	job	O
3711	41773	.	O
3712	41774	New	O
3712	41775	Post	O
3712	41776	Beyonce	PERSON
3712	41777	I	O
3712	41778	Am	O
3712	41779	Yours	O
3712	41780	Playlist	O
3712	41781	Featured	O
3712	41782	on	O
3712	41783	VEVO	ORGANIZATION
3712	41784	Live	O
3712	41785	Week	O
3712	41786	Videos	O
3712	41787	patate	O
3712	41788	mai	O
3712	41789	c	O
3712	41790	long	O
3712	41791	kan	O
3712	41792	m	O
3712	41793	pr	O
3712	41794	just	O
3712	41795	ki	O
3712	41796	se	O
3712	41797	dise	O
3712	41798	oui	O
3712	41799	i	O
3712	41800	thought	O
3712	41801	u	O
3712	41802	were	O
3712	41803	there	O
3712	41804	when	O
3712	41805	i	O
3712	41806	was	O
3712	41807	coming	O
3712	41808	!	O
3713	41809	Pedersen	PERSON
3713	41810	Hangeland	MISC
3713	41811	won't	O
3713	41812	be	O
3713	41813	at	O
3713	41814	Fulham	LOCATION
3713	41815	for	O
3713	41816	long	O
3713	41817	Vintage	O
3713	41818	sports	O
3713	41819	cars	O
3713	41820	capture	O
3713	41821	the	O
3713	41822	feeling	O
3713	41823	of	O
3713	41824	an	O
3713	41825	earlier	O
3713	41826	time	O
3713	41827	The	O
3713	41828	day	O
3713	41829	you	O
3713	41830	left	O
3713	41831	us	O
3713	41832	was	O
3713	41833	a	O
3713	41834	day	O
3713	41835	we	O
3713	41836	lost	O
3713	41837	a	O
3713	41838	loved	O
3713	41839	one	O
3713	41840	.	O
3714	41841	But	O
3714	41842	we	O
3714	41843	will	O
3714	41844	never	O
3714	41845	leave	O
3714	41846	you	O
3714	41847	,	O
3714	41848	Michael	PERSON
3714	41849	.	O
3715	41850	All	O
3715	41851	our	O
3715	41852	love	O
3715	41853	forever	O
3715	41854	.	O
3716	41855	RT	O
3716	41856	Ok	O
3716	41857	,	O
3716	41858	one	O
3716	41859	more	O
3716	41860	tweet	O
3716	41861	before	O
3716	41862	I	O
3716	41863	go	O
3716	41864	Fresh	O
3716	41865	Look	O
3716	41866	Fridays	O
3716	41867	post	O
3716	41868	was	O
3716	41869	on	O
3716	41870	an	O
3716	41871	math	O
3716	41872	games	O
3716	41873	site	O
3716	41874	for	O
3716	41875	RT	O
3716	41876	Another	O
3716	41877	day	O
3716	41878	of	O
3716	41879	allday	O
3716	41880	and	O
3716	41881	night	O
3716	41882	skating	O
3716	41883	starting	O
3716	41884	it	O
3716	41885	out	O
3716	41886	with	O
3716	41887	This	O
3716	41888	vanilla	O
3716	41889	iced	O
3716	41890	latte	O
3716	41891	I	O
3716	41892	been	O
3716	41893	waiting	O
3716	41894	on	O
3716	41895	that	O
3716	41896	ALL	O
3716	41897	DAY	O
3716	41898	Still	O
3716	41899	dislike	O
3716	41900	Early	O
3716	41901	Decision	O
3716	41902	for	O
3716	41903	most	O
3716	41904	kids	O
3716	41905	,	O
3716	41906	but	O
3716	41907	Early	O
3716	41908	Action	O
3716	41909	can	O
3716	41910	be	O
3716	41911	great	O
3716	41912	when	O
3716	41913	used	O
3716	41914	thoughtfully	O
3716	41915	.	O
3717	41916	3	O
3717	41917	weeks	O
3717	41918	of	O
3717	41919	school	O
3717	41920	and	O
3717	41921	i'm	O
3717	41922	already	O
3717	41923	fed	O
3717	41924	up	O
3717	41925	with	O
3717	41926	it	O
3717	41927	.	O
3718	41928	come	O
3718	41929	back	O
3718	41930	,	O
3718	41931	summer	O
3718	41932	.	O
3719	41933	Lohan	PERSON
3719	41934	faces	O
3719	41935	more	O
3719	41936	jail	O
3719	41937	after	O
3719	41938	failed	O
3719	41939	drug	O
3719	41940	test	O
3719	41941	Per	O
3719	41942	the	O
3719	41943	terms	O
3719	41944	of	O
3719	41945	her	O
3719	41946	probation	O
3719	41947	in	O
3719	41948	her	O
3719	41949	DUI	O
3719	41950	case	O
3719	41951	as	O
3719	41952	laid	O
3719	41953	out	O
3719	41954	last	O
3719	41955	mont	O
3719	41956	...	O
3720	41957	Twenty	O
3720	41958	five	O
3720	41959	after	O
3720	41960	Seven	O
3720	41961	How	O
3720	41962	do	O
3720	41963	you	O
3720	41964	think	O
3720	41965	your	O
3720	41966	parents	O
3720	41967	are	O
3720	41968	able	O
3720	41969	to	O
3720	41970	help	O
3720	41971	you	O
3720	41972	with	O
3720	41973	your	O
3720	41974	homework	O
3720	41975	?	O
3721	41976	It	O
3721	41977	's	O
3721	41978	because	O
3721	41979	they	O
3721	41980	learned	O
3721	41981	the	O
3721	41982	same	O
3721	41983	thing	O
3721	41984	years	O
3721	41985	ago	O
3721	41986	.	O
3722	41987	overnight	O
3722	41988	tonight	O
3722	41989	...	O
3723	41990	gheyyyy	O
3723	41991	Why	O
3723	41992	is	O
3723	41993	it	O
3723	41994	that	O
3723	41995	when	O
3723	41996	we	O
3723	41997	KNOW	O
3723	41998	the	O
3723	41999	batteries	O
3723	42000	in	O
3723	42001	a	O
3723	42002	remote	O
3723	42003	are	O
3723	42004	dead	O
3723	42005	,	O
3723	42006	we	O
3723	42007	push	O
3723	42008	the	O
3723	42009	buttons	O
3723	42010	harder	O
3723	42011	?	O
3724	42012	RT	O
3724	42013	AW	O
3724	42014	C'MON	O
3724	42015	VOTE	O
3724	42016	FOR	O
3724	42017	as	O
3724	42018	BEST	O
3724	42019	NEW	O
3724	42020	ARTIST	O
3724	42021	-	O
3724	42022	GO	O
3724	42023	AND	O
3724	42024	VOTE	O
3724	42025	,	O
3724	42026	TIME	O
3724	42027	IS	O
3724	42028	RUNNING	O
3724	42029	OUT	O
3724	42030	!	O
3725	42031	...	O
3726	42032	had	O
3726	42033	a	O
3726	42034	great	O
3726	42035	day	O
3726	42036	courtesy	O
3726	42037	of	O
3726	42038	my	O
3726	42039	morning	O
3726	42040	that	O
3726	42041	I	O
3726	42042	had	O
3726	42043	talking	O
3726	42044	to	O
3726	42045	Rashad	PERSON
3726	42046	...	O
3727	42047	:)	O
3728	42048	No	O
3728	42049	one	O
3728	42050	cares	O
3728	42051	....	O
3729	42052	RT	O
3729	42053	so	O
3729	42054	Cudi	PERSON
3729	42055	got	O
3729	42056	a	O
3729	42057	problem	O
3729	42058	with	O
3729	42059	Wale	PERSON
3729	42060	now	O
3729	42061	?	O
3730	42062	why	O
3730	42063	?	O
3731	42064	when	O
3731	42065	did	O
3731	42066	this	O
3731	42067	happen	O
3731	42068	?	O
3732	42069	is	O
3732	42070	this	O
3732	42071	musical	O
3732	42072	or	O
3732	42073	personal	O
3732	42074	?	O
3733	42075	RT	O
3733	42076	Free	O
3733	42077	swimming	O
3733	42078	and	O
3733	42079	golf	O
3733	42080	tomorrow	O
3733	42081	for	O
3733	42082	Sports	MISC
3733	42083	Day	MISC
3733	42084	in	O
3733	42085	Canada	LOCATION
3733	42086	today	O
3733	42087	in	O
3733	42088	a	O
3733	42089	nutshell	O
3733	42090	;	O
3733	42091	abusing	O
3733	42092	blind	O
3733	42093	people	O
3733	42094	,	O
3733	42095	seducing	O
3733	42096	teachers	O
3733	42097	,	O
3733	42098	chinese	O
3733	42099	takeaways	O
3733	42100	,	O
3733	42101	gatt	PERSON
3733	42102	holly	PERSON
3733	42103	,	O
3733	42104	phil	PERSON
3733	42105	collins	PERSON
3733	42106	,	O
3733	42107	the	O
3733	42108	skin	O
3733	42109	of	O
3733	42110	a	O
3733	42111	goblins	O
3733	42112	nose	O
3733	42113	,	O
3733	42114	lush	ORGANIZATION
3733	42115	IT'S	O
3733	42116	FRIDAY	O
3733	42117	I'M	O
3733	42118	NOT	O
3733	42119	IN	O
3733	42120	LOVEEE	O
3733	42121	If	O
3733	42122	you're	O
3733	42123	a	O
3733	42124	guy	O
3733	42125	&	O
3733	42126	I	O
3733	42127	keep	O
3733	42128	hurting	O
3733	42129	your	O
3733	42130	feelings	O
3733	42131	all	O
3733	42132	the	O
3733	42133	time	O
3733	42134	,	O
3733	42135	something	O
3733	42136	ain't	O
3733	42137	right	O
3733	42138	.	O
3734	42139	Chin	O
3734	42140	up	O
3734	42141	nigga	O
3734	42142	DAMN	O
3734	42143	.	O
3735	42144	So	O
3735	42145	unattractive	O
3735	42146	.	O
3736	42147	Free	O
3736	42148	Speech	O
3736	42149	Friday	O
3736	42150	underway	O
3736	42151	.	O
3737	42152	Anything	O
3737	42153	on	O
3737	42154	your	O
3737	42155	mind	O
3737	42156	is	O
3737	42157	fair	O
3737	42158	game	O
3737	42159	..	O
3738	42160	radio.woai.com	O
3739	42161	k/w	O
3739	42162	pags	O
3739	42163	SWEETY	O
3739	42164	IM	O
3739	42165	GONNA	O
3739	42166	GIVe	O
3739	42167	YOu	O
3739	42168	THAT	O
3739	42169	FUCKING	O
3739	42170	50000	O
3739	42171	WHEN	O
3739	42172	I	O
3739	42173	GET	O
3739	42174	IT	O
3739	42175	!	O
3740	42176	XD	O
3740	42177	Amazon	O
3740	42178	U.K.	O
3741	42179	Offering	O
3741	42180	HTC	MISC
3741	42181	Desire	MISC
3741	42182	Z	MISC
3741	42183	Unlocked	O
3741	42184	October	O
3741	42185	11	O
3741	42186	We	O
3741	42187	just	O
3741	42188	got	O
3741	42189	official	O
3741	42190	word	O
3741	42191	of	O
3741	42192	the	O
3741	42193	HTC	MISC
3741	42194	Desire	MISC
3741	42195	Z	MISC
3741	42196	earlier	O
3741	42197	in	O
3741	42198	Lo	O
3741	42199	...	O
3742	42200	Watching	O
3742	42201	The	MISC
3742	42202	Room	MISC
3742	42203	for	O
3742	42204	like	O
3742	42205	the	O
3742	42206	fifth	O
3742	42207	time	O
3742	42208	.	O
3743	42209	It	O
3743	42210	's	O
3743	42211	a	O
3743	42212	classic	O
3743	42213	.	O
3744	42214	Tommy	PERSON
3744	42215	WIseau	PERSON
3744	42216	is	O
3744	42217	a	O
3744	42218	genius	O
3744	42219	.	O
3745	42220	I	O
3745	42221	knew	O
3745	42222	it	O
3745	42223	was	O
3745	42224	a	O
3745	42225	joke	O
3745	42226	;)	O
3746	42227	That	O
3746	42228	's	O
3746	42229	why	O
3746	42230	I	O
3746	42231	was	O
3746	42232	ROTFLMAO	O
3746	42233	when	O
3746	42234	you	O
3746	42235	posted	O
3746	42236	that	O
3746	42237	!	O
3747	42238	;)	O
3748	42239	Sorry	O
3748	42240	some	O
3748	42241	people	O
3748	42242	just	O
3748	42243	can't	O
3748	42244	take	O
3748	42245	a	O
3748	42246	joke	O
3748	42247	.	O
3749	42248	:)	O
3750	42249	RT	O
3750	42250	If	O
3750	42251	i	O
3750	42252	could	O
3750	42253	be	O
3750	42254	with	O
3750	42255	u	O
3750	42256	for	O
3750	42257	our	O
3750	42258	b'days	O
3750	42259	that	O
3750	42260	would	O
3750	42261	be	O
3750	42262	amazin	O
3750	42263	...	O
3751	42264	ii	O
3751	42265	DEF	O
3751	42266	agree	O
3751	42267	Boo	O
3751	42268	..	O
3752	42269	we	O
3752	42270	should	O
3752	42271	do	O
3752	42272	our	O
3752	42273	best	O
3752	42274	to	O
3752	42275	me	O
3752	42276	too	O
3752	42277	!	O
3753	42278	i	O
3753	42279	cant	O
3753	42280	wait	O
3753	42281	for	O
3753	42282	the	O
3753	42283	new	O
3753	42284	season	O
3753	42285	to	O
3753	42286	start	O
3753	42287	this	O
3753	42288	week	O
3753	42289	RT	O
3753	42290	Going	O
3753	42291	live	O
3753	42292	tonight	O
3753	42293	and	O
3753	42294	2mmrow	O
3753	42295	what	O
3753	42296	you	O
3753	42297	performing	O
3753	42298	somewhere	O
3753	42299	?	O
3754	42300	TODAY	O
3754	42301	BESTIE	O
3754	42302	!!!	O
3755	42303	He	O
3755	42304	was	O
3755	42305	at	O
3755	42306	my	O
3755	42307	school	O
3755	42308	,	O
3755	42309	and	O
3755	42310	I	O
3755	42311	saw	O
3755	42312	him	O
3755	42313	on	O
3755	42314	my	O
3755	42315	way	O
3755	42316	to	O
3755	42317	practice	O
3755	42318	!!	O
3756	42319	So	O
3756	42320	happy	O
3756	42321	this	O
3756	42322	hellish	O
3756	42323	week	O
3756	42324	is	O
3756	42325	over	O
3756	42326	!	O
3757	42327	Nothing	O
3757	42328	that	O
3757	42329	some	O
3757	42330	sushi	O
3757	42331	and	O
3757	42332	sake	O
3757	42333	can	O
3757	42334	fix	O
3757	42335	;)	O
3758	42336	Summer	O
3758	42337	has	O
3758	42338	come	O
3758	42339	and	O
3758	42340	past	O
3758	42341	,	O
3758	42342	the	O
3758	42343	innocent	O
3758	42344	can	O
3758	42345	never	O
3758	42346	last	O
3758	42347	.	O
3759	42348	Wake	O
3759	42349	me	O
3759	42350	up	O
3759	42351	when	O
3759	42352	September	O
3759	42353	ends	O
3759	42354	.	O
3760	42355	Recording	O
3760	42356	vocals	O
3760	42357	tonight	O
3760	42358	!	O
3761	42359	Can't	O
3761	42360	wait	O
3761	42361	for	O
3761	42362	the	O
3761	42363	song	O
3761	42364	to	O
3761	42365	be	O
3761	42366	done	O
3761	42367	!	O
3762	42368	must	O
3762	42369	be	O
3762	42370	a	O
3762	42371	slow	O
3762	42372	news	O
3762	42373	day	O
3762	42374	for	O
3762	42375	everybody	O
3762	42376	2	O
3762	42377	b	O
3762	42378	talkin	O
3762	42379	bout	O
3762	42380	a	O
3762	42381	known	O
3762	42382	druggie/acoholic	O
3762	42383	bi	O
3762	42384	actress	O
3762	42385	testin	O
3762	42386	pos	O
3762	42387	.	O
3763	42388	for	O
3763	42389	caine	O
3763	42390	Every	O
3763	42391	seven	O
3763	42392	years	O
3763	42393	you	O
3763	42394	lose	O
3763	42395	around	O
3763	42396	half	O
3763	42397	of	O
3763	42398	your	O
3763	42399	friends	O
3763	42400	,	O
3763	42401	and	O
3763	42402	replace	O
3763	42403	them	O
3763	42404	with	O
3763	42405	new	O
3763	42406	friends	O
3763	42407	.	O
3764	42408	Maybe	O
3764	42409	it	O
3764	42410	's	O
3764	42411	compulsary	O
3764	42412	..	O
3765	42413	when	O
3765	42414	you're	O
3765	42415	over	O
3765	42416	the	O
3765	42417	age	O
3765	42418	of	O
3765	42419	30	O
3765	42420	and	O
3765	42421	an	O
3765	42422	unemployed	O
3765	42423	wrestler	O
3765	42424	you	O
3765	42425	have	O
3765	42426	to	O
3765	42427	act	O
3765	42428	like	O
3765	42429	a	O
3765	42430	total	O
3765	42431	tool	O
3765	42432	.	O
3766	42433	Jessum	PERSON
3766	42434	's	O
3766	42435	Question	O
3766	42436	of	O
3766	42437	teh	O
3766	42438	Day	O
3766	42439	who	O
3766	42440	's	O
3766	42441	you	O
3766	42442	favorite	O
3766	42443	sidekick	O
3766	42444	?	O
3767	42445	Yesterday	O
3767	42446	's	O
3767	42447	results	O
3767	42448	hehehe-ahh	O
3767	42449	I	O
3767	42450	love	O
3767	42451	the	O
3767	42452	trolling	O
3767	42453	XD	O
3767	42454	I'm	O
3767	42455	sure	O
3767	42456	you	O
3767	42457	can	O
3767	42458	spell	O
3767	42459	propah	O
3767	42460	guud	O
3767	42461	when	O
3767	42462	you	O
3767	42463	try	O
3767	42464	really	O
3767	42465	hard	O
3767	42466	:)	O
3768	42467	inspired	O
3768	42468	yet	O
3768	42469	again	O
3768	42470	to	O
3768	42471	write	O
3768	42472	..	O
3769	42473	cant	O
3769	42474	wait	O
3769	42475	to	O
3769	42476	share	O
3769	42477	my	O
3769	42478	testimony	O
3769	42479	..	O
3770	42480	cant	O
3770	42481	wait	O
3770	42482	for	O
3770	42483	the	O
3770	42484	day	O
3770	42485	when	O
3770	42486	im	O
3770	42487	taken	O
3770	42488	underwater	O
3770	42489	brought	O
3770	42490	back	O
3770	42491	up	O
3770	42492	..	O
3771	42493	BORN	O
3771	42494	AGAIN	O
3771	42495	quote	O
3771	42496	of	O
3771	42497	the	O
3771	42498	day	O
3771	42499	I	O
3771	42500	don't	O
3771	42501	have	O
3771	42502	a	O
3771	42503	religio	O
3771	42504	n.I	O
3772	42505	believe	O
3772	42506	in	O
3772	42507	a	O
3772	42508	Go	O
3772	42509	d.I	O
3773	42510	don't	O
3773	42511	know	O
3773	42512	what	O
3773	42513	it	O
3773	42514	looks	O
3773	42515	like	O
3773	42516	cont	O
3773	42517	wore	O
3773	42518	socks	O
3773	42519	for	O
3773	42520	second	O
3773	42521	day	O
3773	42522	in	O
3773	42523	a	O
3773	42524	row	O
3773	42525	...	O
3774	42526	RIP	O
3774	42527	Summer	O
3774	42528	RT	O
3774	42529	As	O
3774	42530	a	O
3774	42531	you	O
3774	42532	may	O
3774	42533	find	O
3774	42534	your	O
3774	42535	thoughts	O
3774	42536	racing	O
3774	42537	so	O
3774	42538	fast	O
3774	42539	you	O
3774	42540	can't	O
3774	42541	keep	O
3774	42542	up	O
3774	42543	with	O
3774	42544	them	O
3774	42545	.	O
3775	42546	Today	O
3775	42547	's	O
3775	42548	is	O
3775	42549	's	O
3775	42550	last	O
3775	42551	day	O
3775	42552	before	O
3775	42553	she	O
3775	42554	goes	O
3775	42555	on	O
3775	42556	Maternity	O
3775	42557	leave	O
3775	42558	.	O
3776	42559	Please	O
3776	42560	take	O
3776	42561	a	O
3776	42562	moment	O
3776	42563	to	O
3776	42564	wish	O
3776	42565	her	O
3776	42566	well	O
3776	42567	.	O
3777	42568	We'll	O
3777	42569	miss	O
3777	42570	you	O
3777	42571	!!!	O
3778	42572	RT	O
3778	42573	Naast	O
3778	42574	de	O
3778	42575	theatertour	O
3778	42576	die	O
3778	42577	komende	O
3778	42578	week	O
3778	42579	weer	O
3778	42580	aanvangt	O
3778	42581	ziet	O
3778	42582	u	O
3778	42583	mijn	O
3778	42584	pan	O
3778	42585	ook	O
3778	42586	op	O
3778	42587	tv	O
3778	42588	ma	O
3778	42589	.	O
3779	42590	Co-ass	O
3779	42591	.,	O
3780	42592	di	O
3780	42593	.	O
3781	42594	Opium	O
3781	42595	en	O
3781	42596	do	O
3781	42597	.	O
3782	42598	Koffi	O
3782	42599	...	O
3783	42600	still	O
3783	42601	hot	O
3783	42602	...	O
3784	42603	But	O
3784	42604	excited	O
3784	42605	about	O
3784	42606	tomorrow	O
3784	42607	going	O
3784	42608	to	O
3784	42609	see	O
3784	42610	Lady	PERSON
3784	42611	Gaga	PERSON
3784	42612	:)	O
3785	42613	how	O
3785	42614	did	O
3785	42615	you	O
3785	42616	miss	O
3785	42617	that	O
3785	42618	?!	O
3786	42619	I've	O
3786	42620	had	O
3786	42621	it	O
3786	42622	set	O
3786	42623	to	O
3786	42624	record	O
3786	42625	for	O
3786	42626	a	O
3786	42627	week	O
3786	42628	.	O
3787	42629	I'll	O
3787	42630	save	O
3787	42631	it	O
3787	42632	for	O
3787	42633	when	O
3787	42634	you	O
3787	42635	come	O
3787	42636	to	O
3787	42637	cali	O
3787	42638	So	O
3787	42639	much	O
3787	42640	work	O
3787	42641	yet	O
3787	42642	to	O
3787	42643	do	O
3787	42644	before	O
3787	42645	heading	O
3787	42646	to	O
3787	42647	Grand	MISC
3787	42648	Masquerade	MISC
3787	42649	next	O
3787	42650	week	O
3787	42651	.	O
3788	42652	RT	O
3788	42653	Daytime	O
3788	42654	's	O
3788	42655	oldest	O
3788	42656	soap	O
3788	42657	went	O
3788	42658	off	O
3788	42659	the	O
3788	42660	air	O
3788	42661	today	O
3788	42662	after	O
3788	42663	54	O
3788	42664	years	O
3788	42665	,	O
3788	42666	so	O
3788	42667	the	O
3788	42668	WORLD	O
3788	42669	stopped	O
3788	42670	turning	O
3788	42671	for	O
3788	42672	3	O
3788	42673	million	O
3788	42674	viewers	O
3788	42675	.	O
3789	42676	Sh	O
3789	42677	...	O
3790	42678	-	O
3790	42679	Well	O
3790	42680	there	O
3790	42681	were	O
3790	42682	4	O
3790	42683	interviews	O
3790	42684	diff	O
3790	42685	gov	O
3790	42686	jobs	O
3790	42687	i	O
3790	42688	got	O
3790	42689	the	O
3790	42690	1	O
3790	42691	i	O
3790	42692	wanted	O
3790	42693	.	O
3791	42694	Glad	O
3791	42695	i	O
3791	42696	found	O
3791	42697	out	O
3791	42698	today	O
3791	42699	,	O
3791	42700	it	O
3791	42701	would	O
3791	42702	be	O
3791	42703	a	O
3791	42704	long	O
3791	42705	weekend	O
3791	42706	if	O
3791	42707	not	O
3791	42708	On	O
3791	42709	the	O
3791	42710	bus	O
3791	42711	.	O
3792	42712	Full	O
3792	42713	of	O
3792	42714	people	O
3792	42715	-	O
3792	42716	thank	O
3792	42717	goodness	O
3792	42718	it	O
3792	42719	's	O
3792	42720	Friday	O
3792	42721	!!	O
3793	42722	I	O
3793	42723	honestly	O
3793	42724	don't	O
3793	42725	know	O
3793	42726	how	O
3793	42727	she	O
3793	42728	does	O
3793	42729	it	O
3793	42730	,	O
3793	42731	she	O
3793	42732	works	O
3793	42733	from	O
3793	42734	8am	O
3793	42735	till	O
3793	42736	9pm	O
3793	42737	at	O
3793	42738	least	O
3793	42739	4	O
3793	42740	days	O
3793	42741	a	O
3793	42742	week	O
3793	42743	.	O
3794	42744	She	O
3794	42745	's	O
3794	42746	off	O
3794	42747	mon/tues	O
3794	42748	,	O
3794	42749	Thanks	O
3794	42750	and	O
3794	42751	I	O
3794	42752	will	O
3794	42753	RT	O
3794	42754	Happy	O
3794	42755	Berlated	O
3794	42756	Birthday	O
3794	42757	!	O
3795	42758	I	O
3795	42759	hope	O
3795	42760	u	O
3795	42761	have	O
3795	42762	fun	O
3795	42763	&	O
3795	42764	live	O
3795	42765	it	O
3795	42766	up	O
3795	42767	tonight	O
3795	42768	..	O
3796	42769	Enjoy	O
3796	42770	&	O
3796	42771	b	O
3796	42772	safe	O
3796	42773	!	O
3797	42774	thats	O
3797	42775	whassup	O
3797	42776	.	O
3798	42777	when	O
3798	42778	u	O
3798	42779	posed	O
3798	42780	to	O
3798	42781	be	O
3798	42782	comin	O
3798	42783	out	O
3798	42784	here	O
3798	42785	Our	O
3798	42786	Favorite	O
3798	42787	YouTube	ORGANIZATION
3798	42788	Videos	O
3798	42789	This	O
3798	42790	Week	O
3798	42791	The	O
3798	42792	Drama	O
3798	42793	Edition	O
3798	42794	Had	O
3798	42795	any	O
3798	42796	epic	O
3798	42797	meltdowns	O
3798	42798	this	O
3798	42799	week	O
3798	42800	?	O
3799	42801	You	O
3799	42802	know	O
3799	42803	,	O
3799	42804	of	O
3799	42805	the	O
3799	42806	cryin	O
3799	42807	...	O
3800	42808	Wtf	O
3800	42809	do	O
3800	42810	i	O
3800	42811	have	O
3800	42812	a	O
3800	42813	stupid	O
3800	42814	3hr	O
3800	42815	shift	O
3800	42816	tonight	O
3800	42817	!!	O
3801	42818	I	O
3801	42819	wanna	O
3801	42820	go	O
3801	42821	out	O
3801	42822	and	O
3801	42823	have	O
3801	42824	fun	O
3801	42825	:(	O
3802	42826	Oh	O
3802	42827	well	O
3802	42828	time	O
3802	42829	to	O
3802	42830	watch	O
3802	42831	some	O
3802	42832	Jersey	MISC
3802	42833	Shore	MISC
3802	42834	haha	O
3802	42835	the	O
3802	42836	current	O
3802	42837	library	O
3802	42838	plan	O
3802	42839	is	O
3802	42840	to	O
3802	42841	go	O
3802	42842	Monday	O
3802	42843	morning	O
3802	42844	.	O
3803	42845	first	O
3803	42846	books	O
3803	42847	on	O
3803	42848	shelves	O
3803	42849	,	O
3803	42850	then	O
3803	42851	holds	O
3803	42852	,	O
3803	42853	then	O
3803	42854	check	O
3803	42855	bookstore	O
3803	42856	on	O
3803	42857	way	O
3803	42858	home	O
3803	42859	for	O
3803	42860	The	MISC
3803	42861	Replacement	MISC
3803	42862	.	O
3804	42863	ASPCA	O
3804	42864	PETA	O
3804	42865	HSUS	O
3804	42866	..	O
3805	42867	Animal	O
3805	42868	rescue	O
3805	42869	or	O
3805	42870	BIG	O
3805	42871	BUSINESS	O
3805	42872	?	O
3806	42873	CK	O
3806	42874	OUT	O
3806	42875	THIS	O
3806	42876	SERIES	O
3806	42877	OF	O
3806	42878	LINKS	O
3806	42879	BEFORE	O
3806	42880	YOU	O
3806	42881	DONATE	O
3806	42882	Today	O
3806	42883	is	O
3806	42884	a	O
3806	42885	logistical	O
3806	42886	nightmare	O
3806	42887	!	O
3807	42888	Committed	O
3807	42889	to	O
3807	42890	a	O
3807	42891	b'day	O
3807	42892	party	O
3807	42893	attendance	O
3807	42894	but	O
3807	42895	discover	O
3807	42896	I	O
3807	42897	have	O
3807	42898	2	O
3807	42899	kids	O
3807	42900	,	O
3807	42901	no	O
3807	42902	car	O
3807	42903	&	O
3807	42904	only	O
3807	42905	plastic	O
3807	42906	money	O
3807	42907	.	O
3808	42908	About	O
3808	42909	online	O
3808	42910	dietician	O
3808	42911	A	O
3808	42912	thinner	O
3808	42913	stool	O
3808	42914	than	O
3808	42915	usual	O
3808	42916	can	O
3808	42917	be	O
3808	42918	identified	O
3808	42919	and	O
3808	42920	removed	O
3808	42921	before	O
3808	42922	they	O
3808	42923	get	O
3808	42924	are	O
3808	42925	2	O
3808	42926	weeks	O
3808	42927	ago	O
3808	42928	J	O
3808	42929	...	O
3809	42930	Buut	O
3809	42931	.	O
3810	42932	Ill	O
3810	42933	have	O
3810	42934	to	O
3810	42935	get	O
3810	42936	on	O
3810	42937	my	O
3810	42938	phone	O
3810	42939	.	O
3811	42940	Im	O
3811	42941	going	O
3811	42942	to	O
3811	42943	some	O
3811	42944	thing	O
3811	42945	with	O
3811	42946	my	O
3811	42947	friends	O
3811	42948	tonight	O
3811	42949	.	O
3812	42950	D	O
3812	42951	Ha	O
3812	42952	!	O
3813	42953	RT	O
3813	42954	thanks	O
3813	42955	port	ORGANIZATION
3813	42956	city	ORGANIZATION
3813	42957	java	ORGANIZATION
3813	42958	for	O
3813	42959	the	O
3813	42960	caffeine	O
3813	42961	.	O
3814	42962	not	O
3814	42963	so	O
3814	42964	sure	O
3814	42965	my	O
3814	42966	coworkers	O
3814	42967	will	O
3814	42968	be	O
3814	42969	as	O
3814	42970	pleased	O
3814	42971	when	O
3814	42972	i	O
3814	42973	start	O
3814	42974	shooting	O
3814	42975	off	O
3814	42976	emails	O
3814	42977	at	O
3814	42978	RT	O
3814	42979	When	O
3814	42980	everything	O
3814	42981	seems	O
3814	42982	to	O
3814	42983	be	O
3814	42984	going	O
3814	42985	against	O
3814	42986	you	O
3814	42987	,	O
3814	42988	remember	O
3814	42989	that	O
3814	42990	the	O
3814	42991	airplane	O
3814	42992	takes	O
3814	42993	off	O
3814	42994	against	O
3814	42995	the	O
3814	42996	wind	O
3814	42997	,	O
3814	42998	not	O
3814	42999	with	O
3814	43000	it	O
3814	43001	"."""	O
3815	43002	...	O
3816	43003	RT	O
3816	43004	Working	O
3816	43005	at	O
3816	43006	BAR	LOCATION
3816	43007	tonight	O
3816	43008	.	O
3817	43009	1309	O
3817	43010	sansom	O
3817	43011	st	O
3817	43012	.	O
3818	43013	More	O
3818	43014	secrets	O
3818	43015	than	O
3818	43016	Copa	O
3818	43017	.	O
3819	43018	Shhhhh	O
3819	43019	...	O
3820	43020	haha	O
3820	43021	.	O
3821	43022	I	O
3821	43023	might	O
3821	43024	be	O
3821	43025	comin	O
3821	43026	into	O
3821	43027	town	O
3821	43028	next	O
3821	43029	week	O
3821	43030	!	O
3822	43031	YOU	O
3822	43032	!	O
3823	43033	!	O
3824	43034	Do	O
3824	43035	you	O
3824	43036	want	O
3824	43037	to	O
3824	43038	go	O
3824	43039	to	O
3824	43040	art	O
3824	43041	showing	O
3824	43042	with	O
3824	43043	me	O
3824	43044	?	O
3825	43045	At	O
3825	43046	7	O
3825	43047	?	O
3826	43048	Tomorrow	O
3826	43049	?	O
3827	43050	Please	O
3827	43051	?	O
3828	43052	3	O
3828	43053	you	O
3828	43054	Fuckin	O
3828	43055	FRIDAY	O
3828	43056	NIGHT	O
3828	43057	,	O
3828	43058	Tweople	O
3828	43059	RIDE	O
3828	43060	IT	O
3828	43061	!	O
3829	43062	The	O
3829	43063	Cheap	O
3829	43064	and	O
3829	43065	Choosy	O
3829	43066	Play	O
3829	43067	All	O
3829	43068	Day	O
3829	43069	Fitted	O
3829	43070	Diaper	O
3829	43071	Review	O
3829	43072	&	O
3829	43073	$15	O
3829	43074	EcoMom	O
3829	43075	Gif	O
3829	43076	...	O
3830	43077	via	O
3830	43078	Bonfire	O
3830	43079	tonite	O
3830	43080	.	O
3831	43081	All	O
3831	43082	are	O
3831	43083	welcome	O
3831	43084	,	O
3831	43085	joe	PERSON
3831	43086	included	O
3831	43087	total	O
3831	43088	9	O
3831	43089	for	O
3831	43090	Clark	PERSON
3831	43091	Duke	PERSON
3831	43092	RT	O
3831	43093	Just	O
3831	43094	watched	O
3831	43095	hot	O
3831	43096	tub	O
3831	43097	time	O
3831	43098	machine	O
3831	43099	.	O
3832	43100	Funny	O
3832	43101	film	O
3832	43102	!	O
3833	43103	Quite	O
3833	43104	enjoyable	O
3833	43105	!	O
3834	43106	Hmm	O
3834	43107	7.5	O
3835	43108	/10	O
3835	43109	Want	O
3835	43110	to	O
3835	43111	see	O
3835	43112	the	O
3835	43113	view	O
3835	43114	from	O
3835	43115	our	O
3835	43116	floor	O
3835	43117	of	O
3835	43118	yesterday	O
3835	43119	's	O
3835	43120	police	O
3835	43121	car	O
3835	43122	mayhem	O
3835	43123	during	O
3835	43124	the	O
3835	43125	shooting	O
3835	43126	incident	O
3835	43127	?	O
3836	43128	couldn't	O
3836	43129	help	O
3836	43130	but	O
3836	43131	notice	O
3836	43132	you	O
3836	43133	look	O
3836	43134	uncomfortable	O
3836	43135	when	O
3836	43136	you	O
3836	43137	walk	O
3836	43138	.	O
3837	43139	I	O
3837	43140	am	O
3837	43141	guessing	O
3837	43142	you	O
3837	43143	have	O
3837	43144	a	O
3837	43145	back	O
3837	43146	problem	O
3837	43147	.	O
3838	43148	Happy	O
3838	43149	birfday	O
3838	43150	to	O
3838	43151	the	O
3838	43152	only	O
3838	43153	p-i-m-p	O
3838	43154	I	O
3838	43155	know	O
3838	43156	...	O
3839	43157	!	O
3840	43158	We're	O
3840	43159	getting	O
3840	43160	white	O
3840	43161	boy	O
3840	43162	wasted	O
3840	43163	tonight	O
3840	43164	!	O
3841	43165	RT	O
3841	43166	recognizes	O
3841	43167	today	O
3841	43168	as	O
3841	43169	National	MISC
3841	43170	POW/MIA	MISC
3841	43171	Recognition	MISC
3841	43172	Day	MISC
3841	43173	.	O
3842	43174	Visit	O
3842	43175	to	O
3842	43176	read	O
3842	43177	the	O
3842	43178	Presidenta	O
3842	43179	...	O
3843	43180	Anybody	O
3843	43181	who	O
3843	43182	waits	O
3843	43183	until	O
3843	43184	AFTER	O
3843	43185	the	O
3843	43186	last	O
3843	43187	item	O
3843	43188	is	O
3843	43189	scanned	O
3843	43190	and	O
3843	43191	the	O
3843	43192	total	O
3843	43193	is	O
3843	43194	calculated	O
3843	43195	to	O
3843	43196	get	O
3843	43197	out	O
3843	43198	a	O
3843	43199	checkbook	O
3843	43200	or	O
3843	43201	d	O
3843	43202	...	O
3844	43203	Win	O
3844	43204	$100	O
3844	43205	Visa	ORGANIZATION
3844	43206	card	O
3844	43207	!	O
3845	43208	Ive	O
3845	43209	heard	O
3845	43210	of	O
3845	43211	that	O
3845	43212	.	O
3846	43213	Hadn't	O
3846	43214	heard	O
3846	43215	it	O
3846	43216	called	O
3846	43217	that	O
3846	43218	before	O
3846	43219	.	O
3847	43220	I	O
3847	43221	considered	O
3847	43222	it	O
3847	43223	but	O
3847	43224	my	O
3847	43225	hair	O
3847	43226	is	O
3847	43227	so	O
3847	43228	oily	O
3847	43229	,	O
3847	43230	I	O
3847	43231	think	O
3847	43232	I	O
3847	43233	would	O
3847	43234	look	O
3847	43235	dirty	O
3847	43236	.	O
3848	43237	:)	O
3849	43238	Is	O
3849	43239	Joaquin	PERSON
3849	43240	Phoenix	PERSON
3849	43241	Our	O
3849	43242	Modern	O
3849	43243	Day	O
3849	43244	Andy	PERSON
3849	43245	Kaufman	PERSON
3849	43246	?:	O
3850	43247	...	O
3851	43248	the	O
3851	43249	bizarre	O
3851	43250	events	O
3851	43251	leading	O
3851	43252	up	O
3851	43253	to	O
3851	43254	this	O
3851	43255	moment	O
3851	43256	,	O
3851	43257	the	O
3851	43258	movie	O
3851	43259	could	O
3851	43260	...	O
3852	43261	DUDE	O
3852	43262	I	O
3852	43263	CAN	O
3852	43264	WATCH	O
3852	43265	JENNIFERS	MISC
3852	43266	BODY	MISC
3852	43267	:O	O
3853	43268	I	O
3853	43269	KNOW	O
3853	43270	WHAT	O
3853	43271	IMMA	O
3853	43272	BE	O
3853	43273	DOING	O
3853	43274	ALL	O
3853	43275	WEEK	O
3853	43276	xD	O
3853	43277	I	O
3853	43278	LOVE	O
3853	43279	THESE	O
3853	43280	MOVIES	O
3853	43281	!	O
3854	43282	Nice	O
3854	43283	and	O
3854	43284	easy	O
3854	43285	as	O
3854	43286	I	O
3854	43287	take	O
3854	43288	my	O
3854	43289	time	O
3854	43290	.	O
3855	43291	Uhmm	O
3855	43292	.	O
3856	43293	Looks	O
3856	43294	like	O
3856	43295	I'm	O
3856	43296	not	O
3856	43297	leaving	O
3856	43298	my	O
3856	43299	house	O
3856	43300	tonight	O
3856	43301	!	O
3857	43302	RT	O
3857	43303	We	O
3857	43304	have	O
3857	43305	so	O
3857	43306	much	O
3857	43307	time	O
3857	43308	and	O
3857	43309	so	O
3857	43310	little	O
3857	43311	to	O
3857	43312	do	O
3857	43313	.	O
3858	43314	Strike	O
3858	43315	that	O
3858	43316	,	O
3858	43317	reverse	O
3858	43318	it	O
3858	43319	.	O
3859	43320	-Roald	PERSON
3859	43321	Dahl	PERSON
3859	43322	RT	O
3859	43323	Pisces	O
3859	43324	tend	O
3859	43325	to	O
3859	43326	escape	O
3859	43327	into	O
3859	43328	fantasy	O
3859	43329	and	O
3859	43330	day	O
3859	43331	dreams	O
3859	43332	.	O
3860	43333	There	O
3860	43334	they	O
3860	43335	are	O
3860	43336	free	O
3860	43337	.	O
3861	43338	yesss	O
3861	43339	!	O
3862	43340	^10thpower	O
3862	43341	RT	O
3862	43342	it	O
3862	43343	's	O
3862	43344	in	O
3862	43345	England	LOCATION
3862	43346	.	O
3863	43347	Will	O
3863	43348	tweet	O
3863	43349	tomorrow	O
3863	43350	if	O
3863	43351	they	O
3863	43352	let	O
3863	43353	me	O
3863	43354	...	O
3864	43355	..	O
3865	43356	Thinks	O
3865	43357	I'm	O
3865	43358	Funny	O
3865	43359	When	O
3865	43360	I	O
3865	43361	Tell	O
3865	43362	The	O
3865	43363	Punch	O
3865	43364	Line	O
3865	43365	Wrong	O
3865	43366	...	O
3866	43367	;)	O
3867	43368	whats	O
3867	43369	the	O
3867	43370	point	O
3867	43371	in	O
3867	43372	being	O
3867	43373	on	O
3867	43374	the	O
3867	43375	computer	O
3867	43376	if	O
3867	43377	i	O
3867	43378	can	O
3867	43379	just	O
3867	43380	be	O
3867	43381	mobile	O
3867	43382	all	O
3867	43383	the	O
3867	43384	time	O
3867	43385	?	O
3868	43386	exactly	O
3868	43387	.	O
3869	43388	will	O
3869	43389	..	O
3870	43390	Dont	O
3870	43391	go	O
3870	43392	!!	O
3871	43393	Cause	O
3871	43394	its	O
3871	43395	your	O
3871	43396	last	O
3871	43397	year	O
3871	43398	i	O
3871	43399	know	O
3871	43400	the	O
3871	43401	school	O
3871	43402	suck	O
3871	43403	but	O
3871	43404	you	O
3871	43405	should	O
3871	43406	go	O
3871	43407	to	O
3871	43408	school	O
3871	43409	^^	O
3871	43410	HK	O
3871	43411	can	O
3871	43412	wait	O
3871	43413	for	O
3871	43414	u	O
3871	43415	..	O
3872	43416	!!	O
3873	43417	Been	O
3873	43418	trying	O
3873	43419	to	O
3873	43420	find	O
3873	43421	a	O
3873	43422	copy	O
3873	43423	of	O
3873	43424	Nostalgia	MISC
3873	43425	for	O
3873	43426	years	O
3873	43427	.	O
3874	43428	I	O
3874	43429	love	O
3874	43430	listening	O
3874	43431	to	O
3874	43432	lies	O
3874	43433	when	O
3874	43434	i	O
3874	43435	know	O
3874	43436	the	O
3874	43437	truth	O
3874	43438	RT	O
3874	43439	Chinese	O
3874	43440	Proverb	O
3874	43441	one	O
3874	43442	must	O
3874	43443	first	O
3874	43444	look	O
3874	43445	foolish	O
3874	43446	before	O
3874	43447	he	O
3874	43448	looks	O
3874	43449	brilliant	O
3874	43450	.	O
3875	43451	Apparently	O
3875	43452	has	O
3875	43453	a	O
3875	43454	hash-tag	O
3875	43455	.	O
3876	43456	And	O
3876	43457	has	O
3876	43458	a	O
3876	43459	Twitter	ORGANIZATION
3876	43460	account	O
3876	43461	.	O
3877	43462	So	O
3877	43463	with	O
3877	43464	the	O
3877	43465	formalities	O
3877	43466	over	O
3877	43467	...	O
3878	43468	see	O
3878	43469	you	O
3878	43470	tomorrow	O
3878	43471	.	O
3879	43472	photographing	O
3879	43473	the	O
3879	43474	midway	O
3879	43475	tonight	O
3879	43476	..	O
3880	43477	should	O
3880	43478	be	O
3880	43479	fun	O
3880	43480	..	O
3881	43481	lots	O
3881	43482	of	O
3881	43483	fun	O
3881	43484	lights	O
3881	43485	!!	O
3882	43486	makes	O
3882	43487	for	O
3882	43488	great	O
3882	43489	photos	O
3882	43490	..	O
3883	43491	like	O
3883	43492	this	O
3883	43493	one	O
3883	43494	..	O
3884	43495	Just	O
3884	43496	casually	O
3884	43497	stalking	O
3884	43498	Cheryl	PERSON
3884	43499	AND	O
3884	43500	Dermot	PERSON
3884	43501	tomorrow	O
3884	43502	....	O
3885	43503	NO	O
3885	43504	BIGGIE	O
3885	43505	I	O
3885	43506	see	O
3885	43507	you	O
3885	43508	ing	O
3885	43509	me	O
3885	43510	.	O
3886	43511	:O	O
3887	43512	Also	O
3887	43513	Matt	PERSON
3887	43514	will	O
3887	43515	be	O
3887	43516	saying	O
3887	43517	thanks	O
3887	43518	when	O
3887	43519	he	O
3887	43520	's	O
3887	43521	at	O
3887	43522	home	O
3887	43523	:P	O
3887	43524	RT	O
3887	43525	Why	O
3887	43526	Constitution	MISC
3887	43527	Day	MISC
3887	43528	Matters	O
3887	43529	5	O
3887	43530	Things	O
3887	43531	You	O
3887	43532	Need	O
3887	43533	To	O
3887	43534	Do	O
3887	43535	Before	O
3887	43536	Contacting	O
3887	43537	A	O
3887	43538	Professional	O
3887	43539	Photographer	O
3887	43540	no	O
3887	43541	I	O
3887	43542	liked	O
3887	43543	the	O
3887	43544	one	O
3887	43545	u	O
3887	43546	had	O
3887	43547	had	O
3887	43548	that	O
3887	43549	time	O
3887	43550	but	O
3887	43551	I'm	O
3887	43552	sure	O
3887	43553	I	O
3887	43554	cood	O
3887	43555	make	O
3887	43556	one	O
3887	43557	wit	O
3887	43558	my	O
3887	43559	bro	O
3887	43560	possibly	O
3887	43561	Alright	O
3887	43562	yall	O
3887	43563	im	O
3887	43564	done	O
3887	43565	add	O
3887	43566	me	O
3887	43567	on	O
3887	43568	bbm	O
3887	43569	again	O
3887	43570	,	O
3887	43571	this	O
3887	43572	the	O
3887	43573	last	O
3887	43574	time	O
3887	43575	pin	O
3887	43576	22AF9362	O
3887	43577	RT	O
3887	43578	Kreeg	O
3887	43579	net	O
3887	43580	een	O
3887	43581	bruikbare	O
3887	43582	tip	O
3887	43583	van	O
3887	43584	iemand	O
3887	43585	die	O
3887	43586	vorige	O
3887	43587	week	O
3887	43588	was	O
3887	43589	begonnen	O
3887	43590	met	O
3887	43591	een	O
3887	43592	whiskydieet	O
3887	43593	,	O
3887	43594	hij	O
3887	43595	was	O
3887	43596	nu	O
3887	43597	al	O
3887	43598	3	O
3887	43599	dagen	O
3887	43600	kwijt	O
3887	43601	It	O
3887	43602	is	O
3887	43603	the	O
3887	43604	80	O
3887	43605	weekend	O
3887	43606	!	O
3888	43607	I	O
3888	43608	started	O
3888	43609	today	O
3888	43610	with	O
3888	43611	some	O
3888	43612	wonderful	O
3888	43613	videos	O
3888	43614	;	O
3888	43615	I'll	O
3888	43616	be	O
3888	43617	sharing	O
3888	43618	with	O
3888	43619	all	O
3888	43620	of	O
3888	43621	you	O
3888	43622	more	O
3888	43623	wonderful	O
3888	43624	...	O
3889	43625	On	O
3889	43626	the	O
3889	43627	menu	O
3889	43628	at	O
3889	43629	this	O
3889	43630	Sunday	O
3889	43631	hot	O
3889	43632	,	O
3889	43633	fresh	O
3889	43634	ricotta	O
3889	43635	donuts	O
3889	43636	with	O
3889	43637	blackberries	O
3889	43638	and	O
3889	43639	honey	O
3889	43640	.	O
3890	43641	Wat	O
3890	43642	a	O
3890	43643	day	O
3890	43644	today	O
3890	43645	.	O
3891	43646	But	O
3891	43647	oh	O
3891	43648	well	O
3891	43649	i	O
3891	43650	love	O
3891	43651	her	O
3891	43652	*Danielle	O
3891	43653	ily*	O
3891	43654	I	O
3891	43655	just	O
3891	43656	took	O
3891	43657	When	O
3891	43658	your	O
3891	43659	mom	O
3891	43660	makes	O
3891	43661	you	O
3891	43662	go	O
3891	43663	live	O
3891	43664	with	O
3891	43665	your	O
3891	43666	dad	O
3891	43667	Scooter	PERSON
3891	43668	Braun	PERSON
3891	43669	,	O
3891	43670	your	O
3891	43671	life	O
3891	43672	turns	O
3891	43673	"..."""	O
3892	43674	and	O
3892	43675	got	O
3892	43676	Part	O
3892	43677	2	O
3892	43678	!	O
3893	43679	Try	O
3893	43680	it	O
3893	43681	We	O
3893	43682	are	O
3893	43683	tied	O
3893	43684	as	O
3893	43685	the	O
3893	43686	5th	O
3893	43687	band	O
3893	43688	to	O
3893	43689	compete	O
3893	43690	in	O
3893	43691	South	ORGANIZATION
3893	43692	107	ORGANIZATION
3893	43693	's	O
3893	43694	Battle	O
3893	43695	of	O
3893	43696	the	O
3893	43697	Bands	O
3893	43698	next	O
3893	43699	Friday	O
3893	43700	for	O
3893	43701	the	O
3893	43702	spot	O
3893	43703	to	O
3893	43704	open	O
3893	43705	for	O
3893	43706	...	O
3894	43707	John	PERSON
3894	43708	Acuff	PERSON
3894	43709	joined	O
3894	43710	team	O
3894	43711	!	O
3895	43712	sweet	O
3895	43713	!	O
3896	43714	I	O
3896	43715	hope	O
3896	43716	Dave	PERSON
3896	43717	gives	O
3896	43718	him	O
3896	43719	his	O
3896	43720	own	O
3896	43721	show	O
3896	43722	one	O
3896	43723	day	O
3896	43724	,	O
3896	43725	but	O
3896	43726	i'm	O
3896	43727	excited	O
3896	43728	for	O
3896	43729	JA	PERSON
3896	43730	and	O
3896	43731	wish	O
3896	43732	him	O
3896	43733	all	O
3896	43734	the	O
3896	43735	best	O
3896	43736	MUAH	O
3896	43737	!!!!!	O
3897	43738	Hope	O
3897	43739	you	O
3897	43740	had	O
3897	43741	a	O
3897	43742	gr8	O
3897	43743	day	O
3897	43744	today	O
3897	43745	!	O
3898	43746	XO	O
3898	43747	Had	O
3898	43748	a	O
3898	43749	Helluva	O
3898	43750	Schedule	O
3898	43751	Yesterday	O
3898	43752	,	O
3898	43753	Today	O
3898	43754	and	O
3898	43755	Tomorrow	O
3898	43756	..	O
3899	43757	Finally	O
3899	43758	get	O
3899	43759	to	O
3899	43760	rest	O
3899	43761	on	O
3899	43762	Sunday	O
3899	43763	..	O
3900	43764	Unless	O
3900	43765	there	O
3900	43766	's	O
3900	43767	work	O
3900	43768	to	O
3900	43769	do	O
3900	43770	out	O
3900	43771	there	O
3900	43772	o_O	O
3900	43773	RT	O
3900	43774	RT	O
3900	43775	if	O
3900	43776	you	O
3900	43777	are	O
3900	43778	happy	O
3900	43779	it	O
3900	43780	's	O
3900	43781	friday	O
3900	43782	.	O
3901	43783	I	O
3901	43784	hate	O
3901	43785	it	O
3901	43786	when	O
3901	43787	I'm	O
3901	43788	tired	O
3901	43789	at	O
3901	43790	about	O
3901	43791	8	O
3901	43792	but	O
3901	43793	by	O
3901	43794	11	O
3901	43795	I	O
3901	43796	seem	O
3901	43797	to	O
3901	43798	be	O
3901	43799	awake	O
3901	43800	.	O
3902	43801	-	O
3902	43802	.	O
3903	43803	-	O
3903	43804	RT	O
3903	43805	As	O
3903	43806	a	O
3903	43807	you	O
3903	43808	may	O
3903	43809	find	O
3903	43810	that	O
3903	43811	your	O
3903	43812	energy	O
3903	43813	is	O
3903	43814	just	O
3903	43815	right	O
3903	43816	for	O
3903	43817	something	O
3903	43818	really	O
3903	43819	big	O
3903	43820	.	O
3904	43821	Dues	O
3904	43822	can	O
3904	43823	still	O
3904	43824	be	O
3904	43825	paid	O
3904	43826	on	O
3904	43827	monday	O
3904	43828	!	O
3905	43829	Better	O
3905	43830	get	O
3905	43831	at	O
3905	43832	it	O
3905	43833	!!	O
3906	43834	ANW	O
3906	43835	Update	O
3906	43836	TMZ	ORGANIZATION
3906	43837	Reporting	O
3906	43838	Lindsay	PERSON
3906	43839	Lohan	PERSON
3906	43840	Just	O
3906	43841	Failed	O
3906	43842	Her	O
3906	43843	Drug	O
3906	43844	Test	O
3906	43845	We	O
3906	43846	just	O
3906	43847	congratulated	O
3906	43848	Lindsay	PERSON
3906	43849	an	O
3906	43850	hour	O
3906	43851	ago	O
3906	43852	on	O
3906	43853	h	O
3906	43854	...	O
3907	43855	Resources	O
3907	43856	-	O
3907	43857	Tweets	O
3907	43858	of	O
3907	43859	the	O
3907	43860	Week	O
3907	43861	9.13	O
3908	43862	.	O
3909	43863	10	O
3909	43864	-	O
3909	43865	9.17	O
3910	43866	.	O
3911	43867	10	O
3911	43868	This	O
3911	43869	weeks	O
3911	43870	Tweets	O
3911	43871	of	O
3911	43872	the	O
3911	43873	Week	O
3911	43874	has	O
3911	43875	some	O
3911	43876	cool	O
3911	43877	inspiration	O
3911	43878	,	O
3911	43879	coupl	O
3911	43880	...	O
3912	43881	Hope	O
3912	43882	to	O
3912	43883	see	O
3912	43884	you	O
3912	43885	tonight	O
3912	43886	at	O
3912	43887	Morgan	LOCATION
3912	43888	Le	LOCATION
3912	43889	Fays	LOCATION
3912	43890	!!	O
3913	43891	Great	O
3913	43892	time	O
3913	43893	:)	O
3914	43894	US	LOCATION
3914	43895	-	O
3914	43896	Lindsay	PERSON
3914	43897	Lohan	PERSON
3914	43898	Failed	O
3914	43899	Drug	O
3914	43900	Test	O
3914	43901	Report	O
3914	43902	Is	O
3914	43903	Nuts	O
3914	43904	""":"	O
3914	43905	After	O
3914	43906	it	O
3914	43907	's	O
3914	43908	reported	O
3914	43909	that	O
3914	43910	she	O
3914	43911	flunked	O
3914	43912	a	O
3914	43913	drug	O
3914	43914	...	O
3915	43915	RT	O
3915	43916	RT	O
3915	43917	this	O
3915	43918	if	O
3915	43919	you	O
3915	43920	want	O
3915	43921	me	O
3915	43922	to	O
3915	43923	go	O
3915	43924	back	O
3915	43925	live	O
3915	43926	on	O
3915	43927	Ustream	ORGANIZATION
3915	43928	later	O
3915	43929	tonight	O
3915	43930	says	O
3915	43931	it	O
3915	43932	's	O
3915	43933	Saturday	O
3915	43934	!	O
3916	43935	I'm	O
3916	43936	wearing	O
3916	43937	my	O
3916	43938	Weekend	O
3916	43939	!	O
3917	43940	:)	O
3918	43941	Football	O
3918	43942	game	O
3918	43943	tonight	O
3918	43944	!!!!!	O
3919	43945	V-I-K-I-N-G-S	ORGANIZATION
3919	43946	!!!!!!!	O
3920	43947	Is	O
3920	43948	sad	O
3920	43949	that	O
3920	43950	she	O
3920	43951	's	O
3920	43952	missing	O
3920	43953	Cowboy	MISC
3920	43954	Mouth	MISC
3920	43955	tonight	O
3920	43956	:(	O
3921	43957	Ahhh	O
3921	43958	okay	O
3921	43959	.	O
3922	43960	I've	O
3922	43961	never	O
3922	43962	ordered	O
3922	43963	a	O
3922	43964	CD	O
3922	43965	before	O
3922	43966	so	O
3922	43967	I	O
3922	43968	have	O
3922	43969	NO	O
3922	43970	idea	O
3922	43971	.	O
3923	43972	just	O
3923	43973	say	O
3923	43974	I	O
3923	43975	NEED	O
3923	43976	IT	O
3923	43977	TO	O
3923	43978	GET	O
3923	43979	THROUGH	O
3923	43980	THE	O
3923	43981	WEEKEND	O
3923	43982	!!	O
3924	43983	xD	O
3924	43984	Political	O
3924	43985	Wire	O
3924	43986	Bonus	O
3924	43987	Quote	O
3924	43988	of	O
3924	43989	the	O
3924	43990	Day	O
3924	43991	My	O
3924	43992	all	O
3924	43993	time	O
3924	43994	favourite	O
3924	43995	socks	O
3924	43996	are	O
3924	43997	the	O
3924	43998	ones	O
3924	43999	I	O
3924	44000	knitted	O
3924	44001	myself	O
3924	44002	.	O
3925	44003	So	O
3925	44004	comfy	O
3925	44005	.	O
3926	44006	Must	O
3926	44007	knit	O
3926	44008	some	O
3926	44009	more	O
3926	44010	.	O
3927	44011	Damn	O
3927	44012	all	O
3927	44013	mi	O
3927	44014	niggas	O
3927	44015	havin	O
3927	44016	babies	O
3927	44017	on	O
3927	44018	meh	O
3927	44019	.	O
3928	44020	Nope	O
3928	44021	nope	O
3928	44022	!	O
3929	44023	I	O
3929	44024	not	O
3929	44025	da	O
3929	44026	step	O
3929	44027	mommy	O
3929	44028	.	O
3930	44029	Time	O
3930	44030	for	O
3930	44031	a	O
3930	44032	new	O
3930	44033	team	O
3930	44034	.	O
3931	44035	I'm	O
3931	44036	talkin	O
3931	44037	Must	O
3931	44038	be	O
3931	44039	before	O
3931	44040	the	O
3931	44041	coffee	O
3931	44042	right	O
3931	44043	RT	O
3931	44044	Pope	PERSON
3931	44045	insists	O
3931	44046	he	O
3931	44047	left	O
3931	44048	his	O
3931	44049	cigarettes	O
3931	44050	at	O
3931	44051	Holyroodhouse	LOCATION
3931	44052	.	O
3932	44053	One	O
3932	44054	's	O
3932	44055	asked	O
3932	44056	the	O
3932	44057	staff	O
3932	44058	to	O
3932	44059	have	O
3932	44060	a	O
3932	44061	look	O
3932	44062	around	O
3932	44063	.	O
3933	44064	The	O
3933	44065	DoE	MISC
3933	44066	may	O
3933	44067	well	O
3933	44068	have	O
3933	44069	p	O
3933	44070	...	O
3934	44071	what	O
3934	44072	to	O
3934	44073	do	O
3934	44074	today	O
3934	44075	?	O
3935	44076	i	O
3935	44077	dunno	O
3935	44078	why	O
3935	44079	people	O
3935	44080	still	O
3935	44081	type	O
3935	44082	''	O
3935	44083	sad	O
3935	44084	face''.....''smiley	O
3936	44085	face''...''raised	O
3937	44086	eyebrow''...when	O
3938	44087	its	O
3938	44088	alot	O
3938	44089	more	O
3938	44090	easier	O
3938	44091	to	O
3938	44092	make	O
3938	44093	it	O
3938	44094	look	O
3938	44095	at	O
3938	44096	this	O
3938	44097	picture	O
3938	44098	of	O
3938	44099	you	O
3938	44100	when	O
3938	44101	your	O
3938	44102	like	O
3938	44103	14	O
3938	44104	...	O
3939	44105	on	O
3939	44106	Twitpic	O
3939	44107	via	O
3939	44108	Drycleaners	O
3939	44109	then	O
3939	44110	shape	O
3939	44111	up	O
3939	44112	.	O
3940	44113	Get	O
3940	44114	fresh	O
3940	44115	then	O
3940	44116	off	O
3940	44117	to	O
3940	44118	d	O
3940	44119	red	O
3940	44120	carrots	O
3940	44121	tonight	O
3940	44122	.	O
3941	44123	Holla	O
3941	44124	at	O
3941	44125	ur	O
3941	44126	boi	O
3941	44127	i	O
3941	44128	was	O
3941	44129	surprised	O
3941	44130	when	O
3941	44131	she	O
3941	44132	sent	O
3941	44133	me	O
3941	44134	a	O
3941	44135	request	O
3941	44136	on	O
3941	44137	facebook	ORGANIZATION
3941	44138	...	O
3942	44139	we	O
3942	44140	hadnt	O
3942	44141	taLked	O
3942	44142	in	O
3942	44143	a	O
3942	44144	few	O
3942	44145	years	O
3942	44146	:(	O
3943	44147	does	O
3943	44148	any	O
3943	44149	one	O
3943	44150	kno	O
3943	44151	the	O
3943	44152	right	O
3943	44153	address	O
3943	44154	to	O
3943	44155	the	O
3943	44156	walmart	ORGANIZATION
3943	44157	that	O
3943	44158	is	O
3943	44159	suppose	O
3943	44160	to	O
3943	44161	be	O
3943	44162	at	O
3943	44163	tomorrow	O
3943	44164	in	O
3943	44165	maryland	LOCATION
3943	44166	??	O
3944	44167	Now	O
3944	44168	time	O
3944	44169	too	O
3944	44170	do	O
3944	44171	my	O
3944	44172	hair	O
3944	44173	!	O
3945	44174	New	O
3945	44175	look	O
3945	44176	on	O
3945	44177	deck	O
3945	44178	!	O
3946	44179	RT	O
3946	44180	shout	O
3946	44181	out	O
3946	44182	ayyy	O
3946	44183	all	O
3946	44184	day	O
3946	44185	everyday	O
3946	44186	fam	O
3946	44187	!!!!	O
3947	44188	'I	O
3947	44189	just	O
3947	44190	got	O
3947	44191	confirmed	O
3947	44192	that	O
3947	44193	me	O
3947	44194	and	O
3947	44195	Jorge	PERSON
3947	44196	will	O
3947	44197	be	O
3947	44198	playing	O
3947	44199	2	O
3947	44200	songs	O
3947	44201	from	O
3947	44202	The	MISC
3947	44203	Devils	MISC
3947	44204	Art	MISC
3947	44205	at	O
3947	44206	Words	MISC
3947	44207	and	MISC
3947	44208	Wine	MISC
3947	44209	September	O
3947	44210	...	O
3948	44211	what	O
3948	44212	a	O
3948	44213	fabulous	O
3948	44214	photo	O
3948	44215	of	O
3948	44216	you	O
3948	44217	two	O
3948	44218	!	O
3949	44219	it	O
3949	44220	looks	O
3949	44221	like	O
3949	44222	you	O
3949	44223	were	O
3949	44224	fast	O
3949	44225	friends	O
3949	44226	,	O
3949	44227	and	O
3949	44228	had	O
3949	44229	an	O
3949	44230	amazing	O
3949	44231	time	O
3949	44232	.	O
3950	44233	Playboy	ORGANIZATION
3950	44234	-	O
3950	44235	10	O
3950	44236	October	O
3950	44237	2010	O
3950	44238	Slovenia	LOCATION
3950	44239	Playboy	ORGANIZATION
3950	44240	-	O
3950	44241	10	O
3950	44242	October	O
3950	44243	2010	O
3950	44244	SloveniaSlovene	O
3950	44245	|	O
3950	44246	138	O
3950	44247	pages	O
3950	44248	|	O
3950	44249	PDF	O
3950	44250	|	O
3950	44251	39.45	O
3951	44252	Mb	O
3951	44253	I	O
3951	44254	split	O
3951	44255	my	O
3951	44256	time	O
3951	44257	now	O
3951	44258	btwn	O
3951	44259	SF	LOCATION
3951	44260	and	O
3951	44261	San	LOCATION
3951	44262	Mateo	LOCATION
3951	44263	Time	O
3951	44264	magazine	O
3951	44265	wrote	O
3951	44266	an	O
3951	44267	article	O
3951	44268	saying	O
3951	44269	the	O
3951	44270	rumor	O
3951	44271	touch	O
3951	44272	is	O
3951	44273	for	O
3951	44274	fags	O
3951	44275	dear	O
3951	44276	youtube	ORGANIZATION
3951	44277	why	O
3951	44278	does	O
3951	44279	it	O
3951	44280	take	O
3951	44281	so	O
3951	44282	long	O
3951	44283	to	O
3951	44284	upload	O
3951	44285	a	O
3951	44286	video	O
3951	44287	gggrrrrr	O
3951	44288	much	O
3951	44289	prefer	O
3951	44290	a	O
3951	44291	GA	LOCATION
3951	44292	announcement	O
3951	44293	that	O
3951	44294	they	O
3951	44295	are	O
3951	44296	recording	O
3951	44297	soon	O
3951	44298	.....	O
3952	44299	it	O
3952	44300	is	O
3952	44301	really	O
3952	44302	a	O
3952	44303	bad	O
3952	44304	time	O
3952	44305	for	O
3952	44306	GA	LOCATION
3952	44307	fans	O
3952	44308	at	O
3952	44309	the	O
3952	44310	moment	O
3952	44311	....	O
3953	44312	do	O
3953	44313	not	O
3953	44314	like	O
3953	44315	..	O
3954	44316	ASPCA	O
3954	44317	PETA	O
3954	44318	HSUS	O
3954	44319	..	O
3955	44320	Animal	O
3955	44321	rescue	O
3955	44322	or	O
3955	44323	BIG	O
3955	44324	BUSINESS	O
3955	44325	?	O
3956	44326	CK	O
3956	44327	OUT	O
3956	44328	THIS	O
3956	44329	SERIES	O
3956	44330	OF	O
3956	44331	LINKS	O
3956	44332	BEFORE	O
3956	44333	YOU	O
3956	44334	DONATE	O
3956	44335	Hey	O
3956	44336	Listeners	O
3956	44337	we're	O
3956	44338	recording	O
3956	44339	Sunday	O
3956	44340	for	O
3956	44341	episode	O
3956	44342	28	O
3956	44343	&	O
3956	44344	it	O
3956	44345	's	O
3956	44346	a	O
3956	44347	retrospective	O
3956	44348	on	O
3956	44349	the	O
3956	44350	Halo	MISC
3956	44351	franchise	O
3956	44352	along	O
3956	44353	with	O
3956	44354	an	O
3956	44355	ass	O
3956	44356	load	O
3956	44357	of	O
3956	44358	other	O
3956	44359	goodness	O
3956	44360	!	O
3957	44361	If	O
3957	44362	I	O
3957	44363	had	O
3957	44364	one	O
3957	44365	wish	O
3957	44366	it	O
3957	44367	would	O
3957	44368	be	O
3957	44369	to	O
3957	44370	drive	O
3957	44371	bugatti	MISC
3957	44372	V	MISC
3957	44373	for	O
3957	44374	a	O
3957	44375	day	O
3957	44376	!	O
3958	44377	Pretty	O
3958	44378	pls	O
3958	44379	fix	O
3958	44380	it	O
3958	44381	for	O
3958	44382	me	O
3958	44383	jim	O
3958	44384	!	O
3959	44385	Xxx	O
3959	44386	the	O
3959	44387	group	O
3959	44388	Maunalua	MISC
3959	44389	will	O
3959	44390	be	O
3959	44391	playing	O
3959	44392	tomorrow	O
3959	44393	at	O
3959	44394	Noon	O
3959	44395	!	O
3960	44396	Anyone	O
3960	44397	know	O
3960	44398	what	O
3960	44399	days/times	O
3960	44400	that	O
3960	44401	you	O
3960	44402	can	O
3960	44403	smoke	O
3960	44404	hookah	O
3960	44405	at	O
3960	44406	the	O
3960	44407	mixcma	O
3960	44408	center	O
3960	44409	in	O
3960	44410	corbin	LOCATION
3960	44411	.	O
3961	44412	Willow	PERSON
3961	44413	Smith	PERSON
3961	44414	is	O
3961	44415	not	O
3961	44416	9	O
3961	44417	years	O
3961	44418	old	O
3961	44419	....	O
3962	44420	she	O
3962	44421	got	O
3962	44422	that	O
3962	44423	Lil	O
3962	44424	Mama/	O
3962	44425	Benjamin	PERSON
3962	44426	Button	PERSON
3962	44427	disease	O
3962	44428	via	O
3962	44429	POPSUGAR	O
3962	44430	Sarah	PERSON
3962	44431	Jessica	PERSON
3962	44432	Parker	PERSON
3962	44433	and	O
3962	44434	Gwen	PERSON
3962	44435	Stefani	PERSON
3962	44436	Wrap	O
3962	44437	Up	O
3962	44438	Another	O
3962	44439	Successful	O
3962	44440	New	MISC
3962	44441	York	MISC
3962	44442	Fashion	MISC
3962	44443	Week	MISC
3962	44444	New	LOCATION
3962	44445	York	LOCATION
3962	44446	Fa	O
3962	44447	...	O
3963	44448	my	O
3963	44449	friend	O
3963	44450	and	O
3963	44451	me	O
3963	44452	were	O
3963	44453	filmed	O
3963	44454	and	O
3963	44455	interviewed	O
3963	44456	about	O
3963	44457	sex	O
3963	44458	in	O
3963	44459	cologne	O
3963	44460	:D	O
3964	44461	gosh	O
3964	44462	thats	O
3964	44463	so	O
3964	44464	crazy	O
3964	44465	..	O
3965	44466	hope	O
3965	44467	they	O
3965	44468	show	O
3965	44469	it	O
3965	44470	on	O
3965	44471	tv	O
3965	44472	on	O
3965	44473	monday	O
3965	44474	:P	O
3965	44475	It	O
3965	44476	's	O
3965	44477	supposed	O
3965	44478	to	O
3965	44479	rain	O
3965	44480	in	O
3965	44481	The	LOCATION
3965	44482	Bay	LOCATION
3965	44483	on	O
3965	44484	Sunday	O
3965	44485	...	O
3966	44486	well	O
3966	44487	,	O
3966	44488	weather.com	O
3967	44489	says	O
3967	44490	showers	O
3967	44491	"""."	O
3968	44492	Whatever	O
3968	44493	,	O
3968	44494	same	O
3968	44495	thing	O
3968	44496	.	O
3969	44497	Sony/Bud	O
3969	44498	Light	O
3969	44499	3D	O
3969	44500	tailgate	O
3969	44501	parties	O
3969	44502	on	O
3969	44503	Saturday	O
3969	44504	-	O
3969	44505	Clemson	LOCATION
3969	44506	party	O
3969	44507	at	O
3969	44508	;	O
3969	44509	Auburn	LOCATION
3969	44510	party	O
3969	44511	at	O
3969	44512	about	O
3969	44513	to	O
3969	44514	get	O
3969	44515	dress	O
3969	44516	hangin	O
3969	44517	wit	O
3969	44518	the	O
3969	44519	big	O
3969	44520	sis	O
3969	44521	Abby	PERSON
3969	44522	tonite	O
3969	44523	good	O
3969	44524	morning	O
3969	44525	!	O
3970	44526	And	O
3970	44527	hope	O
3970	44528	today	O
3970	44529	you	O
3970	44530	will	O
3970	44531	enjoy	O
3970	44532	your	O
3970	44533	day~	O
3970	44534	:D	O
3971	44535	RT	O
3971	44536	But	O
3971	44537	when	O
3971	44538	ur	O
3971	44539	not	O
3971	44540	actually	O
3971	44541	alone	O
3971	44542	then	O
3971	44543	forever	O
3971	44544	doesn't	O
3971	44545	seem	O
3971	44546	so	O
3971	44547	bad	O
3971	44548	...	O
3972	44549	RT	O
3972	44550	RT	O
3972	44551	wonder	O
3972	44552	when	O
3972	44553	is	O
3972	44554	gon	O
3972	44555	lt	O
3972	44556	me	O
3972	44557	put	O
3972	44558	the	O
3972	44559	8====	O
3972	44560	=D	O
3972	44561	on	O
3972	44562	her	O
3972	44563	?	O
3973	44564	lmfao	O
3973	44565	wooooooow	O
3973	44566	nini	PERSON
3973	44567	knws	O
3973	44568	wsup	O
3973	44569	ha	O
3973	44570	u	O
3973	44571	next	O
3973	44572	lol	O
3973	44573	Niiiiice	O
3973	44574	.	O
3974	44575	Watched	O
3974	44576	The	MISC
3974	44577	Persuaders	MISC
3974	44578	in	O
3974	44579	class	O
3974	44580	today	O
3974	44581	,	O
3974	44582	super	O
3974	44583	stupid	O
3974	44584	example	O
3974	44585	but	O
3974	44586	super	O
3974	44587	good	O
3974	44588	.	O
3975	44589	last	O
3975	44590	time	O
3975	44591	we	O
3975	44592	spoke	O
3975	44593	you	O
3975	44594	were	O
3975	44595	very	O
3975	44596	...	O
3976	44597	Opinionated	O
3976	44598	?	O
3977	44599	Lol	O
3977	44600	:)	O
3978	44601	and	O
3978	44602	im	O
3978	44603	good	O
3978	44604	too	O
3978	44605	,	O
3978	44606	sorry	O
3978	44607	i	O
3978	44608	have	O
3978	44609	not	O
3978	44610	been	O
3978	44611	on	O
3978	44612	-S	O
3978	44613	Crooked	MISC
3978	44614	is	O
3978	44615	in	O
3978	44616	town	O
3978	44617	October	O
3978	44618	7th	O
3978	44619	!!	O
3979	44620	Business	ORGANIZATION
3979	44621	Alliance	ORGANIZATION
3979	44622	will	O
3979	44623	save	O
3979	44624	you	O
3979	44625	time	O
3979	44626	and	O
3979	44627	money	O
3979	44628	and	O
3979	44629	most	O
3979	44630	importantly	O
3979	44631	,	O
3979	44632	match	O
3979	44633	you	O
3979	44634	with	O
3979	44635	the	O
3979	44636	right	O
3979	44637	franchise	O
3979	44638	.	O
3980	44639	check	O
3980	44640	out	O
3980	44641	at	O
3980	44642	no	O
3980	44643	matter	O
3980	44644	how	O
3980	44645	long	O
3980	44646	I'll	O
3980	44647	wait	O
3980	44648	Thanks	O
3980	44649	,	O
3980	44650	c4	O
3980	44651	is	O
3980	44652	going	O
3980	44653	on	O
3980	44654	!	O
3981	44655	Lol	O
3981	44656	.	O
3982	44657	DVD	O
3982	44658	Out	O
3982	44659	25th	O
3982	44660	October	O
3982	44661	!	O
3983	44662	Whoo	O
3983	44663	who	O
3983	44664	ready	O
3983	44665	for	O
3983	44666	some	O
3983	44667	Seahawk	ORGANIZATION
3983	44668	football	O
3983	44669	?	O
3984	44670	Can't	O
3984	44671	wait	O
3984	44672	to	O
3984	44673	watch	O
3984	44674	my	O
3984	44675	dirtbags	O
3984	44676	on	O
3984	44677	sunday	O
3984	44678	.	O
3985	44679	will	O
3985	44680	go	O
3985	44681	at	O
3985	44682	my	O
3985	44683	B-day	O
3985	44684	party	O
3985	44685	.	O
3986	44686	Fucking	O
3986	44687	can't	O
3986	44688	believe	O
3986	44689	it	O
3986	44690	!	O
3987	44691	May	O
3987	44692	everyone	O
3987	44693	who	O
3987	44694	is	O
3987	44695	celebrating	O
3987	44696	Yom	MISC
3987	44697	Kippur	MISC
3987	44698	have	O
3987	44699	an	O
3987	44700	easy	O
3987	44701	and	O
3987	44702	meaningful	O
3987	44703	fast	O
3987	44704	!	O
3988	44705	only	O
3988	44706	on	O
3988	44707	the	O
3988	44708	can	O
3988	44709	i	O
3988	44710	find	O
3988	44711	respect	O
3988	44712	for	O
3988	44713	,	O
3988	44714	he	O
3988	44715	's	O
3988	44716	actually	O
3988	44717	pretty	O
3988	44718	funny	O
3988	44719	,	O
3988	44720	never	O
3988	44721	liked	O
3988	44722	him	O
3988	44723	before	O
3988	44724	this	O
3988	44725	point	O
3988	44726	.	O
3989	44727	Me	O
3989	44728	neither	O
3989	44729	.	O
3990	44730	I	O
3990	44731	will	O
3990	44732	think	O
3990	44733	of	O
3990	44734	witty	O
3990	44735	replies	O
3990	44736	a	O
3990	44737	week	O
3990	44738	later	O
3990	44739	!	O
3991	44740	My	O
3991	44741	mind	O
3991	44742	will	O
3991	44743	be	O
3991	44744	a	O
3991	44745	complete	O
3991	44746	blank	O
3991	44747	I	O
3991	44748	know	O
3991	44749	it	O
3991	44750	!	O
3992	44751	RT	O
3992	44752	THE	O
3992	44753	FOOTBALL	O
3992	44754	FEVER	O
3992	44755	Ohio	LOCATION
3992	44756	head	O
3992	44757	coach	O
3992	44758	Frank	PERSON
3992	44759	Solich	PERSON
3992	44760	says	O
3992	44761	Ohio	ORGANIZATION
3992	44762	State	ORGANIZATION
3992	44763	knows	O
3992	44764	they	O
3992	44765	have	O
3992	44766	a	O
3992	44767	special	O
3992	44768	team	O
3992	44769	and	O
3992	44770	season	O
3992	44771	underway	O
3992	44772	.	O
3993	44773	Long	O
3993	44774	...	O
3994	44775	Always	O
3994	44776	wondered	O
3994	44777	which	O
3994	44778	species	O
3994	44779	had	O
3994	44780	the	O
3994	44781	highest	O
3994	44782	biomass	O
3994	44783	RT	O
3994	44784	Friday	O
3994	44785	Fact	O
3994	44786	The	O
3994	44787	world	O
3994	44788	's	O
3994	44789	termites	O
3994	44790	outweigh	O
3994	44791	the	O
3994	44792	world	O
3994	44793	's	O
3994	44794	people	O
3994	44795	3	O
3994	44796	it	O
3994	44797	RT	O
3994	44798	Tonite	O
3994	44799	I	O
3994	44800	m	O
3994	44801	DJing	O
3994	44802	at	O
3994	44803	Mai	LOCATION
3994	44804	Tai	LOCATION
3994	44805	in	O
3994	44806	Long	LOCATION
3994	44807	Beach	LOCATION
3994	44808	.	O
3995	44809	I'm	O
3995	44810	considering	O
3995	44811	wearing	O
3995	44812	MY	O
3995	44813	TIE	O
3995	44814	!!	O
3996	44815	Get	O
3996	44816	it	O
3996	44817	?	O
3997	44818	My	O
3997	44819	tie	O
3997	44820	=	O
3997	44821	Mai	O
3997	44822	Tai	O
3997	44823	?	O
3998	44824	No	O
3998	44825	?	O
3999	44826	Sorry	O
3999	44827	.	O
4000	44828	Bye	O
4000	44829	.	O
4001	44830	French	O
4001	44831	IV	O
4001	44832	embarrassed	O
4001	44833	me	O
4001	44834	today	O
4001	44835	..	O
4002	44836	never	O
4002	44837	again	O
4002	44838	will	O
4002	44839	I	O
4002	44840	go	O
4002	44841	into	O
4002	44842	a	O
4002	44843	battle	O
4002	44844	unprepared	O
4002	44845	.	O
4003	44846	Do	O
4003	44847	you	O
4003	44848	have	O
4003	44849	any	O
4003	44850	pic	O
4003	44851	's	O
4003	44852	from	O
4003	44853	your	O
4003	44854	wedding	O
4003	44855	day	O
4003	44856	hun	O
4003	44857	I	O
4003	44858	would	O
4003	44859	like	O
4003	44860	to	O
4003	44861	see	O
4003	44862	them	O
4003	44863	Looks	O
4003	44864	like	O
4003	44865	we	O
4003	44866	will	O
4003	44867	be	O
4003	44868	living	O
4003	44869	in	O
4003	44870	the	O
4003	44871	studio	O
4003	44872	for	O
4003	44873	the	O
4003	44874	next	O
4003	44875	couple	O
4003	44876	of	O
4003	44877	months	O
4003	44878	Happy	O
4003	44879	Day	O
4003	44880	!!!....	O
4004	44881	:)	O
4005	44882	We	O
4005	44883	should	O
4005	44884	win	O
4005	44885	but	O
4005	44886	I	O
4005	44887	said	O
4005	44888	that	O
4005	44889	on	O
4005	44890	Tuesday	O
4005	44891	.	O
4006	44892	These	O
4006	44893	games	O
4006	44894	are	O
4006	44895	normally	O
4006	44896	pretty	O
4006	44897	poor	O
4006	44898	though	O
4006	44899	.	O
4007	44900	Probably	O
4007	44901	0-0	O
4007	44902	lol	O
4007	44903	You'll	O
4007	44904	come	O
4007	44905	back	O
4007	44906	when	O
4007	44907	they	O
4007	44908	call	O
4007	44909	you	O
4007	44910	...	O
4008	44911	No	O
4008	44912	need	O
4008	44913	to	O
4008	44914	say	O
4008	44915	goodbye	O
4008	44916	.	O
4009	44917	lololololol	O
4009	44918	tonight	O
4009	44919	was	O
4009	44920	worse	O
4009	44921	than	O
4009	44922	stressful	O
4009	44923	!	O
4010	44924	xo	O
4010	44925	THE	O
4010	44926	FUTURE	O
4010	44927	OF	O
4010	44928	THE	O
4010	44929	HE	O
4010	44930	HE	O
4010	44931	ONE	O
4010	44932	OF	O
4010	44933	MY	O
4010	44934	ALL	O
4010	44935	TIME	O
4010	44936	FAVS	O
4010	44937	....	O
4011	44938	Liked	O
4011	44939	your	O
4011	44940	spot	O
4011	44941	on	O
4011	44942	Radio	MISC
4011	44943	1	MISC
4011	44944	the	O
4011	44945	other	O
4011	44946	day	O
4011	44947	.	O
4012	44948	RT	O
4012	44949	Here	O
4012	44950	's	O
4012	44951	my	O
4012	44952	story	O
4012	44953	on	O
4012	44954	today	O
4012	44955	's	O
4012	44956	Forensic	O
4012	44957	Science	O
4012	44958	Comm	O
4012	44959	.	O
4013	44960	meeting	O
4013	44961	,	O
4013	44962	where	O
4013	44963	Willingham	LOCATION
4013	44964	probe	O
4013	44965	took	O
4013	44966	a	O
4013	44967	remarkable	O
4013	44968	turn	O
4013	44969	.	O
4014	44970	...	O
4015	44971	RT	O
4015	44972	Thx	O
4015	44973	to	O
4015	44974	everyone	O
4015	44975	who	O
4015	44976	wished	O
4015	44977	my	O
4015	44978	Dad	O
4015	44979	,	O
4015	44980	The	O
4015	44981	Legend	O
4015	44982	a	O
4015	44983	Happy	O
4015	44984	88th	O
4015	44985	B-Day	O
4015	44986	just	O
4015	44987	a	O
4015	44988	couple	O
4015	44989	days	O
4015	44990	ago	O
4015	44991	..	O
4016	44992	He	O
4016	44993	's	O
4016	44994	my	O
4016	44995	inspiration	O
4016	44996	&	O
4016	44997	me	O
4016	44998	...	O
4017	44999	I	O
4017	45000	will	O
4017	45001	let	O
4017	45002	you	O
4017	45003	know	O
4017	45004	when	O
4017	45005	you	O
4017	45006	can	O
4017	45007	take	O
4017	45008	another	O
4017	45009	visit	O
4017	45010	;	O
4017	45011	today	O
4017	45012	was	O
4017	45013	a	O
4017	45014	little	O
4017	45015	quiet	O
4017	45016	.	O
4018	45017	Hurray	O
4018	45018	!	O
4019	45019	Enjoy	O
4019	45020	your	O
4019	45021	time	O
4019	45022	in	O
4019	45023	Harrison	LOCATION
4019	45024	.	O
4020	45025	Off	O
4020	45026	work	O
4020	45027	I	O
4020	45028	guess	O
4020	45029	?	O
4021	45030	Told	O
4021	45031	to	O
4021	45032	leave	O
4021	45033	an	O
4021	45034	hour	O
4021	45035	and	O
4021	45036	half	O
4021	45037	before	O
4021	45038	I	O
4021	45039	was	O
4021	45040	scheduled	O
4021	45041	to	O
4021	45042	.	O
4022	45043	My	O
4022	45044	paycheck	O
4022	45045	is	O
4022	45046	going	O
4022	45047	to	O
4022	45048	be	O
4022	45049	weak	O
4022	45050	.	O
4023	45051	Not	O
4023	45052	happy	O
4023	45053	.	O
4024	45054	Yup	O
4024	45055	,	O
4024	45056	it	O
4024	45057	is	O
4024	45058	:)	O
4025	45059	|	O
4025	45060	RT	O
4025	45061	-	O
4025	45062	When	O
4025	45063	someone/anyone	O
4025	45064	makes	O
4025	45065	you	O
4025	45066	feel	O
4025	45067	special	O
4025	45068	,	O
4025	45069	it	O
4025	45070	's	O
4025	45071	sheer	O
4025	45072	bliss	O
4025	45073	:)	O
4026	45074	RT	O
4026	45075	When	O
4026	45076	ever	O
4026	45077	i	O
4026	45078	see	O
4026	45079	a	O
4026	45080	cute	O
4026	45081	love	O
4026	45082	story	O
4026	45083	movie	O
4026	45084	,	O
4026	45085	It	O
4026	45086	's	O
4026	45087	always	O
4026	45088	you	O
4026	45089	that	O
4026	45090	comes	O
4026	45091	into	O
4026	45092	my	O
4026	45093	mind	O
4026	45094	I	O
4026	45095	had	O
4026	45096	a	O
4026	45097	wonderful	O
4026	45098	day	O
4026	45099	today	O
4026	45100	and	O
4026	45101	i	O
4026	45102	hope	O
4026	45103	u	O
4026	45104	all	O
4026	45105	did	O
4026	45106	,	O
4026	45107	i	O
4026	45108	wish	O
4026	45109	u	O
4026	45110	all	O
4026	45111	good	O
4026	45112	night	O
4026	45113	and	O
4026	45114	sweet	O
4026	45115	dreams	O
4026	45116	xoxoxo	O
4026	45117	Theres	O
4026	45118	nothing	O
4026	45119	funny	O
4026	45120	about	O
4026	45121	testicles	O
4026	45122	Cooper	PERSON
4026	45123	as	O
4026	45124	you	O
4026	45125	will	O
4026	45126	find	O
4026	45127	out	O
4026	45128	in	O
4026	45129	my	O
4026	45130	office	O
4026	45131	tomorrow	O
4026	45132	.	O
4027	45133	Lmfao	O
4027	45134	.	O
4028	45135	Welcome	O
4028	45136	Saturday	O
4028	45137	Wheeee	O
4028	45138	!!	O
4029	45139	Okay	O
4029	45140	-	O
4029	45141	we	O
4029	45142	could	O
4029	45143	get	O
4029	45144	down	O
4029	45145	there	O
4029	45146	by	O
4029	45147	like	O
4029	45148	9:30	O
4029	45149	if	O
4029	45150	we	O
4029	45151	want	O
4029	45152	some	O
4029	45153	shopping	O
4029	45154	time	O
4029	45155	and	O
4029	45156	lunch	O
4029	45157	before	O
4029	45158	class	O
4029	45159	.	O
4030	45160	every	O
4030	45161	day	O
4030	45162	I	O
4030	45163	see	O
4030	45164	my	O
4030	45165	dream	O
4030	45166	every	O
4030	45167	day	O
4030	45168	I	O
4030	45169	see	O
4030	45170	my	O
4030	45171	dream	O
4030	45172	every	O
4030	45173	day	O
4030	45174	I	O
4030	45175	see	O
4030	45176	my	O
4030	45177	dream	O
4030	45178	every	O
4030	45179	day	O
4030	45180	I	O
4030	45181	see	O
4030	45182	my	O
4030	45183	dream	O
4030	45184	every	O
4030	45185	day	O
4030	45186	I	O
4030	45187	see	O
4030	45188	my	O
4030	45189	dream	O
4030	45190	-	O
4030	45191	haha	O
4030	45192	six	O
4030	45193	?	O
4031	45194	;	O
4031	45195	o	O
4031	45196	woaahh	O
4031	45197	lol	O
4031	45198	,	O
4031	45199	well	O
4031	45200	you	O
4031	45201	can	O
4031	45202	go	O
4031	45203	buy	O
4031	45204	some	O
4031	45205	when	O
4031	45206	you	O
4031	45207	get	O
4031	45208	outta	O
4031	45209	work	O
4031	45210	x	O
4031	45211	D	O
4031	45212	Foooooootball	O
4031	45213	game	O
4031	45214	toooonight	O
4031	45215	.	O
4032	45216	then	O
4032	45217	auburn	LOCATION
4032	45218	game	O
4032	45219	tomorrow	O
4032	45220	!!!!	O
4033	45221	war	O
4033	45222	damn	O
4033	45223	eagle	O
4033	45224	!!!	O
4034	45225	RT	O
4034	45226	We're	O
4034	45227	playing	O
4034	45228	a	O
4034	45229	show	O
4034	45230	with	O
4034	45231	KISS	MISC
4034	45232	tomorrow	O
4034	45233	.	O
4035	45234	Can't	O
4035	45235	say	O
4035	45236	I	O
4035	45237	saw	O
4035	45238	that	O
4035	45239	coming	O
4035	45240	5	O
4035	45241	years	O
4035	45242	ago	O
4035	45243	...	O
4036	45244	FUUCCCKKKK	O
4036	45245	.	O
4037	45246	I	O
4037	45247	WAS	O
4037	45248	SO	O
4037	45249	FUCKING	O
4037	45250	READY	O
4037	45251	FOR	O
4037	45252	MY	O
4037	45253	GOD	O
4037	45254	DAMN	O
4037	45255	ALONE	O
4037	45256	TIME	O
4037	45257	,	O
4037	45258	AND	O
4037	45259	IT	O
4037	45260	TURNS	O
4037	45261	OUT	O
4037	45262	FUCKING	O
4037	45263	MADI	PERSON
4037	45264	HAS	O
4037	45265	AN	O
4037	45266	ILLNESS	O
4037	45267	AND	O
4037	45268	IS	O
4037	45269	HOME	O
4037	45270	W/DAD	O
4037	45271	.	O
4038	45272	GOD	O
4038	45273	.	O
4039	45274	DAMN	O
4039	45275	.	O
4040	45276	What	O
4040	45277	it	O
4040	45278	is	O
4040	45279	twiggas	O
4040	45280	it	O
4040	45281	's	O
4040	45282	Friday	O
4040	45283	in	O
4040	45284	this	O
4040	45285	bissh	O
4040	45286	!!!	O
4041	45287	What	O
4041	45288	's	O
4041	45289	y'all	O
4041	45290	niggas	O
4041	45291	plans	O
4041	45292	????	O
4042	45293	Betta	O
4042	45294	be	O
4042	45295	at	O
4042	45296	Elements	LOCATION
4042	45297	tonight	O
4042	45298	BOGO	O
4042	45299	drinks	O
4042	45300	all	O
4042	45301	night	O
4042	45302	!!	O
4043	45303	Nuff	O
4043	45304	Said	O
4043	45305	delicioso	O
4043	45306	.	O
4044	45307	hows	O
4044	45308	your	O
4044	45309	week	O
4044	45310	?	O
4045	45311	Your	O
4045	45312	paycheck	O
4045	45313	may	O
4045	45314	shrink	O
4045	45315	next	O
4045	45316	year	O
4045	45317	,	O
4045	45318	at	O
4045	45319	least	O
4045	45320	temporarily	O
4045	45321	,	O
4045	45322	if	O
4045	45323	a	O
4045	45324	vote	O
4045	45325	on	O
4045	45326	extending	O
4045	45327	the	O
4045	45328	Bush	PERSON
4045	45329	tax	O
4045	45330	cuts	O
4045	45331	slips	O
4045	45332	past	O
4045	45333	November	O
4045	45334	.	O
4046	45335	'Was	O
4046	45336	going	O
4046	45337	to	O
4046	45338	stay	O
4046	45339	until	O
4046	45340	Sunday	O
4046	45341	but	O
4046	45342	my	O
4046	45343	mother	O
4046	45344	has	O
4046	45345	already	O
4046	45346	made	O
4046	45347	me	O
4046	45348	mad	O
4046	45349	furthermore	O
4046	45350	hair	O
4046	45351	appointment	O
4046	45352	tomrrw	O
4046	45353	and	O
4046	45354	back	O
4046	45355	to	O
4046	45356	Kent	LOCATION
4046	45357	!'	O
4047	45358	That	O
4047	45359	's	O
4047	45360	college	O
4047	45361	tuition	O
4047	45362	.	O
4048	45363	That	O
4048	45364	's	O
4048	45365	two	O
4048	45366	average	O
4048	45367	cars	O
4048	45368	.	O
4049	45369	That	O
4049	45370	's	O
4049	45371	a	O
4049	45372	year	O
4049	45373	's	O
4049	45374	worth	O
4049	45375	of	O
4049	45376	someone	O
4049	45377	's	O
4049	45378	salary	O
4049	45379	.	O
4050	45380	That	O
4050	45381	's	O
4050	45382	insaneeee	O
4050	45383	.	O
4051	45384	you	O
4051	45385	not	O
4051	45386	playing	O
4051	45387	tomorrow	O
4051	45388	?	O
4052	45389	Dear	O
4052	45390	me	O
4052	45391	,	O
4052	45392	is	O
4052	45393	it	O
4052	45394	just	O
4052	45395	me	O
4052	45396	and	O
4052	45397	pete	PERSON
4052	45398	,	O
4052	45399	is	O
4052	45400	he	O
4052	45401	trying	O
4052	45402	to	O
4052	45403	rape	O
4052	45404	me	O
4052	45405	RT	O
4052	45406	AstronomersWithoutBorders	MISC
4052	45407	has	O
4052	45408	a	O
4052	45409	list	O
4052	45410	of	O
4052	45411	live	O
4052	45412	broadcasters	O
4052	45413	for	O
4052	45414	online	O
4052	45415	Moon	O
4052	45416	viewing	O
4052	45417	Sept	O
4052	45418	18	O
4052	45419	I	O
4052	45420	said	O
4052	45421	to	O
4052	45422	him	O
4052	45423	the	O
4052	45424	impression	O
4052	45425	I	O
4052	45426	had	O
4052	45427	of	O
4052	45428	early	O
4052	45429	80s	O
4052	45430	NYC	LOCATION
4052	45431	was	O
4052	45432	if	O
4052	45433	you	O
4052	45434	went	O
4052	45435	to	O
4052	45436	Central	LOCATION
4052	45437	Park	LOCATION
4052	45438	after	O
4052	45439	dark	O
4052	45440	you'd	O
4052	45441	be	O
4052	45442	lucky	O
4052	45443	to	O
4052	45444	come	O
4052	45445	out	O
4052	45446	alive'...	O
4053	45447	it	O
4053	45448	's	O
4053	45449	cool	O
4053	45450	also	O
4053	45451	I'm	O
4053	45452	not	O
4053	45453	sure	O
4053	45454	.	O
4054	45455	If	O
4054	45456	I	O
4054	45457	were	O
4054	45458	you	O
4054	45459	I'd	O
4054	45460	renew	O
4054	45461	right	O
4054	45462	away	O
4054	45463	before	O
4054	45464	but	O
4054	45465	if	O
4054	45466	not	O
4054	45467	I'd	O
4054	45468	still	O
4054	45469	try	O
4054	45470	.	O
4055	45471	Best	O
4055	45472	of	O
4055	45473	luck	O
4055	45474	I'm	O
4055	45475	from	O
4055	45476	Brazil	LOCATION
4055	45477	....	O
4056	45478	and	O
4056	45479	I	O
4056	45480	love	O
4056	45481	you	O
4056	45482	.	O
4057	45483	You're	O
4057	45484	my	O
4057	45485	favorite	O
4057	45486	actor	O
4057	45487	!	O
4058	45488	Knight	MISC
4058	45489	and	MISC
4058	45490	Day	MISC
4058	45491	is	O
4058	45492	so	O
4058	45493	cool	O
4058	45494	...	O
4059	45495	My	O
4059	45496	dream	O
4059	45497	is	O
4059	45498	to	O
4059	45499	meet	O
4059	45500	you	O
4059	45501	!	O
4060	45502	made	O
4060	45503	sure	O
4060	45504	im	O
4060	45505	off	O
4060	45506	next	O
4060	45507	friday	O
4060	45508	What	O
4060	45509	fuckin	O
4060	45510	luck	O
4060	45511	walk	O
4060	45512	in	O
4060	45513	to	O
4060	45514	pop-eyes	O
4060	45515	the	O
4060	45516	the	O
4060	45517	fuckin	O
4060	45518	line	O
4060	45519	is	O
4060	45520	full	O
4060	45521	of	O
4060	45522	I	O
4060	45523	don't	O
4060	45524	know	O
4060	45525	what	O
4060	45526	fuc	O
4060	45527	I	O
4060	45528	want	O
4060	45529	people	O
4060	45530	.	O
4061	45531	By	O
4061	45532	the	O
4061	45533	time	O
4061	45534	I'm	O
4061	45535	up	O
4061	45536	I	O
4061	45537	have	O
4061	45538	to	O
4061	45539	wait	O
4061	45540	1	O
4061	45541	Do	O
4061	45542	you	O
4061	45543	have	O
4061	45544	time	O
4061	45545	to	O
4061	45546	offer	O
4061	45547	advice	O
4061	45548	to	O
4061	45549	this	O
4061	45550	franchise	O
4061	45551	?	O
4062	45552	Good	LOCATION
4062	45553	Day	LOCATION
4062	45554	Sunshine	LOCATION
4062	45555	is	O
4062	45556	available	O
4062	45557	to	O
4062	45558	rent	O
4062	45559	off	O
4062	45560	season	O
4062	45561	!	O
4063	45562	Great	O
4063	45563	surfing	O
4063	45564	,	O
4063	45565	fishing	O
4063	45566	,	O
4063	45567	hot-tubbing	O
4063	45568	!	O
4064	45569	I	O
4064	45570	3	O
4064	45571	fall	O
4064	45572	in	O
4064	45573	Rodanthe	LOCATION
4064	45574	tea	O
4064	45575	time	O
4064	45576	.	O
4065	45577	Whats	O
4065	45578	the	O
4065	45579	plan	O
4065	45580	tonight	O
4065	45581	watching	O
4065	45582	the	O
4065	45583	VMAs	MISC
4065	45584	Eminem	PERSON
4065	45585	is	O
4065	45586	BeAsT	O
4065	45587	and	O
4065	45588	is	O
4065	45589	smexy	O
4065	45590	!!;	O
4066	45591	And	O
4066	45592	Chelsea	PERSON
4066	45593	Handler	PERSON
4066	45594	is	O
4066	45595	hilarious	O
4066	45596	!	O
4067	45597	Finally	O
4067	45598	got	O
4067	45599	a	O
4067	45600	boyfren	O
4067	45601	he	O
4067	45602	gave	O
4067	45603	me	O
4067	45604	the	O
4067	45605	cutest	O
4067	45606	thing	O
4067	45607	today	O
4067	45608	RT	O
4067	45609	As	O
4067	45610	a	O
4067	45611	your	O
4067	45612	energy	O
4067	45613	is	O
4067	45614	best	O
4067	45615	spent	O
4067	45616	delegating	O
4067	45617	responsibilities	O
4067	45618	and	O
4067	45619	being	O
4067	45620	there	O
4067	45621	if	O
4067	45622	or	O
4067	45623	when	O
4067	45624	people	O
4067	45625	need	O
4067	45626	you	O
4067	45627	.	O
4068	45628	they're	O
4068	45629	looking	O
4068	45630	pretty	O
4068	45631	good	O
4068	45632	.	O
4069	45633	i	O
4069	45634	dnt	O
4069	45635	think	O
4069	45636	ima	O
4069	45637	play	O
4069	45638	tho	O
4069	45639	.	O
4070	45640	I'm	O
4070	45641	playing	O
4070	45642	on	O
4070	45643	a	O
4070	45644	co	O
4070	45645	rec	O
4070	45646	team	O
4070	45647	too	O
4070	45648	.	O
4071	45649	I	O
4071	45650	won't	O
4071	45651	have	O
4071	45652	time	O
4071	45653	to	O
4071	45654	breathe	O
4071	45655	.	O
4072	45656	Don	PERSON
4072	45657	Mattingly	PERSON
4072	45658	will	O
4072	45659	replace	O
4072	45660	Joe	PERSON
4072	45661	Torre	PERSON
4072	45662	as	O
4072	45663	LA	ORGANIZATION
4072	45664	Dodgers	ORGANIZATION
4072	45665	manager	O
4072	45666	after	O
4072	45667	this	O
4072	45668	season	O
4072	45669	You	O
4072	45670	remeber	O
4072	45671	we	O
4072	45672	were	O
4072	45673	sitting	O
4072	45674	there	O
4072	45675	by	O
4072	45676	the	O
4072	45677	water	O
4072	45678	you	O
4072	45679	put	O
4072	45680	your	O
4072	45681	arm	O
4072	45682	around	O
4072	45683	me	O
4072	45684	for	O
4072	45685	the	O
4072	45686	first	O
4072	45687	time	O
4072	45688	you	O
4072	45689	made	O
4072	45690	a	O
4072	45691	rebel	O
4072	45692	careless	O
4072	45693	mans	O
4072	45694	careful	O
4072	45695	daughter	O
4072	45696	I	O
4072	45697	watch	O
4072	45698	porn	O
4072	45699	movies	O
4072	45700	on	O
4072	45701	rewind	O
4072	45702	because	O
4072	45703	I	O
4072	45704	love	O
4072	45705	when	O
4072	45706	sex	O
4072	45707	ends	O
4072	45708	and	O
4072	45709	the	O
4072	45710	girl	O
4072	45711	immediately	O
4072	45712	puts	O
4072	45713	on	O
4072	45714	her	O
4072	45715	clothes	O
4072	45716	cont	O
4072	45717	Takin	O
4072	45718	ur	O
4072	45719	hapiness	O
4072	45720	before	O
4072	45721	mine	O
4072	45722	shit	O
4072	45723	get	O
4072	45724	me	O
4072	45725	tight	O
4072	45726	when	O
4072	45727	I	O
4072	45728	go	O
4072	45729	to	O
4072	45730	the	O
4072	45731	beach	O
4072	45732	n	O
4072	45733	everybody	O
4072	45734	in	O
4072	45735	the	O
4072	45736	sand	O
4072	45737	-_-	O
4072	45738	I	O
4072	45739	remember	O
4072	45740	the	O
4072	45741	days	O
4072	45742	in	O
4072	45743	school	O
4072	45744	when	O
4072	45745	I	O
4072	45746	lost/forgot	O
4072	45747	my	O
4072	45748	lunch	O
4072	45749	tickets	O
4072	45750	.	O
4073	45751	You	O
4073	45752	know	O
4073	45753	,	O
4073	45754	the	O
4073	45755	bright	O
4073	45756	yellow/dark	O
4073	45757	blue	O
4073	45758	ones	O
4073	45759	.	O
4074	45760	It	O
4074	45761	's	O
4074	45762	official	O
4074	45763	!!!	O
4075	45764	Vegas	LOCATION
4075	45765	for	O
4075	45766	the	O
4075	45767	weekend	O
4075	45768	!	O
4076	45769	Starting	O
4076	45770	tonight	O
4076	45771	!!	O
4077	45772	RT	O
4077	45773	RT	O
4077	45774	Just	O
4077	45775	landed	O
4077	45776	in	O
4077	45777	DC	LOCATION
4077	45778	.	O
4078	45779	Is	O
4078	45780	anybody	O
4078	45781	coming	O
4078	45782	to	O
4078	45783	the	O
4078	45784	Awakening	MISC
4078	45785	Festival	MISC
4078	45786	tonight	O
4078	45787	?	O
4079	45788	I'm	O
4079	45789	thinking	O
4079	45790	about	O
4079	45791	rocking	O
4079	45792	it	O
4079	45793	.	O
4080	45794	RT	O
4080	45795	Yes	O
4080	45796	we	O
4080	45797	do	O
4080	45798	!!!	O
4081	45799	Is	O
4081	45800	part	O
4081	45801	2	O
4081	45802	in	O
4081	45803	the	O
4081	45804	making	O
4081	45805	?	O
4082	45806	RT	O
4082	45807	remember	O
4082	45808	when	O
4082	45809	i	O
4082	45810	was	O
4082	45811	on	O
4082	45812	twitter	ORGANIZATION
4082	45813	violating	O
4082	45814	some	O
4082	45815	girl	O
4082	45816	in	O
4082	45817	the	O
4082	45818	summer	O
4082	45819	?	O
4083	45820	I	O
4083	45821	can	O
4083	45822	see	O
4083	45823	three	O
4083	45824	kinds	O
4083	45825	of	O
4083	45826	reactions	O
4083	45827	after	O
4083	45828	Ayodhya	PERSON
4083	45829	verdict	O
4083	45830	.	O
4084	45831	We	O
4084	45832	were	O
4084	45833	all	O
4084	45834	enjoying	O
4084	45835	a	O
4084	45836	glass	O
4084	45837	of	O
4084	45838	wine	O
4084	45839	in	O
4084	45840	the	O
4084	45841	office	O
4084	45842	when	O
4084	45843	a	O
4084	45844	fudge	O
4084	45845	delivery	O
4084	45846	showed	O
4084	45847	up	O
4084	45848	.	O
4085	45849	I	O
4085	45850	love	O
4085	45851	my	O
4085	45852	job	O
4085	45853	.	O
4086	45854	And	O
4086	45855	I	O
4086	45856	love	O
4086	45857	Fridays	O
4086	45858	.	O
4087	45859	"""'"	O
4087	45860	Brian	PERSON
4087	45861	.'	O
4088	45862	Isn't	O
4088	45863	available	O
4088	45864	right	O
4088	45865	now	O
4088	45866	"..."""	O
4089	45867	hahahaha	O
4089	45868	that	O
4089	45869	's	O
4089	45870	what	O
4089	45871	I	O
4089	45872	hear	O
4089	45873	when	O
4089	45874	I	O
4089	45875	call	O
4089	45876	your	O
4089	45877	saynow	O
4089	45878	.	O
4090	45879	A	O
4090	45880	compliment	O
4090	45881	from	O
4090	45882	a	O
4090	45883	stranger	O
4090	45884	on	O
4090	45885	my	O
4090	45886	outfit	O
4090	45887	as	O
4090	45888	I	O
4090	45889	walked	O
4090	45890	in	O
4090	45891	to	O
4090	45892	work	O
4090	45893	=	O
4090	45894	best	O
4090	45895	way	O
4090	45896	to	O
4090	45897	start	O
4090	45898	the	O
4090	45899	day	O
4090	45900	!	O
4091	45901	Chicago	ORGANIZATION
4091	45902	Blackhawks	ORGANIZATION
4091	45903	general	O
4091	45904	manager	O
4091	45905	Stan	PERSON
4091	45906	Bowman	PERSON
4091	45907	said	O
4091	45908	Cristobal	PERSON
4091	45909	Huet	PERSON
4091	45910	will	O
4091	45911	be	O
4091	45912	gone	O
4091	45913	in	O
4091	45914	two	O
4091	45915	weeks	O
4091	45916	...	O
4092	45917	i	O
4092	45918	just	O
4092	45919	wanna	O
4092	45920	say	O
4092	45921	you	O
4092	45922	make	O
4092	45923	me	O
4092	45924	smile	O
4092	45925	everyday	O
4092	45926	:)	O
4093	45927	thanks	O
4093	45928	for	O
4093	45929	smiling	O
4093	45930	because	O
4093	45931	when	O
4093	45932	u	O
4093	45933	smile	O
4093	45934	i	O
4093	45935	smile	O
4093	45936	!	O
4094	45937	:)	O
4095	45938	Oh	O
4095	45939	beautiful	O
4095	45940	day	O
4095	45941	!	O
4096	45942	What	O
4096	45943	's	O
4096	45944	everyone	O
4096	45945	doing	O
4096	45946	tonight	O
4096	45947	!	O
4097	45948	Very	O
4097	45949	busy	O
4097	45950	weekend	O
4097	45951	and	O
4097	45952	TWO	O
4097	45953	articles	O
4097	45954	due	O
4097	45955	for	O
4097	45956	publishing	O
4097	45957	on	O
4097	45958	Monday	O
4097	45959	morning	O
4097	45960	.	O
4098	45961	As	O
4098	45962	such	O
4098	45963	,	O
4098	45964	I'm	O
4098	45965	afraid	O
4098	45966	the	O
4098	45967	Jup	MISC
4098	45968	Force	MISC
4098	45969	PvP	MISC
4098	45970	event	O
4098	45971	is	O
4098	45972	delayed	O
4098	45973	.	O
4099	45974	more	O
4099	45975	What	O
4099	45976	do	O
4099	45977	a	O
4099	45978	prostitute	O
4099	45979	and	O
4099	45980	a	O
4099	45981	bungee	O
4099	45982	jump	O
4099	45983	have	O
4099	45984	in	O
4099	45985	common	O
4099	45986	?	O
4100	45987	they	O
4100	45988	cost	O
4100	45989	the	O
4100	45990	same	O
4100	45991	,	O
4100	45992	last	O
4100	45993	as	O
4100	45994	long	O
4100	45995	,	O
4100	45996	and	O
4100	45997	if	O
4100	45998	the	O
4100	45999	rubber	O
4100	46000	breaks	O
4100	46001	you're	O
4100	46002	screwed	O
4100	46003	.	O
4101	46004	Kristen	PERSON
4101	46005	is	O
4101	46006	MY	O
4101	46007	LIFE	O
4101	46008	.	O
4102	46009	She	O
4102	46010	made	O
4102	46011	me	O
4102	46012	who	O
4102	46013	i	O
4102	46014	am	O
4102	46015	today	O
4102	46016	,	O
4102	46017	I	O
4102	46018	was	O
4102	46019	a	O
4102	46020	fucker	O
4102	46021	before	O
4102	46022	her	O
4102	46023	,	O
4102	46024	she	O
4102	46025	fixed	O
4102	46026	me	O
4102	46027	.	O
4103	46028	And	O
4103	46029	so	O
4103	46030	did	O
4103	46031	Robert	PERSON
4103	46032	.	O
4104	46033	Feeling	O
4104	46034	really	O
4104	46035	good	O
4104	46036	after	O
4104	46037	great	O
4104	46038	week	O
4104	46039	in	O
4104	46040	our	O
4104	46041	SF	LOCATION
4104	46042	and	O
4104	46043	LA	LOCATION
4104	46044	offices	O
4104	46045	.	O
4105	46046	Glad	O
4105	46047	to	O
4105	46048	kick	O
4105	46049	back	O
4105	46050	on	O
4105	46051	AMerican	ORGANIZATION
4105	46052	flight	O
4105	46053	back	O
4105	46054	to	O
4105	46055	NYC	LOCATION
4105	46056	Opted	O
4105	46057	for	O
4105	46058	pants	O
4105	46059	over	O
4105	46060	shorts	O
4105	46061	today	O
4105	46062	...	O
4106	46063	summer	O
4106	46064	is	O
4106	46065	officially	O
4106	46066	over	O
4106	46067	.	O
4107	46068	Bring	O
4107	46069	on	O
4107	46070	the	O
4107	46071	pumpkin	O
4107	46072	beers	O
4107	46073	!	O
4108	46074	RT	O
4108	46075	Day	O
4108	46076	6	O
4108	46077	Win	O
4108	46078	1	O
4108	46079	of	O
4108	46080	10	O
4108	46081	iPads	O
4108	46082	from	O
4108	46083	-	O
4108	46084	RT	O
4108	46085	to	O
4108	46086	enter	O
4108	46087	or	O
4108	46088	read	O
4108	46089	more	O
4108	46090	Ah	O
4108	46091	crap	O
4108	46092	.	O
4109	46093	No	O
4109	46094	tonight	O
4109	46095	for	O
4109	46096	me	O
4109	46097	,	O
4109	46098	I	O
4109	46099	guess	O
4109	46100	|	O
4109	46101	Damn	O
4109	46102	I	O
4109	46103	was	O
4109	46104	so	O
4109	46105	excited	O
4109	46106	:'	O
4109	46107	I'm	O
4109	46108	off	O
4109	46109	I	O
4109	46110	shall	O
4109	46111	tweet	O
4109	46112	when	O
4109	46113	I'm	O
4109	46114	home	O
4109	46115	:D	O
4110	46116	:D	O
4111	46117	xxxxxx	O
4111	46118	UPDATE	O
4111	46119	1-Cricket-Gul	O
4111	46120	takes	O
4111	46121	six	O
4111	46122	wickets	O
4111	46123	as	O
4111	46124	Pakistan	LOCATION
4111	46125	beat	O
4111	46126	England	LOCATION
4111	46127	LONDON	LOCATION
4111	46128	,	O
4111	46129	Sept	O
4111	46130	17	O
4111	46131	Reuters	ORGANIZATION
4111	46132	-	O
4111	46133	Umar	PERSON
4111	46134	Gul	PERSON
4111	46135	took	O
4111	46136	...	O
4112	46137	Football	O
4112	46138	game	O
4112	46139	tonight	O
4112	46140	:)	O
4113	46141	yeeah	O
4113	46142	boilers	ORGANIZATION
4113	46143	..	O
4114	46144	oh	O
4114	46145	wait	O
4114	46146	,	O
4114	46147	we	O
4114	46148	suck	O
4114	46149	.	O
4115	46150	haha	O
4115	46151	No	O
4115	46152	tasting	O
4115	46153	today	O
4115	46154	due	O
4115	46155	to	O
4115	46156	my	O
4115	46157	being	O
4115	46158	out	O
4115	46159	Sick	O
4115	46160	...	O
4116	46161	ugh	O
4116	46162	.	O
4117	46163	But	O
4117	46164	next	O
4117	46165	Friday	O
4117	46166	we	O
4117	46167	will	O
4117	46168	have	O
4117	46169	Mark	PERSON
4117	46170	Rowan	PERSON
4117	46171	from	O
4117	46172	Novel	ORGANIZATION
4117	46173	Wines	ORGANIZATION
4117	46174	here	O
4117	46175	...	O
4118	46176	its	O
4118	46177	friday	O
4118	46178	.	O
4119	46179	but	O
4119	46180	instead	O
4119	46181	of	O
4119	46182	partying	O
4119	46183	or	O
4119	46184	doing	O
4119	46185	homework	O
4119	46186	.	O
4120	46187	I'm	O
4120	46188	going	O
4120	46189	to	O
4120	46190	tumblr	ORGANIZATION
4120	46191	for	O
4120	46192	a	O
4120	46193	bit	O
4120	46194	and	O
4120	46195	sleep	O
4120	46196	XD	O
4120	46197	get	O
4120	46198	on	O
4120	46199	skype	ORGANIZATION
4120	46200	or	O
4120	46201	ichat	O
4120	46202	when	O
4120	46203	you	O
4120	46204	see	O
4120	46205	this	O
4120	46206	.	O
4121	46207	RT	O
4121	46208	Haha	O
4121	46209	yes	O
4121	46210	!!!	O
4122	46211	I	O
4122	46212	love	O
4122	46213	that	O
4122	46214	you	O
4122	46215	knew	O
4122	46216	that	O
4122	46217	:)	O
4123	46218	RT	O
4123	46219	Is	O
4123	46220	phenomenal	O
4123	46221	the	O
4123	46222	word	O
4123	46223	of	O
4123	46224	the	O
4123	46225	day	O
4123	46226	?	O
4124	46227	Also	O
4124	46228	,	O
4124	46229	I	O
4124	46230	learned	O
4124	46231	at	O
4124	46232	school	O
4124	46233	today	O
4124	46234	that	O
4124	46235	everyone	O
4124	46236	,	O
4124	46237	in	O
4124	46238	fact	O
4124	46239	,	O
4124	46240	knows	O
4124	46241	.	O
4125	46242	I	O
4125	46243	learned	O
4125	46244	this	O
4125	46245	,	O
4125	46246	no	O
4125	46247	joke	O
4125	46248	,	O
4125	46249	during	O
4125	46250	choir	O
4125	46251	.	O
4126	46252	funnyordie	O
4126	46253	Text	O
4126	46254	messages	O
4126	46255	are	O
4126	46256	like	O
4126	46257	Gremlins	O
4126	46258	.	O
4127	46259	Keep	O
4127	46260	them	O
4127	46261	away	O
4127	46262	from	O
4127	46263	drinks	O
4127	46264	and	O
4127	46265	proceed	O
4127	46266	with	O
4127	46267	caution	O
4127	46268	after	O
4127	46269	midnight	O
4127	46270	.	O
4128	46271	ocho	O
4128	46272	you	O
4128	46273	know	O
4128	46274	your	O
4128	46275	talent	O
4128	46276	,	O
4128	46277	I	O
4128	46278	have	O
4128	46279	agreed	O
4128	46280	with	O
4128	46281	every	O
4128	46282	statement	O
4128	46283	you	O
4128	46284	have	O
4128	46285	said	O
4128	46286	over	O
4128	46287	the	O
4128	46288	past	O
4128	46289	2	O
4128	46290	years	O
4128	46291	Just	O
4128	46292	got	O
4128	46293	all	O
4128	46294	caught	O
4128	46295	up	O
4128	46296	on	O
4128	46297	my	O
4128	46298	flagged	O
4128	46299	emails	O
4128	46300	from	O
4128	46301	the	O
4128	46302	week	O
4128	46303	.	O
4129	46304	Now	O
4129	46305	I	O
4129	46306	feel	O
4129	46307	good	O
4129	46308	about	O
4129	46309	leaving	O
4129	46310	the	O
4129	46311	office	O
4129	46312	for	O
4129	46313	the	O
4129	46314	weekend	O
4129	46315	.	O
4130	46316	TGIF	O
4130	46317	!	O
4131	46318	RT	O
4131	46319	Christmas	MISC
4131	46320	was	O
4131	46321	so	O
4131	46322	much	O
4131	46323	better	O
4131	46324	when	O
4131	46325	there	O
4131	46326	was	O
4131	46327	a	O
4131	46328	santa	O
4131	46329	:(	O
