sentence_id	sentence	sentiment	topic
0	Watched since the beginning, i can't watch any more.	negative	movie
1	Drama series should be a place to escape from politics and opinions, not a place to have it shoved down your throat...... ugh.	negative	movie
2	Lost everything that made it special.	negative	movie
3	I wish that they would cancel it and stop dragging it out.	negative	movie
4	"They said ""expect the unexpected"" before the launch of the season 8, thereby hrilling everyone's bones to the core."	neutral	movie
5	"I assume when you say something like this to anyone, you say it with promises that you will not get disappointed at all, but the sentence coined by got team has proven correct, it was ""unexpected"" at all with broken hearts of million of fans."	neutral	movie
6	I made the last moment change, ratings from 6 to 5!!!!	neutral	movie
7	The season felt like a bad anime that ran out of source material so they make up some really strange and really bad way of ending the story that makes 0 sense at all to the seasons before it.	negative	movie
8	Do not let these writers get there hands on anouther book movie or series ever again.they gave the middle finger to the whole plot they set up in prior seasons.	negative	movie
9	Season 3 primarily consists of political messaging.	neutral	movie
10	Feels weird, false, gratuitous.	neutral	movie
11	Tough to watch.	neutral	movie
12	Regardless of the story, i couldn't stand most of the acting/writing.	negative	movie
13	Most characters behaved like stressed teenagers and the dialogues felt very forced at times, and with a lot of misplaced humor & weird character interactions.	negative	movie
14	"The story revolves around scientists, however they are portrayed as if they are high school students, both in how they behave and what they talk about and every apect of scientific nature is dumbed down for the audience (""these damn scientists be doing their science n' stuff"") ."	negative	movie
15	I only found the writing and acting of the chinese speaking actors convincing, which made this hard to watch.	negative	movie
16	Best: right up to the point they had source material worst: as soon as they ran out of booksone of the best (essential) character on the show, logic, died after season 4-5.	negative	movie
17	The creators d&d (short for dumb and dumber) are apparently a couple of talent-less hacks, they hardly have anything original on their cv.	negative	movie
18	Started off so well.	neutral	movie
19	Season one was great , season two not bad, season 3 is just a joke.	neutral	movie
20	Stupid storylines trying to be more a of a comedy than cop show.	neutral	movie
21	I loved this show, but since season 3 it has become too political.	neutral	movie
22	Why do shows insist on doing this?	neutral	movie
23	Leave the politics to the politicians.	neutral	movie
24	Tv shows are too one-sided in their portrayal of current views, they go after the popular view, they do not give both sides.	neutral	movie
25	It's very attractive interesting drama that made me wait for it to watch from week to week specially that lovely sweet boy dr.o'malley .......	positive	movie
26	I won't say more about him because my man will kill me if he knew i said so ;'-))	positive	movie
27	The ups & downs, the cheering & letdowns in these people's lives is similar to what any of us may face by accident or what may interfere in his way & the life should move on...	positive	movie
28	The sense of humor is classy & the perfect dose of laughs, love, lust & heartbreaks is all classy, i even loved or maybe wished to be a doctor my self ;'d well done for the whole crew & go forward i wish u all for more success in this project & yet of the rest to come.	positive	movie
29	Just watched the second episode of season 3, and it feels weird that they have to make the girl say thanks to the man sitting in her car...	neutral	movie
30	And this episode keeps underemphasizing crimes...	neutral	movie
31	It made it sounded like people don't have to be responsible for their own behaviors...	neutral	movie
32	Used to be a great series to watch to escape this horrific society we've created.	negative	movie
33	Now with s17, politics and racism managed to squeeze itself in here too, and made it exponentially worse, even insulting at times..	negative	movie
34	The webber/bailey dynamic used to be my absolute favorite, and even those characters got strangled by the politic agenda the writers seem to impose on the audience.	negative	movie
35	Absolutely shameless..	negative	movie
sentence_id	sentence	sentiment	topic
0	Watched since the beginning, i can't watch any more.	negative	movie
1	Drama series should be a place to escape from politics and opinions, not a place to have it shoved down your throat...... ugh.	negative	movie
2	Lost everything that made it special.	negative	movie
3	I wish that they would cancel it and stop dragging it out.	negative	movie
4	"They said ""expect the unexpected"" before the launch of the season 8, thereby hrilling everyone's bones to the core."	neutral	movie
5	"I assume when you say something like this to anyone, you say it with promises that you will not get disappointed at all, but the sentence coined by got team has proven correct, it was ""unexpected"" at all with broken hearts of million of fans."	neutral	movie
6	I made the last moment change, ratings from 6 to 5!!!!	neutral	movie
7	The season felt like a bad anime that ran out of source material so they make up some really strange and really bad way of ending the story that makes 0 sense at all to the seasons before it.	negative	movie
8	Do not let these writers get there hands on anouther book movie or series ever again.they gave the middle finger to the whole plot they set up in prior seasons.	negative	movie
9	Season 3 primarily consists of political messaging.	neutral	movie
10	Feels weird, false, gratuitous.	neutral	movie
11	Tough to watch.	neutral	movie
12	Regardless of the story, i couldn't stand most of the acting/writing.	negative	movie
13	Most characters behaved like stressed teenagers and the dialogues felt very forced at times, and with a lot of misplaced humor & weird character interactions.	negative	movie
14	"The story revolves around scientists, however they are portrayed as if they are high school students, both in how they behave and what they talk about and every apect of scientific nature is dumbed down for the audience (""these damn scientists be doing their science n' stuff"") ."	negative	movie
15	I only found the writing and acting of the chinese speaking actors convincing, which made this hard to watch.	negative	movie
16	Best: right up to the point they had source material worst: as soon as they ran out of booksone of the best (essential) character on the show, logic, died after season 4-5.	negative	movie
17	The creators d&d (short for dumb and dumber) are apparently a couple of talent-less hacks, they hardly have anything original on their cv.	negative	movie
18	Started off so well.	neutral	movie
19	Season one was great , season two not bad, season 3 is just a joke.	neutral	movie
20	Stupid storylines trying to be more a of a comedy than cop show.	neutral	movie
21	I loved this show, but since season 3 it has become too political.	neutral	movie
22	Why do shows insist on doing this?	neutral	movie
23	Leave the politics to the politicians.	neutral	movie
24	Tv shows are too one-sided in their portrayal of current views, they go after the popular view, they do not give both sides.	neutral	movie
25	It's very attractive interesting drama that made me wait for it to watch from week to week specially that lovely sweet boy dr.o'malley .......	positive	movie
26	I won't say more about him because my man will kill me if he knew i said so ;'-))	positive	movie
27	The ups & downs, the cheering & letdowns in these people's lives is similar to what any of us may face by accident or what may interfere in his way & the life should move on...	positive	movie
28	The sense of humor is classy & the perfect dose of laughs, love, lust & heartbreaks is all classy, i even loved or maybe wished to be a doctor my self ;'d well done for the whole crew & go forward i wish u all for more success in this project & yet of the rest to come.	positive	movie
29	Just watched the second episode of season 3, and it feels weird that they have to make the girl say thanks to the man sitting in her car...	neutral	movie
30	And this episode keeps underemphasizing crimes...	neutral	movie
31	It made it sounded like people don't have to be responsible for their own behaviors...	neutral	movie
32	Used to be a great series to watch to escape this horrific society we've created.	negative	movie
33	Now with s17, politics and racism managed to squeeze itself in here too, and made it exponentially worse, even insulting at times..	negative	movie
34	The webber/bailey dynamic used to be my absolute favorite, and even those characters got strangled by the politic agenda the writers seem to impose on the audience.	negative	movie
35	Absolutely shameless..	negative	movie
36	It use to be my favorite show by far and i never thought that could change,but it did.last(8)season	neutral	movie
37	I watched only once but all the seasons before that i have seen 3 times,except the season 7,which i saw twice.	neutral	movie
38	Thank god that i did,because now i won't watch the show again.	neutral	movie
39	You really mess it up with the last season.	neutral	movie
40	Am i the only one who thinks it's ridiculous when they call rookies boo???	negative	movie
41	I know lots if cops and have never heard them use that word ever!!!!	negative	movie
42	Stupid	negative	movie
43	So the series is finally over, and the last few episodes absolutely destroyed the legacy.	negative	movie
44	The show averaged a 9.5 since season 1 until the end of season 8, now i just hope people remember to change their ratings to reflect the fact that this show is not deserving of a 10.it couldn't maintain a perfect storyline like breaking bad did, and i believe we owe it to future generations to not mislead them into thinking this is the best show on tv when it started great, but finished horribly	negative	movie
45	There is a lot of adaptation, and the main characters are set together.	neutral	movie
46	The narrative omits some background introduction and exploration of the three-body game, so it also loses a lot of comedic conflict.	neutral	movie
47	But compared to other boring science fiction works at the moment, a remake of a classic science fiction novel is still worth spending half a day to watch.	neutral	movie
48	In my opinion, the main problem with this adaptation is that the conflict set in the original story has its historical and political roots, and these deep contents seem to be unsuitable after substituting the subject and the place of occurrence, which is difficult for a reader who is loyal to the original book to accept.	neutral	movie
49	Only reason for me is the lead i know him mostly from castle	neutral	movie
50	Otherwise it's been there done it.	neutral	movie
51	The usual middle age jokes etc.	neutral	movie
52	U all have to pardon me i'm 71 so i've been around the block a bit 2 many times i will keep watching of course	neutral	movie
53	Who in their right mind, would adapt 3 body problem into a hollywoodesque, young adult type series?forced relationships, forced melodrama, shallow characters, anti-science dialogue(uh, it's fake, it's a scam), girlboss brain rot, aren't these characters supposed to be the smartest people on the planet?making them all have a history together makes no sense, db and weiss can't write their own dialogue even if their lives depended on it.	negative	movie
54	Science-fiction without actual science, there is no interest in explaining anything that happens, the most you'll see of science here, are people making revolutionary math like 43 + 8 = 51 - 38 = 13, wow, irrefutable proof that the sun acts as an antena, even the mass appeal marvel movies tried coming up with explanations back in phase 1 and phase 2.also eiza gonzales as a scientist wtf, i have my doubts that she's even an actress.	negative	movie
55	Season one and two were pretty good	negative	movie
56	But now it seems like either someone on the cast is being held hostage or captive in some kind of critical situation.	negative	movie
57	What the hell there's got to be more stories out there.	negative	movie
58	I thought police stories were about different types of crime being solved.	negative	movie
59	Really entertaining, but sometimes it pushes way to hard on the 'police is bad' issue.	neutral	movie
60	"Some of that is fine, but if a police series which shows mostly amazing und unbiased officers then pushes for those officers to ""push for change"" and somehow feel ashamed for beeing police... and then ofcourse you have characters like fbi trainee simone in the later 4. season."	neutral	movie
61	Absolutly annoying, doesnt follow orders given and does not present in a manner appropriate for an fbi trainee, but gets empowered to heaven and gets an artificially boosted part in solving the case.	neutral	movie
62	All that as the struggeling black woman who wants to become an fbi agent to 'make a change'.........	neutral	movie
63	I'd give first 5 seasons a 9....but the latest ones a 5-6....so 7 was my overall score... that's my honest opinion.	neutral	movie
64	"Lol, i started watching this after checking all the reviews here and watching the ""making of"" trailer and, take this with a grain of salt because i haven't finished the first episode yet, but i think i already pointed out what the problem is, that got this series so many ""negative"" reviews talking about the exact same thing: it all stems from the ""bad"" move of having the real guy portray himself, with all his current age's glory of eye wrinkles and ""no longer spotless"" skin (which rest assured is something we share, so no offense, there...) when the events of the plot is all stuff that supposedly happened when he was much younger, wrinkle-less and spotless, and thus with a much more obvious ""naive-looking-resh bud- like"" appearance."	neutral	movie
65	"From a visual standpoint, viewers unconsciously associate even the slightest presence of wrinkles with older age, and with life wisdom and experience... meaning that, from the get go, they won't expect an ""older looking"" person to act out the kind of naive mistakes the protagonist keeps committing when first talking to the ""stalker lady"", at the bar, in the very first episode (haven't seen the part with the male-to-male thing yet, so i'm obviously not making a reference to any of that, with this opinion...).moreover, when in the ""making of"" the author, who portrays the protagonist, talks about the the bar where he used to work, with his randy coworkers, as an ""heteronormative"" place, it suddenly struck me that he is probably quoting his younger self: using the same words he used to describe it when he was closer to that age, meaning much younger..."	neutral	movie
66	"However, if you don't clarify it for the viewers that it's your ""younger self"" that you're quoting, there, then a ""mature-looking"" face like the one you have now will only encourage the audience to judge you; because they'd expect someone of ""your age"" to already know that, nowadays, most people wouldn't say those former coworkers of yours were throwing disgusting perv comments at you and your ""stalker lady"" because they were ""straight"" (or, ... ""heteronormative""...), but, merely because they were just garden-variety pervs, and pervs can come in all kinds of sexual orientation (as people would assume an ""older looking"" person to already know).all in all, what this series needed was a comical disclaimer (""this is me interpreting my much younger self, so please do as if you don't see my wrinkles"") or a much younger-looking authir portraying the main character."	neutral	movie
67	An epic series, most of the actors mastered their characters despite the bad season, that it is still the best tv show in history	positive	movie
68	It takes a while to watch every episode, i first started watching and stopped at season 5, then i started again and really enjoyed it.	positive	movie
69	A lot of people really hated the last season, yes the ending was bad, but i still enjoyed it the battle of winter fell was one of my favourites, if you couldn't see what was going on you're just blind lmao, the other battles are also amazing.	positive	movie
70	9/10 would be a 10 but the ending was pretty bad but it definitely doesn't make the whole show bad just most of the last season.	positive	movie
71	The story of the book is already great enough, i don't see why it needs this much tasteless changes.	negative	movie
72	And the portray of each characters, both acting and directing-wsie (especially wenjie ye, such a in-depth, complex and interesting character yet in here is just shallow and pale )	negative	movie
73	Is so bad that i don't think they understand the core and complexity of this book.	negative	movie
74	And all those political correctness is way too forced, after all, i think they just don't believe a true great story has universal attraction, despite the background or the origin of the story, so they put all those hollywood cliche adaptions in it expecting us to like it, so wrong!	negative	movie
75	New season is to dark to see what's happening.	negative	movie
76	Very disappointing	negative	movie
77	We have been waiting for the white walkers,the night king,the great war,the prince that was promised for the past 8 years and is that the ending that we deserve : arya flying from nowhere like a rat and stabbing the great night king,who survived far worse foes for the past 8000 years??	negative	movie
78	What about jon ?	negative	movie
79	Why was he resurrected then if he was not meant to kill the night king?	negative	movie
80	If you request to some extra terrestrial civilization to 'come on over and help yourself,' and then are seemingly surprised when they do just that, who's to blame?	neutral	movie
81	When you create nano fiber and then use quite possibly the most contrived reason to use it against a ship, who's to blame?	neutral	movie
82	When a physicist seemingly can't count to five while his buddy is performing confirmation before his voyage, who's to blame?this story is apparently based upon a book but i have a feeling that the 'db duo' have deviated from the source material once again through judicial use of coke or, even worse, the book this was based upon wasn't worth adapting in the first place and they weren't smart enough to realize it.	neutral	movie
83	The series is cool, but for the fact that they began to politicize the plot in the third season, there is a big minus.	negative	movie
84	This season makes everyone in seattle look weak and feeble as if covid is so bad that everyone has a catastrophic reaction.	negative	movie
85	It is incredibly unrealistic.	negative	movie
86	As if a young 40 yr old heathy doctor would need a breathing tube for covid get real.	negative	movie
87	Use to love this show now it just to ridiculously ridiculous.	negative	movie
88	It is time to put this to rest.	negative	movie
89	You need a score card to keep track of who is in bed with who.	negative	movie
90	Having patients give love advice to the doctors is too much.	negative	movie
91	My last review doesn't seem to have been posted.	negative	movie
92	I suppose someone has to weed out some of the terrible reviews it's getting to keep that rating up?	negative	movie
93	Stop with the social lectures!	negative	movie
94	Stop ruining tv!	negative	movie
95	Overall the show is a solid 9 except for the negative views on policing in general which runs through the show in order to mimic the far left ideology, which is anti-police overall.	neutral	movie
96	Solid acting, excellent suspense and great plot twists.	neutral	movie
97	Please send this once fabulous series to dignitas inswitzerland to be put out of its misery.	neutral	movie
98	It's the kind thing to do!	neutral	movie
99	No more!	neutral	movie
100	I loved season 1 and 2, season 3 was a bit too political.	positive	movie
101	I'm sure since most of this has passed over in hollywood season 4 will be better.	positive	movie
102	Season 8 episode 3 was a complete let down....	neutral	movie
103	Why oh why destroy the story to appease fanboys	neutral	movie
104	Good series, but nowhere as good as castle.	neutral	movie
105	Too bad that they canned stana	neutral	movie
106	I really enjoyed seasons 1-2 and was looking forward to watching the other seasons	neutral	movie
107	But i just can't get through season 3.season 3 is basically political correctness and blm being forced down your neck when you just want to sit back, relax, enjoy and watch a programme to forget about the world.	neutral	movie
108	It paints the police in a bad light even when they are trying to do the right thing which does not help their public image and can potentially turn more people against them even though in reality there are only a few bad police just like there are only a few bad people but unfortunately hate/despair/death is what sells in the media so that is all that's reported and made into a bigger issue than it is.	neutral	movie
109	I will try season 4 to see if it improves but i won't hold my breath.	neutral	movie
110	Like... seriously????there!	neutral	movie
111	That has better writing than the entire 8th season.	neutral	movie
112	Season 3 is an other victim of progressive ideology.	negative	movie
113	Nothing more then propaganda.	negative	movie
114	It seems like a production of '50-'60s of soviet mosfilm producers from kremlin mixed with chairman mao's cultural revolution principles from '70s.	negative	movie
115	Maybe america deserves that?	negative	movie
116	Started ok, but typically badly written, where the bad guys always lose and the women cops always come out on top.	negative	movie
117	All in all a good series.	neutral	movie
118	I love all most of the series but the end does not fit to the rest.	neutral	movie
119	With all game adaptations you go in holding your breath and expecting the worst but this doesn't disappoint at first you can see it becoming another mundane experience.	positive	movie
120	"This is soon proven otherwise as you're plunged into the world of fallout with gritty conflict and a complex plot my only complain is the lack of content in such a large universe of lore they've filled a lot of it with walking and some ""easter eggs"", they have set up an enjoyable show as well as the base to continue a successful video game adaptation which makes a nice change."	positive	movie
121	Hopefully this will have a promising future and explore more of the fallout lore and some of the niche characters.	positive	movie
122	"After s03 most of episodes are recorded with action cams and ""shop"" cams."	positive	movie
123	That is not necessary cause we don't want to loose some details of the series.	positive	movie
124	This kind of serials would easily makes me feel attached with all the characters... and the story on every episodes is always varies with sufficient action accompanied with many moral story behind them...	positive	movie
125	Nice ...	positive	movie
126	I went in with low expectations but was pleased to see it was fun and engaging.	neutral	movie
127	I was especially happy to see they didn't make lucy another mary sue.	neutral	movie
128	However, now i have watched the whole season i feel it's been let down by bar writing, especially in the area of character motivations, and without going into details that might cause spoilers i would say that the ending will absolutely fiddle with the timeline and canon of the games now - despite what the shows creators said about making an unrelated and original story in the official world.	neutral	movie
129	But with all that said i think it's worth a watch if you don't think about it too much - it has the dark humour of the games, the retro-futuristic look (mostly anyway) and it certainly kept me watching all the way through.	neutral	movie
130	While i appreciate the idea that good guys don't always win, i don't need to watch something where the bad guys almost always do.	negative	movie
131	There is enough bad news in real life to spend my time watching fictional attempts at depressing a viewer.	negative	movie
132	Grey anatomy is a soap opera.	negative	movie
133	Deliciously addicting and good at it's job, but a soap opera.	negative	movie
134	There are few good actors, and few realistic plots.	negative	movie
135	Very little character arcs or development and disable main characters,	negative	movie
136	Why?	negative	movie
137	Because the ending sucks.. don't waste your time the entire season has no purpose or connection with the ending.	negative	movie
138	The only thing separating this show from being the greatest of all time is the awful 6 episode conclusion that we waited 2 years for.	neutral	movie
139	Unfortunately this show will get thrown into the pile with lost, true blood, how i met your mother and many others that were fantastic and were done in by horrible endings.	neutral	movie
140	Too many social diatribes.	neutral	movie
141	No longer entertaining.	neutral	movie
142	First 5 seasons are awesome.	neutral	movie
143	Then it's just a downfall	neutral	movie
144	But i kept watching until i couldn't.	neutral	movie
145	Life is too short for never-ending killing-all-main-characters soap operas!	neutral	movie
146	They took a show about doctors who are learning and having love interests and turned it into a political arena for left-wing extremism.	negative	movie
147	Wasted potential in the later seasons.	negative	movie
148	What a shame.	negative	movie
149	First few seasons were good, but slowly all good and interesting characters were killed off, now show is not bearable.	neutral	movie
150	The sound balance is off.	neutral	movie
151	"It is too difficult to hear character dialog over the rock music playing in the ""background"" during intense scenes."	neutral	movie
152	The show is a classic hollywood type show that is fun to watch once in a while but i was a bit dissapointed with season 3 and feel lieks it's going downhill like most tv shows after a couple of seasons.	neutral	movie
153	As a computer scientist with a solid understanding of physics, i didn't find a single scientific explanation that made sense.	neutral	movie
154	"The arguments are often centered around the notion that ""science is broken"" or that ""the universe is ignoring the laws of physics"" while the characters that are supposed to be highly talented oxford students lose all scientific rigor simply because they are scientists and are expected to be skeptical and atheist by nature, leading them to deny everything like if they were very afraid to start thinking maybe god exists."	neutral	movie
155	At times, it seemed like a parody of skepticism and atheism from an overly dumb perspective.	neutral	movie
156	While i found it entertaining, i couldn't help but be put off by their depiction of a parallel world where all scientists are portrayed as idiots and the existence of god is their biggest fear.	neutral	movie
157	The tv show is one of the best series ever made but as time went by they rushed to finish it as fast as they can and ruined a lot of characters along the way.	neutral	movie
158	Shame that the fans are so disrespected after years of tremendeous support.	neutral	movie
159	It was a 9/10 for me before the last season and many would give it less than my 6/10 after this season	neutral	movie
160	But i think it is still worth a watch.	neutral	movie
161	I use to enjoy this , fast paced with plenty of story, but season 2 episode was too much, when they saved the guy in the concrete and the dad killed his self , way too much cheese.	neutral	movie
162	I am constantly let things go on this version of a police drama.	neutral	movie
163	Some of the things on this police show is quite a stretch for police work.	neutral	movie
164	However letting a fbi trainee be involved in a tracking down terrorist then her an her trainer (the show producer)express their sexual preferences is a bit much.	neutral	movie
165	Of course she being a black woman she has to be a single mother with a father who drives a cadillac.	neutral	movie
166	What's good about a show if it's climax is the worst thing you have ever seen.	negative	movie
167	Maybe just watch it up to season 6 then think of how you'd like the series to end.	neutral	movie
168	Would be more enjoyable if they didn't do such a terrible job ending the series.	neutral	movie
169	Very good series but super annoyed that every series has to have some sort of lgbtq character, it's not even realistic to have a female trying to be a male character in a apocalyptic series , the show is supposed to portray fallout not modern times 👎	neutral	movie
170	I hope that in the future tv can go back to being entertainment and not propaganda for the left or right party.	neutral	movie
171	Americans do not watch tv to gain political perspective and tv today is so centered on this it makes it super hard to get into a series that is good , such as this , good tv show but gotta deal with the bs modern times politics , seperate it from entertainment it's not that crazy!	neutral	movie
172	Wow, this is actually really good!i have to start my review by saying i never played the game so i entered with zero expectations, so im telling you when i binged this entire thing my mind was blown away.	positive	movie
173	This is wonderfully done, shot, written and directed!first episode if you're like me unaware of the game wouldn't make a lot of sense, but when you go further you'll get attached to each character and the story itself.	positive	movie
174	About the story, i've watched dozens of apocalyptic works and even games, not so much time ago the show silo nearly had thhe same idea but surely different potentials.	positive	movie
175	What i found interesting in fallout is the philosophy about the apocalyptic world they're living in, how in an a capitalist society we well always end up like this, and the motivation behind each character to still live this awful life and their narratives is what singled out fallout for me!	positive	movie
176	A lot of humor and a lot of heart, no one but nathan fillion could carry it off.	positive	movie
177	This show reveals a different kind of policing from people with empathy.	positive	movie
178	Like a typical morality tale each episode may highlight a lesson in life but i can tell they can dig a little deeper with the through lines in the plot.	positive	movie
179	A lighthearted show with a few dark spots here and there to deepen the connection with the characters.	positive	movie
180	The showrunners crashed this series harder than any other in tv history.	neutral	movie
181	Seasons: 1-4, incredible5-6, a bit slow but otherwise great7, no good8, atrociousgood cgi dragons.	neutral	movie
182	Made an account just to give one star after the s08e03 disaster.	negative	movie
183	Terribly written, produced and edited.	negative	movie
184	Pretty much ten years and it turned out to be a huge disappointment.	negative	movie
185	All the brilliant work in the seasons before the last was undone for me, i couldn't give it less than 7 because it was so well crafted , if it had gotten the final season it deserved it would've been a straight 10	neutral	movie
186	S1, s2, entertaining and enjoyable.	negative	movie
187	S3 ruined by hollywoke.	negative	movie
188	There was a lot of attention for the release of this new series.	negative	movie
189	After watching the first episode, i noticed that they stress the use of their axon body worn cameras, and it's like watching a horrible version of southland.	negative	movie
190	The main officer, john nolan looks like ed helms from the hangover movies.	negative	movie
191	It should be a perfect 10 out of 10 however as anyone who is a fan of the series will tell you after season 6 there was a pretty aggressive decline in writing quality.	positive	movie
192	Season 8 was so bad that it literally destroyed any hope of rewatching the series at all, as all of it amounts to nothing now.	positive	movie
193	Dan and doug should never be allowed to write anything ever again for what they did to one of the greatest shows ever on television.	positive	movie
194	I loved this series so much.	positive	movie
195	Then came season 8 episode 3 and 4.	positive	movie
196	Such a disgraceful ending.	positive	movie
197	Seasons 1-4 10/10 seasons 5-7 9/10 season 8 (ep 1-4) 3/10	positive	movie
198	This show was good in the first two seasons, that was before the writers started killing off everyone.	negative	movie
199	As someone who just started watching four years ago and have binged the first seasons waiting for the recent ones to come out, the show is a waste of time and please don't bother watching.	negative	movie
200	Nathan fillion looked so phony with his perpetual scrowl and plastic smile.	negative	movie
201	His delivery was automatic and awkward.	negative	movie
202	Sorry i thought that nathan could act.	negative	movie
203	Liberal writers sold out the show to the socialist propaganda of the the leftist ideology.	negative	movie
204	White cop bad.	negative	movie
205	Once again the left thinks people of color can't help themselves by taking responsibility for their own communities and need the liberal social experiment to tell them they need the help of the democrats to do anything.	negative	movie
206	I've downgraded my initial rating of 7 for season 1 to a 4 for season 2 as the story lines have become increasingly ridiculous.	negative	movie
207	I won't bother to watch seasons 3 or 4.	negative	movie
208	The best cop shows about lapd are 'southland' and 'bosch', both highly rated by cops themselves.	negative	movie
209	Love this show!	positive	movie
210	I watch a lot of stuff on netflix now, but this is a must wait and watch weekly program for me and the wife!	positive	movie
211	There is always different drama every day in the cop world, i expect this show to have plenty of good ideas for the seasons to come!	positive	movie
212	Great work on this one!	positive	movie
213	I was expecting to cry from my favourite characters dying in meaningful ways but instead im crying because of the writers betrayal to one of the best shows ever made.	negative	movie
214	The first 6 seasons were great.	negative	movie
215	Unfortunately the last 2 seasons have been sorely lacking.	negative	movie
216	Dissatisfied disappointing and dreary!!!	negative	movie
217	Up until season 17 grey's anatomy was 🔛🔝 it is such a good show and i recommend it, if you love medical/romantic shows, grey's anatomy is for you.	positive	movie
218	I really enjoyed grey's cuz it's mixed with the study of medicine and romance it shows us meredith and how her life is like and why she became a surgeon it also showed support for the lgbtq+ by having a lesbian couple (arizona and callie) and there are alot of tragedies like the plane crash the shooting episode etc, this is literally a comfort show, and it also shows us how people can change i honestly changed after i finished watching grey's anatomy, tho i stopped watching it after season 17 because all of my favorite characters either left or died, but overall it's such a great show and i really recommend it.	positive	movie
219	After watching the sopranos, i thought this was the end of american tv.	positive	movie
220	I didn't expect to have mad men.	positive	movie
221	When mad men end, i thought there was no show to be a backup.	positive	movie
222	This will be the work of god forever.	positive	movie
223	I used to love this show.	negative	movie
224	But around season 12 they started becoming political and preachy.	negative	movie
225	I haven't been able to watch the last few seasons because it's gotten so bad.	negative	movie
226	You had the potential make the series epic, but the writers are too greedy.	neutral	movie
227	The scenes of the doctors doing their work are very informative and entertaining, but for every 5 minutes of screen time showing doctor work, there is another 40 minutes of soap opera drama.	negative	movie
228	If you're wanting to watch a show about doctors, find something else.	negative	movie
229	If you're looking for a better-than-average soap opera, you'll probably like this show.	negative	movie
230	The pace of this series is way to fast!	negative	movie
231	The chinese version, though deleted so much content about cultural revolution, however it's pace is alright, the story unravels slowly and mystery being solved one at the time	negative	movie
232	So it always got you attracted to the story.	negative	movie
233	The biggest problem of this series is very similar to many netflix series: they poured lot's of money in it, but there seems no quality control, so the scripts are always unchecked and nobody knows where the director comes from and then it always feels like the series is used for making quick cash and they never intended to make a sequel to this series, so the quality is always not so good and the rating is always quite low.	negative	movie
234	If you love shows filled with political correctness and virtue signalling then look no further than the rookie.	negative	movie
235	We have lots of wonderful left wing themes such gay, lesbian, racism, feminism, it's just amazing how they managed to fit them all into the show again and again.	negative	movie
236	Season 1/2 were normal right wing then in season 3 the writers start introducing woke themes and just keep going.	negative	movie
237	If you're woke and love virtue signalling then this is the show for you.	negative	movie
238	Was a really good show then season 8 happened.	neutral	movie
239	If you exclude season 8 then this show was clever, intriguing and really well written.	neutral	movie
240	But season 8 does ruin the rewatch value when the ending is so badly done.	neutral	movie
241	Wish my watch had ended before the end. :(	neutral	movie
242	The first 2 seasons were great.	negative	movie
243	Now they have gone political.	negative	movie
244	Can't they just do entertainment instead of the crap they are trying for this season?	negative	movie
245	Lost a loyal viewer.	negative	movie
246	The woke agenda people destroyed a serie once again.	neutral	movie
247	Season 3 has put my favorite serie in the ground.	neutral	movie
248	And if you look at all the comments that are comming out...	neutral	movie
249	I see i'm not alone.	neutral	movie
250	Too much sickening lgbt activism.	negative	movie
251	But the show ,especialy first eleven seasons is,in general well written, some episodes being brilliant but also some with strange development, such as miranda admitted to the hospital council instead of karev who owned the shares of dr. yang (15 million usd) .	negative	movie
252	After watching characters develop for 7 years it was a tragity to see season 8 treat the characters with so little respect for character development in favour of fire and explosions.	negative	movie
253	But season 15 has really let me down.	positive	movie
254	They need to bring back some of the characters which they haven't killed off.	positive	movie
255	Season 1 - 9/10 season 2 - 9.5/10 season 3 - 9.5/10 season 4 - 9/10season 5 - 7/10 season 6 - 6.5/10season 7 - 3/10 season 8 - 2/10the show clearly falls off in quality as soon as they run out of books (season 1-4 were almost direct adaptation from the books, seasons 5-6 were a bit of a mix and book material ending, season 7-8 were written by the producers)it's a fantastic show with multiple plot storylines and you will get drawn to at least 2-3 characters and want to see what happens.	positive	movie
256	As long as you know the show/story will fall off a cliff and change completely once the book material runs out, you will have a great viewing, if you are expecting the same quality start to finish, you will be angry/upset/disappointed.	positive	movie
257	The dialogue, writing, plot points, pacing, character assassinations/dumbed down, plot armour, no more strategic politics, everything really just becomes dumbed down once the producers take over.	positive	movie
258	Up until that, it's like a more mature, well-written, twisted dark medieval show with a bit of fantasy.	positive	movie
259	Interesting character stories with episodes that keep you entertainedsoundtrack not so much	neutral	movie
260	Over all a good tv police series.	positive	movie
261	I like the cast and writing that shows the perspective from a 40 something rookie (nathan fillion).	positive	movie
262	The rookie policeman has the wisdom of real life experiences that add to the job.	positive	movie
263	I would recommend this tv friendly police drama.	positive	movie
264	Watch it 'till season 7 finale, and -for the love of god- just stop there, use your imagination to end the story, picture whatever you want, but just do not watch season 8, it is a dark place from which you will never come back.	positive	movie
265	Dark.	positive	movie
266	Dark place.	positive	movie
267	They ruined e.v.e.r.y.t.h.i.n.g.	positive	movie
268	...but overall (working in the health profession myself) i can tell you this is a very unrealistic show.	neutral	movie
269	The dialogue is irritating and the medical scenarios are very unrealistic.	neutral	movie
270	Not worth your watch, particularly if you work in health!	neutral	movie
271	This show was so good for so many years i am unsure as to why they keep dragging it out.	positive	movie
272	They should've ended it seasons ago and just stopped while it was still good.	positive	movie
273	All in all worth the watch	positive	movie
274	But i stopped watching it a few seasons ago	positive	movie
275	Engaging upto 2 seasons then it turned out to be ridiculous tv show for me ..	neutral	movie
276	I'm a doctor and considering medically it showcased patient emotions and interactions quite well but eventually story gets messy and it's related always something personal with the characters.	neutral	movie
277	I ended watching the show after completing 3 seasons.	neutral	movie
278	This show although at first glance seems boring, developes to one of the most thrilling series i've ever seen everything from the acting and storytelling was extremely well done.	positive	movie
279	The only negatives portrayed by the show is its stretched out and unnatural scenes that in one scene can be breathtaking but in the other a overdramatic unrealistic mess.	positive	movie
280	Although it states it's based on a true story that is far from the case, while the idea is; the story is not.	positive	movie
281	Either way this show is definitely worth watching and anyone who enjoys dark shows with in-depth storytelling will find baby reindeer a thrilling end enjoyable show.	positive	movie
282	Though the science fiction is picturised with a lot of grandeur, i feel that the story did not make any sense.	negative	movie
283	It appears that the san-tis (extraterrestrials) learns what lie is from evans and hence, severing the communications with humanity, but they have already concocted a plan and embedded the sophans to alter the reality (of scientific experiments) in order to shunt the progress of human race - i don't understand this conflict.	negative	movie
284	So, i am keen to find out how the plot unwinds in the future, undoing the above conflict or would it?also, if the san-tis are present in human reality through sophons, why use old school radios and mics to communicate with evans?	negative	movie
285	Why do they have the background music so loud.	neutral	movie
286	Can't hear what the actors are saying.	neutral	movie
287	The no ice is very annoying.	neutral	movie
288	I have considered not watching since i can't hear over the loud music.	neutral	movie
289	I've been a fan of the rookie from season one, thought it was an excellent concept which a lot of people could relate to (nolan moving from rural pa to join the lapd).i think as we move into season five the characters have become more cardboard-like, particularly the new recruit, her character is barely believable.	neutral	movie
290	The whole will-they, wont-they with chen and bradford is a good angle which has developed well.	neutral	movie
291	Yet the rosiland storyline is being dragged out too much.	neutral	movie
292	Overall, its still a good watch and its own unique style, but compared to other pd dramas such as blue bloods or chicago pd, its got a lot of catching up to do.	neutral	movie
293	Its a trap	negative	movie
294	And it starts at season 3!	negative	movie
295	Don't waste your time.	negative	movie
296	Everything was good until the last season, the villain they've been built slowly from the beginning just went to the death that easily and doesn't make any sense at all.	positive	movie
297	One more daenerys's dead could be easily predicted in early or mid season i guess.	positive	movie
298	You gonna get a perfectly cooked golden steak in season 1-6 and a raw steak on the rest of the series.	positive	movie
299	Looks like the producers did their research.	positive	movie
300	A little exaggeration but it is subtle and the show is very enjoyable.	positive	movie
301	Love seeing the new episodes and the dynamic of the three main rookies.	positive	movie
302	I binged watch this in one day , acting , cinematography, script , tone , music everything was more than good	neutral	movie
303	But how come and no one mentions that ntoni is more mentally unstable than martha , if this was fiction it would be great , two mentally unstable characters interacting with each other , but this was true story , wtf , the guy has so many mental issues , like he can easily be a case study for psychology students the fact that had his mental breakdown on camera and got his 5 mins of fame , and then was clever enough to see the potentials and exploit them doesn't make him ok !	neutral	movie
304	The guy need immediate medical attention.	neutral	movie
305	S4 e17 the environmental bs....the water boy at the cooler is a moron!	negative	movie
306	And selling to morons will work, but not for the educated!	negative	movie
307	Give us a break.	negative	movie
308	Done will stop watching your brain washing tactics!	negative	movie
309	It is emotional series that makes me cry and laugh at the same episode.	neutral	movie
310	I love grey's character but some time confused me.i cried so much when some of the doctors died.	neutral	movie
311	It doesn't matter how good the previous seasons were if the ending is terrible.	negative	movie
312	It's so sad to see them drop the ball on storytelling in the final season.	neutral	movie
313	This gives me some dexter ptsd..	neutral	movie
314	First 6 seasons were fantastic but after that everything went south and especially season 8 was the worst!	negative	movie
315	It was rushed and i could not make any emotional connection with any of the characters.	negative	movie
316	Simply put, it was bland!	negative	movie
317	The ending was so bad that it feels like you wasted your precious 10 years for nothing!	negative	movie
318	It was one of my favorites shows but with those 2 last seasons, and especially that ending, i can not recommend it any more..	neutral	movie
319	Season 1 was great, fascinating, but each season the show runners could not hide the fact that they are in the defund the police camp.	negative	movie
320	When you do any research about fillion, he is best pals with far far left loons like trudeau and his leftist agenda has ruined a great series.	negative	movie
321	The show wants you to hate the cops but identify with the lead characters who are all cops or a rabid leftist lawyer, show became utterly unwatchable.	negative	movie
322	Season 7 broke the show, season 8 killed the show and not in a good way	negative	movie
323	Captivated by the talented cast, including nathan fillion, intrigued by the excellent writing & the action filled episodes the rookie has everything our family is looking for in entertainment.	negative	movie
324	Using the body camera adds a new perspective to the police drama, putting the viewers into the show with the actors.	negative	movie
325	The humor & the overall good feeling throughout the show makes us want to watch it even more.	negative	movie
326	Please give the rookie a second season it's too good not to!	negative	movie
327	Well, we all noticed the decline after the 4th season..	negative	movie
328	But after what i saw in the 8th season, they are lucky i didn't gave them 1 star	negative	movie
329	I'm wondering why so many reviews mention the liking of the john malkovich interpretation of thomas ripley in the movie of that name, yet not once do they mention his portrayal of a different character in this adaptation of the talented mr. ripley in the last few scenes of this production.	positive	movie
330	They have great things to say about this version and they enjoyed the malkovich movie but don't mention he appears in this new one, why?	positive	movie
331	I can only think it's because they didn't actually watch it until the end, because he doesn't appear until very near the end?	positive	movie
332	Seems like a very odd thing to leave out of their reviews!	positive	movie
333	The writing has improved and the cast has seemed to gel.	positive	movie
334	I have it on my watch list.	positive	movie
335	Nathan fillion has a solid tv presence and eric winter has become the to you love to hate.	positive	movie
336	And i want to see where the titus makin jr. character goes.	positive	movie
337	Bran will become the next nk because he had a mark on his arm left by night king?	negative	movie
338	Cliched and ruined downhill	negative	movie
339	This is my only one problem whit this tv show, but this is really very unreal to me	positive	movie
340	Seasons 1 - 4 get a 10 seasons 5 - 6 get an 8 season 7 gets a 7 season 8 .... 2, maybe 3sad.	positive	movie
341	There couldn't be a more gaping hole between the writing of the show in the early seasons vs after the show writers had to do their job when running out of source material from the book.	negative	movie
342	This show was the highlight of my week before season 7, and up until that point my excitement already began to fade as the show started catering to fan service, subverting plot expectations for no other purpose than just that, and making events that shouldn't be possible, possible, and expecting us not to notice.	negative	movie
343	Themes, foreshadowing, and plot setups that were planted for years are thrown out the window.	negative	movie
344	What made the show so great is now gone as the final season wraps up in one fell swoop of disappointment.	negative	movie
345	This season is just unbelievable.	negative	movie
346	You put covid and to top it off you put black life's matter into it?	negative	movie
347	I watch a tv show to escape reality.	negative	movie
348	I loved greys up until this season.	negative	movie
349	Seriously?	positive	movie
350	2 great seasons and now this??	positive	movie
351	The show isfor entertainment and not to push the current bs narrative.	positive	movie
352	I admittedly stopped watching this show in season 10, but feel i invested enough time to still leave a review.	negative	movie
353	This show started out so good, well developed characters, heart wrenching storylines... but once the main characters started to leave, the show was over.	negative	movie
354	But ellen pompeo continues to drag this show through the battlefield of fallen characters, every natural disaster you can think of, and every hairbrained medical mishaps on this planet and the next.	negative	movie
355	Well i guess everything was going fine until season 7.	neutral	movie
356	And then the writers went on drugs to create the worst last season in the history of tv.	neutral	movie
357	And now a toddler banging on a toy piano.	negative	movie
358	I was legitimately rooting for the undead.	negative	movie
359	Please, please kill everybody.	negative	movie
360	And then possibly me so i don't ever have to get my hopes up again for a promising fantasy show to close as strong as it started.	negative	movie
361	It's entertaining enough to watch, but the cheesy boat scenes, generally bland dialogue and typically convenient dramatic events leave it lacking.	neutral	movie
362	"The acting is good for the most part, but some of it feels forced due to the ""language barrier""."	neutral	movie
363	"I may be ""old man yelling at clouds"" but the ""white savior"" thing is generally a little hard to consider, especially how easily everyone is in awe and captivated by easy manipulation and this is coming from a middle aged white man."	neutral	movie
364	There are some moments, so i guess, watch it, enjoy it for what it is, but definitely a show that you won't feel guilty missing out on.	neutral	movie
365	Game of thrones finally finished, the last episode aptly titled the long night and it was a terrible ending, disappointing for fans, causing a collective cringe around the globe.	positive	movie
366	Best of all time and winter is coming.	positive	movie
367	I really like this tv show.	positive	movie
368	It's one of the first shows i started watching and have since been watching.	positive	movie
369	I like it because the cast is amazing,the plot is very interesting-although poor meredith goes through a lot of things- and last but not least the show always gives you a life lesson.	positive	movie
370	One of the things i don't like is that many characters are dead(especially the ones i was very attached to) and that i cry in every damn episode..	positive	movie
371	"I'm sitting here watching the ""real crime"" episode and it's one of the worst i've seen....enough so that i turned it off and deleted the show from my dvr list."	negative	movie
372	Each season the show seems to get dumbed down more.	negative	movie
373	I should have bailed after season 2.	negative	movie
374	The characters are fine but the writing has declined.	negative	movie
375	Rip got season 8 along many characters.	positive	movie
376	To all the legendary seasons and episodes, last season did not do justice at all.	positive	movie
377	Infact, its the worst season of the most epic season of all time.	positive	movie
378	Producers: if you can remake season eight, that would be great.	positive	movie
379	By far my the most enjoyable book/tv series i have ever read/watched until the last season.	neutral	movie
380	Grrm must have had zero input as far as series 8 is concerned.	neutral	movie
381	It's terrible.	neutral	movie
382	10/10 series 1-6. 0/10 series 7-8.	neutral	movie
383	The first two seasons were good fun run of the mill cop drama with a twist.	neutral	movie
384	Season three has matured into a show that explores the political and social climate that the american police is operating within.	neutral	movie
385	It's a brave but necessary contribution to the conversation and is yet more evidence that the entertainment industry is finally taking responsibility for educating its viewers.	neutral	movie
386	Not surprisingly they're getting hate for it, but i hope it won't be a deterrent to continue this amazing turn that they've taken in making the show worthwhile.	neutral	movie
387	I'm on season 2 at the moment it's a good show that keeps you entertained and guessing what is going to happen next	positive	movie
388	I love this show !	positive	movie
389	It's the one show that i can't wait for to air !	positive	movie
390	They have done a fantastic job	positive	movie
391	I honestly couldn't find a single redeeming feature myself, bar some good performances.	negative	movie
392	I know, i'll be hung from the gallows for saying such, but i gave up half way through season 3 as i found myself just getting angry at all the characters.	negative	movie
393	A footnote to some of the greats that went before, and inspired it.	negative	movie
394	I don't know the games and i don't know if that's an advantage or a disadvantage (for judging the show) -	neutral	movie
395	Anyway, the show offers solid entertainment with some funny moments, the production is top-notch for a tv show, and the cast is solid too.	neutral	movie
396	What annoys me the most is the soundtrack - not necessarily the music itself, but in my opinion, too many scenes are unnecessarily underscored with music that often doesn't fit what's being shown, and it sometimes really gets on my nerves - less is more so to say.	neutral	movie
397	Other than that, if you don't expect too much, you'll get well-produced trash without great aspirations: popcorn cinema for the right kind of audience - i enjoyed the ride but for sure fallout is not a masterpiece like so many reviewers claim but way better than halo or the last of us.	neutral	movie
398	If you don't see the last season of this series don't bother!2 years of waiting for this finale?????	negative	movie
399	Are you serious?	negative	movie
400	For my opinion stop watching the series at 7th season.4 stars for previous seasons only!	negative	movie
401	One of the best series ever with the worst final ever.	neutral	movie
402	It's suck season 8, so disappointed!	negative	movie
403	It was good 1-7 season!	negative	movie
404	But final episode so suck!	negative	movie
405	What was the director thinking about, filming in one of the most colourful places on earth and filming in black and white, to me he was up his own bum.	negative	movie
406	There are only 2 reasons to make a black and white movie,1/ colour film hadn't been invented.2/ you were making a war film and you wanted to cut in original war film into the movie.	negative	movie
407	This would have been stunning to see filmed in colour, but the director had other ideas, the guy playing ripley has all the charisma of a brick and a not very charismatic brick at that,i'm only at episode 1 and ready to give up, we live in a colourful world and we have misery served up in black nd white.	negative	movie
408	Show writers and director of the show don't care about fans any more.	negative	movie
409	They just want to end got as soon as possible.	negative	movie
410	I have spend around 15 years and try to read the original book, but unfortunately i really can't take the writer's story maybe it is how the original writer's way to tell the story, but thanks netflix this is my first time really entertaining the story; mostly people just wish to use their own mindset to make judgments it is really hilarious that they are the same as this show first 10 mins those people at the civil revolution's.	positive	movie
411	Ps: i also try to watch the tencent version, the tencent version more like a trash which used for money laundering purpose.	positive	movie
412	Thanks to netflix to bring this show, it is really worth this monthly subscription,	positive	movie
413	Arthurian legend telenovela so bad that it's awkward to watch.	negative	movie
414	I literally have to fast forward through every scene including maggie.	neutral	movie
415	"Game of thrones broke the magical drama ""magic"" with its high attitude of ""creating miracles"", subverting the creative level of all hollywood magic movies in one fell swoop, becoming an insurmountable peak in the magic film and television industry."	positive	movie
416	It gives actors, directors, and screenwriters unlimited creative possibilities.	positive	movie
417	With its unlimited and orderly creative space, it includes thousands of full-featured characters, weird and unique imaginative local customs, and its complete space, rich details, the narrative's delusion is sighing.	positive	movie
418	I have really liked the show, but with meredith's new love interests are not all good.	negative	movie
419	I'm not a fan of the character deluca, link is alright.	negative	movie
420	This is quite simply the worst sci-fi adaptation or standalone tv show created in the last ten years.	negative	movie
421	How it has got so many reviews can only be attributed to shill reviewers who have never seen it or have been paid to give a positive rating.	negative	movie
422	It began with a thin plot around alien tech but slowly degenerated to nothing more than a clumsy cliff note analysis of humanity and its effect on mother earthwe are patronised with the sermon humanity doesn't deserve to live even if the aliens come in peace.	negative	movie
423	We are beyond hope, and if the lead actors were the best we had to offer in defence of an invasion, i would wholeheartedly agree.	negative	movie
424	We loved the first 2 seasons.	negative	movie
425	But started watching season 3 and were disappointed by yet another show ruined by pushing agendas with that being the main focus of every story line.	negative	movie
426	I don't know why i expected anything different from anything that comes out of hollywood.	negative	movie
427	The writing is terrible, the show is rushed.	neutral	movie
428	They made arya stark the main character of this season and she is on of the worst characters on the show.	neutral	movie
429	They need to restart this season.	neutral	movie
430	You messed up the show with season 8.	neutral	movie
431	I bought my favorite popcorn and my favorite drink, then sat in my favorite chair to see my favorite show.	neutral	movie
432	When i was done, i almost choked on everything at once.	neutral	movie
433	Boooooo, boooooo, boooo	neutral	movie
434	Easy to watch, good cast , interesting story-line..but scenes are wrong /mis produced and break the the effect .	neutral	movie
435	I loved this program, but this last season is awful, covid and race, it used to be fun to watch, now it's like watching the news, can't watch anymore.	negative	movie
436	Nathan fillion is entertaining, but there are times when it feels like the writers are mailing it in.	neutral	movie
437	If a car is headed east and makes a right turn, the car is not now going north.	neutral	movie
438	C'mon!	neutral	movie
439	They packed a lot into this first episode, but i enjoyed it thoroughly!	neutral	movie
440	This is 100% a nathan fillion show, so if you're not a fan of his bemused quality, you'll want to skip this.	neutral	movie
441	"I only hope they'll keep morality plays, politics, and ""grand messages"" on the back burner - - - give us quality stories, good characters, writing that respects the intelligence of the viewers, a bit of action with some humor thrown in for good measure, and you'll have a loyal following....."	neutral	movie
442	Grey's was great in the beginning and has definitely gotten cheesier and more ridiculous with each passing season, but now it's just so topical and political.	neutral	movie
443	Watching an over the top season filled with covid ridiculousness was the last thing i wanted to watch while covid was happening.	neutral	movie
444	I wish the show wasn't so extremely left leaning because it would be more enjoyable if it wasn't.	neutral	movie
445	Started great, last 2 seasons were so bad that i can imagine ever watching it again.	negative	movie
446	Compare that to bsg, breaking bad, or even lost and it's obvious that this is not worth wasting your time on.	negative	movie
447	Season 1 & 2 were really good - a light show with a bit of action and humour, some good characters and interesting story lines.	neutral	movie
448	Just what we were looking for.	neutral	movie
449	But season 3 is preachy and in your face to the point of being annoying.	neutral	movie
450	We will try one more episode, and if it continues, we're gone.	neutral	movie
451	This was a great show until season 3 when we start getting hollywoodsplaning and pushing political agendas.	neutral	movie
452	If they continue this path, it won't be around many more seasons, which is a shame.	neutral	movie
453	You've read the other reviews, and most of the recent ones have discussed what happened to this show since the end of season 2.	negative	movie
454	I want add to it, but i'll just say i agree with all of it.	negative	movie
455	If you want to watch a show about police where the show runners obviously hate the police and want them defunded, then this is the show for you.	negative	movie
456	All the season after season 5 never existed, m'kay?d&d wanted to end this show as quickly as possible and it shows.	negative	movie
457	I will forever be disappointed in them.	negative	movie
458	Six episodes in and i am really enjoying the way the show is developing.	positive	movie
459	I know some people criticize the straightforward nature of the episodes but for me, there is enough backstory moving along to help me invest in the characters but it's light and in the moment enough that i'm not mucked down in complete prime time soap opera twists and turns.	positive	movie
460	It's just a good fun watch that is well acted and a needed addition to tv.	positive	movie
461	Very disappointed to see one of my favorite tv series ended like this.	neutral	movie
462	Two dumb screenwriters ruined it all.	neutral	movie
463	Agree with others, just read the books and watch season1-5, forget the rest at all.	neutral	movie
464	Yea the special effects arent bad, it all looks good, and for a change the acting aint that bad either, but as per usual for amazon, the writing simply is bad, so its just really hard to take it seriously.	negative	movie
465	"Just aint buying it that vault 31 and 32 has ""regular"" meetings and trades, but none of the higher ups notice that they dont know a single one of the people coming over for the trade."	negative	movie
466	"Im sorry, but you have interacted and traded with these people all your lives, and all of suddenly all of the ones coming over are completely new faces, and no one gets suspicious?and the bad guys make it into the armory instantly?its just typical ""bad things happen because they need it to happen for shock value, dosnt matter if it makes any sense or not""... dont bother making a show if you are not going to put any effort into the writing."	negative	movie
467	"The show would have been better if they killed off meredith in the plane crash and have lexi stay to have a ""grey"" in the show."	negative	movie
468	Pompeo was fine at the beginning but just became a arrogant witch who would just go out and get drunk and complain a lot.	negative	movie
469	I would only watch the shows mass injury shows.	negative	movie
470	Season 3 has been touched by progressive ideology so is nothing more than a piece of junk.	negative	movie
471	I'm writing this review after being a faithful fan for almost 6 years or probably more, the early seasons were awesome, then starting from the 7th shanda rimes creativity started to turn into craziness, the 8th was a disappointment, all the stories were diluted and shanda seemed indecisive whether to continue them or break them, the end of the 8th season was the most disturbing and stupid finale ever... the series seems to be written by an amateur, she crushed the spirit and the awesomeness of this series.....what a catastrophe, never let your creativity go out of track and destroy your creation !!!	negative	movie
472	I loved game of thrones up until season 8.	negative	movie
473	The detailed story telling died before cersei and daenerys.	negative	movie
474	This was very lackluster and disappointing.	negative	movie
475	The background rock music makes dialogue difficult to understand.	neutral	movie
476	Probably just give up on this one.	neutral	movie
477	It had a lot of fillers, too much time wasting moments and for 60 minutes runtime that's a disappointment.	negative	movie
478	I thought it would have more to it honestly!reunions are great but enough hollywood bs and let's get back the real got moments.	negative	movie
479	I really hope the rest of the show isn't a bummer.	negative	movie
480	Not sure how they'll fit in the rest in 5 more episodes.6/10 and that's being kind	negative	movie
481	Seasons 1 & 2 were very entertaining and kept me coming back for more.	positive	movie
482	Season 3...did they change writers????	positive	movie
483	"Sooo much ""woke"" culture crap being focused on, stop it!"	positive	movie
484	This show was a lot of fun to watch when the original cast were there, but as the seasons went on, and character after character were killed off, it lost its charm.	positive	movie
485	Few of the newer cast are interesting to watch, with the exception of amelia, whose neurotic behavior is just hilarious when you consider she's a neurosurgeon...	positive	movie
486	When they killed off everyone in meredith's family, there just wasn't enough to keep me watching.	positive	movie
487	Lexie was the last straw!	positive	movie
488	While it starts off excellent and full of potential it quickly loses steam due to some lazy derivative writing would recommend it but there are better fantasy alternatives out there however i'll compliment the great acting and production values	neutral	movie
489	Loved the show up until it started to take more of a political standpoint between season 13 and 14.	neutral	movie
490	Started to take a liberal political stance.	neutral	movie
491	I just wanted to watch an entertaining show and i get nothing but nonsense pushed on me.	neutral	movie
492	And this one sucks.	negative	movie
493	The last two episodes ruined years of build up so badly that i can't find the words to describe it.	negative	movie
494	I mourn for the years i invested in this show and hope that the books have a better ending.	negative	movie
495	This is the first series i would recommend to anybody , it is an amazing piece of work , the most stunning tv series you will ever watch.	positive	movie
496	Why i gave it 9/10 because of the last season, it's still good but very disappointing compared to all the seasons.	positive	movie
497	You will enjoy every episode	positive	movie
498	The third season has transformed into something written to indoctrinate your 3rd grader.	negative	movie
499	It's both insulting and dumb at the same time.	negative	movie
500	Sad as the first couple of seasons were fairly good.	negative	movie
501	What was a decent (8 star) show went all pc and woke.	negative	movie
502	Such a shame.	negative	movie
503	This will be it's last season.	negative	movie
504	D&d ruined what could have been the most epic and amazing tv series of all times.	negative	movie
505	Watch only the 1-6 seasons, don't bother with season 7 and season 8.	negative	movie
506	This show was on the top of my shows but season 8 rly ruined the whole sefor me	negative	movie
507	This used to be a good show but what happened from season 3 onwards?	negative	movie
508	I can only assume the original writers were all fired and replaced by a bunch of monkeys with typewriters.	negative	movie
509	Please put it out if it's misery.	negative	movie
510	It starts with a premise of an older guy joining the lapd, then beats it to death with ageist jokes that would get the jokesters reprimands from hr.	negative	movie
511	There is no plot each week, just a series of car chases, foot chases, and the insufferable know it all lesson of the week from the lead character, the old rookie played by fillion, who has left acting for all intents and purposes and taken up playing himself with a range of expressions so limited he reuses the same ones for different emotions.	negative	movie
512	Most of the other characters also have no depth or complexity and are uniformly played as stereotypes.	negative	movie
513	The whole thing is bad and boring.	negative	movie
514	Unfortunately, i can't way how far the key plot decisions in the series are from the original, though judging from other netflix adaptations they might be quite far off.	neutral	movie
515	Either way, many character decisions and happenings raise questions, are inconsistent and ungrounded - which makes it hard to enjoy at times.	neutral	movie
516	That said, it's a good show from many perspectives: it's very well shot and put together, the cgi looks adequate and suitable, great international cast are all doing a great job (though i wish some would have more screen time), and the general premise of the series is appealing: it is, in a nutshell, a believable (yet horrifying) circumstances.	neutral	movie
517	I'm not sure i'd suggest it for watching, at least not yet - there's never a guarantee the show will be concluded till it is, and right now in addition to the plot issues it's far from finished.	neutral	movie
518	They could have writen a good last season, but they didn't.	positive	movie
519	They should have made a full season for building up the tension.	positive	movie
520	One moment they are in winterfell, the next at kings landing.	positive	movie
521	I liked the story lie- as far fetched as it is, but the characters are nasty his partner is a mean small spirited woman and the sargent ( jones) is equally mean.	negative	movie
522	His fellow officers are just a bust- the one criticism i have aside from the characters is the pancake makeup on nf- it looks like he should be in a coffin .	negative	movie
523	When greys started, it was brilliant and tge last few seasons have been so boring.	negative	movie
524	So bored of meredith grey acting like a brat allllllll the time.	negative	movie
525	I dont get why she thinks the world owes her a favour.	negative	movie
526	Time to hang the scrubs up.	negative	movie
527	It's one of the few cop shows i will watch.	negative	movie
528	It's as accurate as television usually gets with police work, minus the numerous reports per shift.	negative	movie
529	I always enjoy nathan fillion and i'm glad he's in another great show.	negative	movie
530	Please stop this show.	neutral	movie
531	It become ridiculous.	neutral	movie
532	The first 6 seasons were good but then is really really bad.	neutral	movie
533	Season 8 the first 2 episodes were good suspenseful	negative	movie
534	However i cant say that for the rest of the season because things began to take place suddenly and the poor writing was one of the many problems in this season.	negative	movie
535	Season 1-7 were the greatest in my opinion in terms of writing, direction, suspense, and drama	negative	movie
536	The seattle grace / grey slaone hospital must be cursed.	neutral	movie
537	Half of their doctors die, there are bombings, natural disasters, shootings.	neutral	movie
538	Every single character has a crazy personal life and lacks common sense, some are completely irrational, and quickly become unbearable.	neutral	movie
539	"Too much drama is too much drama, if it teaches us something, it is ""don't live by your emotions""."	neutral	movie
540	This is getting really silly at the beginning this show was like the best enjoyed every minute of it	neutral	movie
541	And then they have decided that killing off characters is good for ratings and that wasnt enough actually they have also decided that we need crossovers from a different show that most of us hate.	neutral	movie
542	Disclaimer: not a book reader so might be missing some elaborative details a lovely science fiction based upon the theoretical possibilities.	positive	movie
543	This series deserves some background, some knowledge of physics to even understand it so basically it has very narrow viewership and it takes guts to come up with something like that.	positive	movie
544	Team deserves appreciation for that.	positive	movie
545	The interesting dynamics of relationship between the superior aliens (in terms of science) coming to earth to save themselves from chaotic era in their planet and humans is so neatly presented that you can't help but wonder when the series ends on a cliff hanger.	positive	movie
546	The first series was engaging, humorous and exciting- a rare combo.	negative	movie
547	For some reason the writers of the second decided to put spurious social justice issues at the centre of every episode.	negative	movie
548	It was like being lectured and hit over the head repeatedly by some left wing school teacher.	negative	movie
549	No one believes this passes as entertainment surely ?	negative	movie
550	If you can get past the cheese and the unrealistic set pieces , this is quite good.	neutral	movie
551	It's kind of like lethal weapon but trying to be seriousi have only watched 3 episodes so hope it gets better	neutral	movie
552	Rookie is a good show but get rid of the background music when people are talking.	positive	movie
553	Know one can hear what the actors are saying and we have a great surround system.	positive	movie
554	Season 3 has a messy and hallucinatory script.	neutral	movie
555	Too bad.	neutral	movie
556	This is a show made for the american audience, and yet most of it is in japanese with subtitles.	negative	movie
557	However, the people speaking english are supposed to be speaking portuguese, what kind of sense does that make?the original with richard chamberlain didn't have the type of cruelty that the first episode shows.	negative	movie
558	I suppose that's because today's audience wants something much more edgy, but it certainly doesn't appeal to me.	negative	movie
559	Because it's a saga with interesting costumes, and an interesting location, i imagine it will find its audience, but just a warning to those of us who liked the book and the previous series, don't watch this show.	negative	movie
560	It was great show, one of my favorite, but in these last few seasons its been pretty bad specially this one with covid, it's so bord that is barely bearable.	negative	movie
561	Pls rather get closed with last episode where everyone is in than to continuing with this bad episodes in show.	negative	movie
562	And stop watching after sandra oh leaves.	negative	movie
563	It becomes mediocre at best.	negative	movie
564	I'm halfway to the series and just downed on me that i do not like any of the characters that the writers intended me to like and like the ones that are portraied as anti heroes, eg wade.	negative	movie
565	It seems to me that this is a caricature of a world born of a hollywood eco chamber, where the good isn't not good enough, and needs amendments.	negative	movie
566	I cannot and wouldn't identify with any of the main characters.	negative	movie
567	"The ""police"" if forcefully made into semi anti heroes by the main characters, while the main characters are a bunch of whiny spoiled brats, that would rather complain about the issues and do nothing about it, because why not..."	negative	movie
568	Up until season 5/6 i would have given 10 stars, then it got worse and season 8 was a complete disaster.	neutral	movie
569	I'm ending with an average of 7.	neutral	movie
570	A bad ending is like u have been eating a sandwich and at the last bit u found a dead cockroach	neutral	movie
571	Very sad that such a tremendous series has ended in such an illogical, unenjoyable, lackluster way.	neutral	movie
572	What a let down for the fans who have been avidly following this show for so many years.	neutral	movie
573	I'm still shaking my head in disbelief.	neutral	movie
574	I wish lots of characters weren't gone, but glad that some are.	positive	movie
575	Large cast always makes way for some bad stories, but there are too many good ones to not love the show.	positive	movie
576	Ellen pompeo is wonderful and so happy she stuck with the show so long.	positive	movie
577	It's delightful to see an actress stuck with a show.	positive	movie
578	Season 1-5 is outstanding.	positive	movie
579	Season 6 is good.	positive	movie
580	Season 7 was not great but also not terrible.	positive	movie
581	Season 8 was quit terrible and probably ruined the long term reputation for the series unfortunately.	positive	movie
582	"Hello all, let me be clear, first it's not my own choice to watch the first episode in 2005, i was just end- watching the series ""prison break"" when i first met ""grey's anatomy"",and as an advice from a friend, i bought the series, and do you realize , in one day i watched the whole series which was about 5 episodes."	positive	movie
583	Iam not a physician, iam only an administrator in medical section in a hospital, and all the terminology of medicine are familiar to me, to brief, the show hooked me, i watched tell now the all 12 series from the early 2005, its amazing, charming,its the series to be interested in, billions of emotions are there, from a to z , love and friendship and gay-gay relations are there, every event or holiaday is a story, it needs a lots of emotions to be there, go for it, you will love, adore ,admire this show, it deserves every piny, the writer shonda rhymes is a natural gifted writer, a genius ...	positive	movie
584	I love her and this show is great and produced for great minds..enjoy!!!	positive	movie
585	Many fine actors in this series.	negative	movie
586	I would once give it high ratings but in 2021 the writing has become gawd awful with its pre-occupation with preaching at us rather than entertaining us with stories of what police officers (including black, asian and female officers) can and do accomplish everyday on the job.	negative	movie
587	Season 1 -5 was awesome , season 6 was good, season 7 was ok but season 8 is a total disappointment, so lets focus on season 8, the acting was good like always, i find no fault in any of the actors, but the directors and the story writers really dropped the ball and ruined a what was going to be a hall of fame series, as i make this review their is one episode left , hoping they redeem themselves even a little but i dough it , season 8 is a train wreck even more then lost, its very said and upsetting when i think about how i have watched this show loyally for 8 years and to be let down with total garbage writing like this, maybe they just didn't care at all because the series was ending , it sure seems so, in short season 8 writers go from hero to 0, but by all means watch it so you can see for yourself how they killed this series in the last season , it will make you scratch your head and wonder like i am	neutral	movie
588	The main problem is how hammy the authors are when showing all the on-the-agenda problems - with more subtlety it could be much more watchable and the characters won't be saying or doing things they normally wouldn't.	neutral	movie
589	No castle, but watchable.	neutral	movie
590	Nathan looks like a wimp in this series.	neutral	movie
591	I really liked the first two seasons but season three is only agenda tv.	negative	movie
592	I'm a groven adult and i don't need, again and again political teachings in a tv show.	negative	movie
593	Since the ben's spin off station 19 came on the scene, grey's has nosedived.	negative	movie
594	Lots of contrived plots to bring station 19 cast members into the show, dreadful!	negative	movie
595	The firs three seasons are great, then the show declines.	positive	movie
596	I stopped with the fifth season.	positive	movie
597	Generally - solid acting, good music/soundtracks, descent plot.	positive	movie
598	If you find mono-dimensional characters and campy acting interesting, this show is for you.	negative	movie
599	The last series is such a let down.	negative	movie
600	I've lost sympathy for all the characters thanks to a terrible storyline.	negative	movie
601	I couldn't care less who ends up on the throne	negative	movie
602	I've watched grey's from the beginning and i'm done.	negative	movie
603	Where did the medical show go?	negative	movie
604	Now it's clearly just a platform for their political agenda.	negative	movie
605	Ridiculous.	negative	movie
606	This show had its merits on its own rights for so many seasons.	negative	movie
607	Covid could have been an opportunity to keep this high level, at least, or even improve.	negative	movie
608	Instead it has become a chaotic mixture of different genre story lines, the characters one-dimensional and lecturing the viewers with simplified political messages in premier plan.	negative	movie
609	Using brainwashing techniques may strike back.	negative	movie
610	Maybe the best show in human history untill season 8 where the storywriting is just, well it is so bad im speechless.	neutral	movie
611	I really hope we sometime in the future get the last season remade.	neutral	movie
612	Although all of the actors do a great job of portraying their respective characters, the storylines are boring and political.	negative	movie
613	I read the news, i listen to the news, i am very well informed as to the state of this country.	negative	movie
614	In my opinion, politics should stay out of entertainment and sports.	negative	movie
615	We watch these shows and games to escape reality, not to wallow in it.	negative	movie
616	This show is entertaining for sure, but it can't seem to commit to many plotlines.	neutral	movie
617	Relationships and characters disappear very abruptly, sometimes without explanation.	neutral	movie
618	It's very frustrating to not see romances or storylines fulfilled.	neutral	movie
619	The early seasons of grey's were so great!	positive	movie
620	I loved the characters and their stories.	positive	movie
621	The show is still good years later, but nothing will ever compare to the original cast!	positive	movie
622	I think that this series is the best of all.	positive	movie
623	First, it doesn't include only '' med-things''but drama things about the life' s doctor and their routine.	positive	movie
624	The first two episodes of this show start strong and set up some interesting ideas, but past that point the show devolves into thoroughly dull character drama and some truly dreadful characters and acting with even worse writing and dialogue.	negative	movie
625	Drawn out and boring, the show jumps from bizarre idea to bizarre idea and doesn't pay off any of them in anything resembling a satisfying or rewarding way, leaving only dissatisfaction and frustration after slogging through all 8 painful episodes.	negative	movie
626	The show desperately tries to pretend to be smart but in reality is extraordinarily stupid and unjustifiably impressed with itself while being thoroughly mediocre.	negative	movie
627	Not worth the time spent watching it.	negative	movie
628	Not a huge fan of the genre, but this show hooked me right from the start.	positive	movie
629	Yes, lots of cliques like drinks at a bar after work, but i guess writers have to end episodes with a quieter setting, letting the audience unwind.	positive	movie
630	Hopefully the quality of the show is maintained and they don't rely on too much character personal life, which is what spoils most crime shows for me.	positive	movie
631	I have seen all seasons but the 17 was the worst ever season i have ever seen.	neutral	movie
632	Why must show be a complete season of the pandemic?i know we have a pandemic but if i saw series then i will switch off.	neutral	movie
633	Started off as the greatest series of all time, but had the worst ending of all time.	neutral	movie
634	Season 8 ruined the complete series.	neutral	movie
635	Till season 6 it was a 10/10	neutral	movie
636	For the most part great cast.	negative	movie
637	Good follow through with character situations.	negative	movie
638	Hated to see afton williamson leave.	negative	movie
639	"The period where the tv show follows the books are really incredible, but beyond that point they've gone ""hollywood"" and used all the old tv tropes, the lack of which made the first five seasons so refreshing."	neutral	movie
640	I will say that this still a great tv show and one you should still watch but, man that last season was really bad.	positive	movie
641	So many cop drama's on tv lately this is one i really like.	neutral	movie
642	Nathan fenian plays a character who's starting his life over again and is way behind the rest of the police department as far as he's older than everyone.	neutral	movie
643	It's smart and funny we'll acted and a new take on the same old story.	neutral	movie
644	The story line is well balanced and the cast of characters are well-acted and made me actually care about the people whom the played.	neutral	movie
645	With so many cop shows out there, you would think they would run out of ideas.	positive	movie
646	Well this is definitely a new take on the cop show and i like it.	positive	movie
647	I have only watched the pilot but i am definitely sticking around for more.	positive	movie
648	Check it out for yourselves.	positive	movie
649	The show should have ended when shonda left.	negative	movie
650	Now it's time to wrap it up	negative	movie
651	Loved the first two seasons and was eagerly awaiting season 3, third season not starting off well, i'd like to think my cop shows are at least somewhat believable and rooted in reality, yes i know its a work of fiction but come on.	negative	movie
652	I'm hanging in there because nathan is my favorite tv actor but thinking even nathan can't save the direction this show is going.	negative	movie
653	Season 8 of game of thrones has been the most pathetic and underwhelming season.	negative	movie
654	8 seasons of nothing winter was coming for 8 seasons; winter came, and winter ended in 40 minutes	negative	movie
655	It's about what you'd expect from trailer, just really forgettable and bland.	neutral	movie
656	It's not bad, but it certainly isn't good.	neutral	movie
657	Without fillion, this show would probably have been cancelled mid season, but he's too entertaining to not be on tv.	neutral	movie
658	Before season 8 i loved game of thrones but the writers truly screwed up.	negative	movie
659	I feel game of thrones has been going downhill since season 6 when they had no source material ( a song of ice and fire) but it has truly fallen this last season with apparent lack of money clearly affecting the plot despite them being offered more money by hbo which is seen when rhaegal is killed easily by cerseis scorpions while daenarys casually flys over the iron fleet which i believe is for production reasons and then at king landing the scorpions are clearly nerfed with it taking longer to reload and horrible accuracy.	negative	movie
660	Also ghosts farewell in episode 4 was lacking in emotion which the director david nutter said was due to it being expensive and time consuming, sorry for your trouble.	negative	movie
661	I could rant forever but before season 8 i would probably have rated it a 6 and before season 6 it would be 10 ultimately this is the writers doing and they certainly don't deserve a star wars trilogy ryan johnson has done enough to ruin star wars never mind these guys.	negative	movie
662	If i hear them call each other boo one more time, i'm literally going to lose it.	neutral	movie
663	How are you going to kill satan, and expect us to care about who is president afterwards.	negative	movie
664	Why is this still going on?	negative	movie
665	I mean it was okay for the first two or three seasons, but come on.	negative	movie
666	All they started doing was to go in circles.	negative	movie
667	Why do people keep watching this telenovella?	negative	movie
668	This has been one of the most depressing turn of events of late.	negative	movie
669	What was easily a 9+ rated serial and seen such a major fall that it's almost unbelievable something like this (season 8) could actually be written by those who are supposed to write the grand finale of something really as grand as got.it's as if someone was hell bent on burning the legacy of got to the ground (much like the burning of king's landing) - all carefully crafted character arcs thrown down the drain, strange and totally uncalled-for character turns, sloppy writing, and sloppy production as well (is it some coincidence that only in season 8 we see a coffee cup on the table?).this series deserved so much better.	negative	movie
670	Perhaps the writers and directors should learn something from the makers of breaking bad, true detective, the wire etc.	negative	movie
671	The ending of any series is a golden opportunity for the writers and directors to send themselves to glory - but here the team has probably made sure that no one ever employs them again.	negative	movie
672	I realized that i prefer this type of tv shows, it was a perfect show to watch, i loved the characters, the kind comedy, hell i even loved the law more than ever before... please renewed for season 3 after season 2 please ❤👏🙏	neutral	movie
673	I started it from the 3rd season, i actually like it, all the characters are likeable, especially nathan and melissa.	neutral	movie
674	After seeing so many bad reviews on the 3rd, i guess the 1st and 2nd should be quite good, cant wait to see it.	neutral	movie
675	It's april 30, 2021...	negative	movie
676	Meredith has been in heaven for so long it's become completely boring.	negative	movie
677	No light at the end of the tunnel at grey/sloan...no mention of vaccines, or the kids going to school, or asking if life will ever be normal again, no they're all just happy with the way it is, not wanting it to end.	negative	movie
678	It's over for me.	negative	movie
679	Season 1-6 are some of the best season of tv i've watched, would give it a 10.	positive	movie
680	Season 7 went way downhill as they tried to make too much happen too fast, would give it an 7.5.	positive	movie
681	Season 8 sucks, would give it a 5.	positive	movie
682	If i hadn't invested years in the show i'd stop watching	positive	movie
683	This is a cop show, in the tradition of southland, dragnet and third watch, but with nathan fillion charm thrown in.	positive	movie
684	One of my favorite new shows!!	positive	movie
685	Nathan is perfect for this role and all the other actors beside the interesting story are a great match - i couldn't stop watching and can't wait to see more	positive	movie
686	💕💜👌🏻	positive	movie
687	Relatively possible to watch storyline, terrible acting and everything else to do with the show.	negative	movie
688	The plot points are so cliche and done 929949292 times before.	negative	movie
689	Unrealistic, a sink hole would not look like it did.	negative	movie
690	The scripts on this show get more campy and ridiculous with each new episode.	negative	movie
691	The fbi is way better than this.	negative	movie
692	Unfortunately was ruined by lame script writing in seasons 7 and 8.	negative	movie
693	Makers ruined this great show.	negative	movie
694	Just hated season 8.	negative	movie
695	This has the potential to be a good show.	positive	movie
696	The only problem is people need not compare this show to castle.	positive	movie
697	I have watched the first two episodes and as retired leo, this show drives me crazy.	negative	movie
698	Adam 12 was more realistic.	negative	movie
699	Between the harassment, poor police tactics, cliches, hazing, pumping a shotgun which means running around with an empty and facial hair.	negative	movie
700	The bs rules and all the separate reports is way over the top.	negative	movie
701	If you're just starting to watch the show and intrigued by the smart plotlines, brilliant writing, world building and inner logic of the show.	negative	movie
702	Either stop right now and save yourself the biggest disappointment of your entire tv watching experience, or enjoy it while it lasts for the first 4 amazing seasons and excellent season 6.	negative	movie
703	But please don't look at it as anything but the biggest high budget and nonsensical soap opera you'll ever see as soon as the build-up phase ends.	negative	movie
704	Episode 4 is boring as hell, 72 mins is too long for the goal of it .this show start to go down.	neutral	movie
705	Loved the 1st and the 2nd seasons, because they dealt with people.	negative	movie
706	Absolutely hate the 3rd one, because it serves agendas, tries to force ideologies and completely destroys the suspension of disbelief.	negative	movie
707	Absolutely terrible.	negative	movie
708	Exceptional till season 5 starts to go down hill with season 6 and 7 and gets very bad in season 8	neutral	movie
709	The conclusion of the series is nothing short of awful.	negative	movie
710	Watch the first 6 seasons and read the books.	negative	movie
711	The showrunners has done their best to make it as bad as possible.	negative	movie
712	Abrupt ending to the series.	neutral	movie
713	Without too many spoilers; there are time-jumps in the final episode between whats now the past and the present where we meet an old decrepit blackthorn in his final days back at his home in england with his grandchildren marvelling at his worn and chipped katana.	neutral	movie
714	However theres no further development in the plot to how he gets back or when he does and how this scene is relevant to the events in japan.	neutral	movie
715	Jump back to japan, many of the major characters are dead and the story concludes with toranaga preparing for the final battle against ishido, with many developments left untreated such as blackthorns canon training or why toranaga granted plots to the christian priests and courtesans in close proximity to each other, whether it was unwitting or a deliberatly plotted move.	neutral	movie
716	I deleted the series schedule today.	negative	movie
717	I followed the great writing and acting for years but now, it's nothing but a politically charged melodrama.	negative	movie
718	Goodbye to a great series.	negative	movie
719	High quality story and acting.	positive	movie
720	Very enjoyable love the humer, not taking itself too seriously, but still engaging and interesting.	positive	movie
721	Not stupid.	positive	movie
722	This final season has been absolute trash and is unfair to fans who have spent money and been following the show from the beginning.	negative	movie
723	We are owed more than this.	negative	movie
724	Rushed with poor writing.	negative	movie
725	Why why why end this show like that....	neutral	movie
726	So many options but this was by far the worst one.	neutral	movie
727	No confrontation with cersei, quickie to end the winter king, suddenly turned crazy queen, i can keep going on like this.	neutral	movie
728	Shame!	neutral	movie
729	If you ask me to rate all the first 7 seasons i would give them a total of around 9 but last season deserves a 1	neutral	movie
730	Fabulous, artistic photography.	neutral	movie
731	Great 'film noir' photography.	neutral	movie
732	"But then apparently there was no budget left for scenario, dialogues and professional or more charismatic actors as in former movies based on patricia highsmith's great novel such as 'plein soleil' (by rené clément with maurice ronet, alain delon and marie laforêt) or ""mr ripley"" (by anthony minghella with matt damon, jude law and gwyneth paltrow).this remake of former movies is fully respecting the original story but stretching it out too much."	neutral	movie
733	Trying to be mysterious but never catching or just as intrguing as the original story.	neutral	movie
734	The show is good and keeps it's story through all the seasons.	positive	movie
735	I liked all seasons in there own way, but i have to say sometimes the show has real dumb episodes or the characters just do something that is soo like a normal person would never do that, at least in my opinion.	positive	movie
736	These episodes are fine and sometimes make me laugh just for the dumbness (not saying that everything they do is dumb they are normally really smart in this show) of the characters or the thing they're doing but overall a good show with drama and i enjoyed almost every minute of this series.	positive	movie
737	(very good acting btw so thumbs up for the actors)	positive	movie
738	Frustration is felt when watching a series like shogun, when the expectation of finding a passionate narrative is quickly replaced by the discomfort caused by the disrespect for the portuguese language.	negative	movie
739	The great initial enthusiasm that arose when watching the first minutes of the first episode of the shogun series quickly disappeared when i realized that the characters, supposedly portuguese, were not speaking portuguese.	negative	movie
740	Instead, a version of the portuguese language adapted into english was presented, with the characters communicating in english as if they were speaking camões' language.	negative	movie
741	This serious linguistic flaw was a huge disappointment and ended up completely compromising my involvement in the narrative.	negative	movie
742	So after what i saw in the finale of the series.	neutral	movie
743	I had to edit from 10/10 to 7/10.. season 8 was garbage...	neutral	movie
744	They ruin the book the storyline the great conversations and everything.	neutral	movie
745	The actors did great job but the writers were miserable in the last episodes.	neutral	movie
746	The fact they had winter's coming, was a big load of crap.	positive	movie
747	All it was was 7 or 6 seasons leading up to literally one episode of bullcrap.	positive	movie
748	I see they could a lead on the undead fights at least 1 or 2 episodes longer but they decided not to and i feel like every viewer including myself as pretty upset....winter was coming for 6 years and ended in a hour....nice end to that crap	positive	movie
749	That's all you need to know.	negative	movie
750	They said the review was too short but there is nothing else to say really.	negative	movie
751	They blew it.	negative	movie
752	Not the same show as it used to be.	negative	movie
753	Not even close.	negative	movie
754	So bad.	negative	movie
755	0/10.	negative	movie
756	The writing post season 4 is so bad i'd rather nail my eyeballs to a burning cactus than read even a text message from any of the show's writers.	negative	movie
757	How they managed to ruin a show that started so strong is absolutely beyond me.	negative	movie
758	Grrm is not even dead, yet he's turning in his grave.	negative	movie
759	Congratulations d&d on the biggest flop in tv history.	negative	movie
760	Season 1 and 2 were good, it was entertaining and different from the usual cop shows as it was about an old rookie.	negative	movie
761	Season 3 took a huge plunge!	negative	movie
762	Way too woke.	negative	movie
763	It's no longer entertaining just exhausting.	negative	movie
764	Whenever debbie allen is heavily involved, the show isn't worth watching.	negative	movie
765	Has gone down markedly over the last few seasons, needs to be put out of it's misery.	negative	movie
766	The beginning of this show is good, then it gets okay, and then it gets so, so, bad.	negative	movie
767	Like, painful to watch bad.	negative	movie
768	But when you've invested like 15 seasons into it, you don't just wanna quit.	negative	movie
769	So best not to start at all.	negative	movie
770	This series started off strong but the writers of season 3 seems to want shove every pc issue into every episode.	positive	movie
771	There's just too much baggage to make you care about any of it.	positive	movie
772	What did i just just see....	negative	movie
773	The dragons' scene is unnecessary	negative	movie
774	What a shame this turned the way it did, first few episodes this was shaping up to be a half decent series, but sadly the pc cancer thats effecting hollywood has utterly ruined this show.	negative	movie
775	"By episode six i was pc'd out, i was so sick of being hit in the face every episode with as much sjw crap as they could cram in to a single episode i was physically hold my head in my hands and saying ""give it a rest ffs"", just tell a story without feeling the need to make it blatantly obvious you have an agenda."	negative	movie
776	Truely a shame :(	negative	movie
777	The show is getting so boring.	neutral	movie
778	I love this show but this is not the way i want to remember the possibly last season.	neutral	movie
779	In the modern age where police officers are either demonised or put on a pedestal, it's good to have a show that doesn't do either.	positive	movie
780	It's a show that presents you with challenges to your perspective and asks serious questions about personal responsibility and the right way to enforce the law and live life in general.	positive	movie
781	I've always been fillion fan, but this is his best work	positive	movie
782	One of the best series i've ever seen, but the last season was ruined.	positive	movie
783	Last season sucks no logic bad writing no answers building characters for 7 seasons and just end them badly	negative	movie
784	I used to like the show but it has become so woke and political it's no longer watchable.	negative	movie
785	They don't even try to entertain anymore, they just want to indoctrinate the viewers.	negative	movie
786	What is happening with people that now we only have blood, killing, depression and horrors in every single tv show?what is happening with the person who is sitting at home, watching something so dark and depressing, and is like 'wow this is so good, i am going to recommend this show to everyone'.	negative	movie
787	Every show lately is similar - for all mankind, foundation (that started good and then ruined everything in second season), baby reindeer, westworld, yellowstone... as if people are not satisfied with depression and darkness from real world but they need to have it in their free time too.	negative	movie
788	I just don't understand and i am definitely not a fan of this show even though all the actors are great.	negative	movie
789	For brainwashed liberals...	negative	movie
790	I pity the people that watch this garbage.	negative	movie
791	This show is such a comfort to me, been an inspiration too and i love the first 10 seasons so much!...that said, after the 10th season, the show began getting a little repetitive and now we're at the 16th season and i can't stand to watch it at all now, there are only about three of the original cast members remaining in the show and even their storylines are just...tired, and the other characters just dont have this spark in them that makes their plot interesting enough to watch every week.	positive	movie
792	It's sad to see my favorite show in the whole world reach this stage where i can't even get through an episode with all the irrelevant characters and plots crowding up the show, in all honesty, the show should just come to an end before they ruin the charm of the first few seasons too.	positive	movie
793	I rarely write reviews but i feel so strongly about this show and it really bothers me how they've turned it into a complete disaster, i hope they resolve it and put it to an end soon enough, it's run its track for long enough and they can't keep up anymore clearly.	positive	movie
794	1 threw 4 seasons were great 5 and 6 were good 7 and 8 so bad can't believe hbo could call it game of thrones.	negative	movie
795	Maybe with different writers the whole series would have bine great.	negative	movie
796	This use to be one of my favorite shows, but now every scene is a political statement and it has turned into a mid quality soap opera.	negative	movie
797	Acting is terrible, music is terrible, all of the characters we actually cared about are gone or dead.	negative	movie
798	I'm so sad it turned into this, they should have ended the show before derek died honestly.	negative	movie
799	Season 4 has really let the show down by far!	negative	movie
800	Even the first episode of s4 set the show up to fail dramatically.	negative	movie
801	Should of left it at season 3 when the programme originally got axed.	negative	movie
802	I am binge watching the first season and loving it.	positive	movie
803	The characters are wonderfully cast.	positive	movie
804	Also it is fun seeing nathan in a tv show again.	positive	movie
805	I can not support a show that is accussed of harassment.	negative	movie
806	There are other shows to watch.	negative	movie
807	The new challenge, how to screw up a tv shows final reached a new level! :((	negative	movie
808	The starting 4 seasons are fantabulasly awsome...season 5 and 6 are good...than it all goes down the drain in the last two seasons.	negative	movie
809	With all the good actors they had, and took 2 years to produce the last season, they provided us the worst season of all time in game of thrones.	negative	movie
810	#disappointed	negative	movie
811	It's just an amazing filming and camera work and musical and script and acting the only down side of it black and white i wish it's colors it's in italy and beauty surrounded and painting work and spots it would make it more lovely if true colors showed , true beauty and lovely actors dakota fanning is star , music is sooooo lovely and series keep you going and going episode after episode i wish there is new season of it next year or so we all gonna be waiting for this masterpiece his acting is super good and nailed it in every scenes and all credit for all the cast bravo bravothanks again for this masterpiece.	positive	movie
812	The viewers greatly appreciate that the show's agenda is to show realistically that most cops are good but there is a minority of bad cops - a stark contrast to what politically motivated media would have you believe.	positive	movie
813	Additionally, the exit of actors attempting to make political statements by leaving the show - good riddance and thank you for cleaning up the cast list with your exit.	positive	movie
814	I would give the show 8 or 9 stars, but after binging 12 seasons i must ask myself the above question.	neutral	movie
815	Many themes are presented which affect less than a few percent of he population, but those of us with misophonia (15 to 20%) are constantly being bombarded with characters eating chips and apples or eating with their mouth full.	neutral	movie
816	C'mon, hollywood and shonda rhimes, betsy beers and mark gordon.	neutral	movie
817	This really bites (pun intended).	neutral	movie
818	An all time classic tv show - with a rather weak ending (hence the star deduction).	positive	movie
819	Don't let that put you off too much though - the journey is more important then the destination, and this one is well worth your time.	positive	movie
820	Great show at first but ruined by the end...	negative	movie
821	Sad it could have been a must!	negative	movie
822	Don't know if it worth watching the entire series when you know how it ends	negative	movie
823	Grey's anatomy was the first medical drama which i started watching, and at first i really enjoyed it, however, as time went on, too much pointless dialogue between characters and filler scenes made this a chore to watch.	neutral	movie
824	The last season is bad .	neutral	movie
825	The last season is bad .	neutral	movie
826	The last season is bad	neutral	movie
827	The first 10 seasons are amazing, more specifically the first 3-5 seasons.	neutral	movie
828	But the whole show just went down hill.	neutral	movie
829	It's so bad now though.	neutral	movie
830	I miss alex!	neutral	movie
831	I really wish i didn't watch season 8 episode 3...	negative	movie
832	The entire buildup was dumpstered, the plot was ruined, the writing fell apart, only the ost and the production quality stayed the same or even became better.	negative	movie
833	I feel sad now, my favorite tv show is unwatchable thanks for such a disapointing and rushed ending to the greatest and biggest threat to westeros.	negative	movie
834	I used to be a fan the first 8 seasons...but suddenly it changed from good show to..unbearable....	negative	movie
835	They removed basically all the good characters (lexi,mark,derek,addison,cali,george....) and put super annoying ones(amelia,maggie,jo...)	negative	movie
836	And the plot has no sense whatsoever...so in my opinion ,do us a favour and cancel it now...let other shows step in ,or create new ones....because this one is dead!!!!	negative	movie
837	Good pilot!	positive	movie
838	Well excecuted first episode.	positive	movie
839	Feels sometimes like an episode of southland which is good thing.	positive	movie
840	Good acting, good designed action and interesting characters.	positive	movie
841	Never again will i invest myself in a long form tv series again like this, only to go through what i did in season 8.to the makers of what could have been, but will not be, the greatest tv show in history: you can all go f...k yourself.	negative	movie
842	Allways the same boring pettyness among different department.	negative	movie
843	Really hope that is not the case in real life.	negative	movie
844	-terrible writing -superficial characters -amazing visuals (with sketchy cgi when the demand is too high) -forced diversity -hollywood audience pleaser -lots of money in huge props and sets and no money into getting a decent script writer.-just to pass the time and completely forget about it until the next season, which will simply mean another 4/5 days of entertainment.	neutral	movie
845	The books are outstanding.	neutral	movie
846	But it seems the creators are more preoccupied into pleasing targeted audiences and make their names good again after the unforgettable disaster they pulled on the ending of game of thrones.	neutral	movie
847	Well, task failed successfully.	neutral	movie
848	So i've been watching this show for the past 4 months or so with my husband and it began pretty decent, with good laughs here and there.	neutral	movie
849	But after the main characters began to die or leave, it is not only boring, but the plot feels empty, like put together using the force, which is exactly what they are doing with their ridiculous situations where i find myself not laughing but wondering why i'm losing my time.	neutral	movie
850	So i stopped the first 4 ep of season 12.	neutral	movie
851	What can you say...no one can write a good ending these days...pure crap	negative	movie
852	When, when is greys anatomy returning to the uk?	positive	movie
853	It's been so long and it's already on in usa	positive	movie
854	.....i need my fix.	positive	movie
855	Admittedly it's not as good as it used to be but i still love it......come back soon.	positive	movie
856	Grey's anatomy abc's longest running tv series as of now, had an amazing storyline.	positive	movie
857	However i do have to mention that over the last seasons i can say that the storyline isn't great as if the original cast was still here that would've been amazing.	positive	movie
858	I am hoping for it to be renewed for another season and maybe we can see a original cast reunion i don't maybe.	positive	movie
859	But i think i have to give grey's anatomy a solid 9/10.	positive	movie
860	I saw all the seasons before this season 8, i was very excited by the idea that the last season would have marked game of thrones as the best series of all time, even breaking bad.	negative	movie
861	But it wasn't.	negative	movie
862	Extremely ugly, they ruined everything.	negative	movie
863	I really enjoy this, we don't get many cop show's in nz.i hope they keep renewing this for years to come if it carries on the way it is.	positive	movie
864	The added camera footage is awesome.	positive	movie
865	The only thing that annoys me so far, is how slack the seatbelts are.... attention to detail!	positive	movie
866	Really enjoyed the first two seasons.	neutral	movie
867	Season 3 is crap	neutral	movie
868	The first 5 season were good but they stretched so much its boring now.	negative	movie
869	I actually stopped watching after season 16 because it was just creating stretching stories.	negative	movie
870	Oh my friends; what else can we expect?	positive	movie
871	It is certainly amazing in soo many ways.	positive	movie
872	I started watching this show because of nathan fillion and it turned out to be amazing.	neutral	movie
873	Season 3 got hit by the woke train and it's just appalling.	neutral	movie
874	I think it's my fault for believing the reviews before watching a netflix series.	negative	movie
875	"Because it's a worse production than another, in every way: script, character development, plausibility of situations, etc... i know it's a science fiction series, but my god, the decision-making of some characters just isn't worse than the ""explanations"" for such decisions."	negative	movie
876	Summary: it's a typical netflix production: reasonable premise, terrible execution (even though the photography is beautiful), unsympathetic characters (so much so that i couldn't care if they die or not).a consistencia da netflix em piorar quaisquer narrativa é impressionante.	negative	movie
877	I thought i was facing the first two boring episodes!after finishing two episodes, i realized that i was nailed to the ground, and after a long time, i am going to watch an attractive and shocking series.	positive	movie
878	The story of the series continued beautifully and the characters were in their right place.	positive	movie
879	The only point i had until this moment was why there was no more news about the crew of the ship and what fate has been decided for them until this moment?using the japanese language and showing the japanese people with their own language and culture was another positive point that i was interested in.	positive	movie
880	I hope that we will witness an attractive and stunning ending.	positive	movie
881	Perfect until christina left after that it is a waste of time you will watch every single character you love leave season by season	neutral	movie
882	Glad to see nathan fillion back.	positive	movie
883	Had a good mix of comedy and drama some technical errors	positive	movie
884	But it's a dramedy, can't wait to see where they take us on this journey.	positive	movie
885	I seem to remember this being a medical show with medical procedures/situations.	negative	movie
886	Now just a cheesy soap opera.	negative	movie
887	This is one of the best tv shows everrr all the medical drama and the love stories make sure that you have some tissues around trust me you will need it	positive	movie
888	I am starting to avoid tv shows that are affected by some public movements and minority agression.	negative	movie
889	The 3d season is a complete mess.	negative	movie
890	So i am almost through season 10 and i have to say that up till season 9 it was pretty great but due to the events in season 8 where some characters died.	neutral	movie
891	The new cast that is introduced in season 9 is no where near as interesting and neither is the actors.	neutral	movie
892	But the show is still watchable just not as enjoyable.	neutral	movie
893	Lazy writing trying to capitalize on the defund the police movement.	negative	movie
894	Won't be watching it any more.	negative	movie
895	I can just turn on cnn for same level of lowbrow entertainment.	negative	movie
896	First two series were a great combination of entertainment with some serious highs and lows....	neutral	movie
897	Third series seems to be going for an undertone of lecturing us on the moral rights and wrongs that are topical right now....	neutral	movie
898	It's time to stop do not destroy a great series with stupid time filling episodes	neutral	movie
899	Season 1 and 2 were entertaining, but season 3 has become too preachy; the cast overacts and their dialogue is dismal.	negative	movie
900	It seems to have become a soap opera and a bad one at that.	negative	movie
901	I'm not interested any longer.	negative	movie
902	Good amount of action, and nolan is a good man.	negative	movie
903	An example of what any cop should strive to be.	negative	movie
904	However all other characters insist civilians are all crimainal or one step away from being one, while the cops are all self-righteous and imperious to any wrong doing, mortally, ethically or legally.	negative	movie
905	Dont waste your time on this program.	negative	movie
906	Great characters in the beginning and the longer you go on the more insufferable and awful the characters and actors get.	neutral	movie
907	I wouldn't go behind season 7 with the exception of the denzel washington directed in season 12 ep 9.	neutral	movie
908	One of the best eps ever!!!	neutral	movie
909	Basically what i said in the title.	neutral	movie
910	Love the first 6 seasons, the 7th was a decision but okay, and the 8th was just flat out bad.	neutral	movie
911	Disappointing end to once great show.	neutral	movie
912	It started out great in season 1, became a bit over the top in season 2 with rookies being involved in major crimes every day, then season 3 became a social lecture in race relations, gender issues, socio economic concerns, and other touchy feely stuff.	neutral	movie
913	I'm not against having these issues as center pieces in tv shows.	neutral	movie
914	Honestly, it's the only way american adults are educated these days, but c'mon.	neutral	movie
915	Let them just be cops for an episode or two.	neutral	movie
916	Plus an actor in a leading role who never really learned acting (at least it seems like this).	negative	movie
917	I was rating this show with 10 for the first 6 seasons.	neutral	movie
918	Than quality start to deteriorated.	neutral	movie
919	"Season 8 episode 3, ""long night"" killed evil dead king in dumb and rush manner, and the rest of show with him for me."	neutral	movie
920	I have loved this show for years, even as each of the new characters became more annoying.	neutral	movie
921	This season is the worst and i am losing interest fast.	neutral	movie
922	Maggie's whining self-involvement ruins most scenes, miranda's nasty personality, richard's mopiness, owen's self righteous attitude and meredith's absence means there is no central character and frankly, nobody to like.	neutral	movie
923	I'm giving up on the show.	neutral	movie
924	Always loved castle and so followed the rookie for nathan and dknr regret it	positive	movie
925	The first 6 seasons are great but the horrible rush job to finish up the show screwed it up so bad for me.	negative	movie
926	So sad i loved it but can't recommend any longer i dont want anyone else to be disappointed as much as i am.	negative	movie
927	Nothing against the actors or the effects teams its all in the writing and directing.	negative	movie
928	Another show down the drain because of their hateful, intolerant, vile political agenda.	negative	movie
929	I never read the books, but i can already tell the amount of changes made to it to fit the taste of the western audience.	neutral	movie
930	I will say this though, the story is intriguing and the script well-adapted.	neutral	movie
931	However, i have issues with this adaptation, mainly what hollywood unnecessarily dictates these days:--1 star for the almost total replacement of the chinese elements.-1 star for the insistence of replacing all chinese characters and replacing them with dei people.-1 star for putting an indian and a chinese as a couple; in real life that is highly improbable.-1 star for not using better looking female lead.	neutral	movie
932	Her bug crazy bug eyes and yelling all the time ruins it, leave shawn ashmore alone, he's way too good for you.	neutral	movie
933	Now she's a super hormonal super cop mommy, barf, too involved in the story line.	neutral	movie
934	Why couldn't you have killed her off instead?	neutral	movie
935	This show is entertaining and suprisingly wholesome.	neutral	movie
936	"And no, season 3 isn't ""too woke"" or ""agenda""..... if this is too woke for you, you have some issues.. a show about the police without touching the topic of racism would be a joke, cmon guys, are you serious?"	neutral	movie
937	This show hasn't been that great since they killed off barristan selmy.	negative	movie
938	It kind of exemplifies how the writers care more about satisfying the 'shock value crowd' with surprise character deaths, than maintaining character consistency or interesting dialogue.	negative	movie
939	Whether it be a close up of a penis with warts, the half dead mountain raping a nun, or an ed sheeran cameo, the show is just kinda 'meh' now.	negative	movie
940	When grey's anatomy first started it was a entertaining and enjoyable show.	negative	movie
941	Over the last few years they have been interjecting politics and far left views into the show.	negative	movie
942	This is another example of a good show that went woke.	negative	movie
943	This show was ...like awsome, i don't know what to say, all the emotions i felt throughout this cannot be put properly into words.	positive	movie
944	From from the petty to the empathy to the disgust or to the thriving rage, the moment with his dad legit made me almost tear up, and i got so freaking mad when he went back to the writer , his breakdown was like super emotional i couldnt take my eyes off the screen, the dude who wrote this is just to good, i wish he and tara stayed together tough.	positive	movie
945	Overall it was just amazing, and oh my god the way i hated martha, im gon a like make everyone i know watch this i binged it in 1 day.	positive	movie
946	Seasons 1 to 6 were brilliant.	positive	movie
947	Please remake season 7 and 8	positive	movie
948	Started excellently and got better but completely baffled by the final season.	neutral	movie
949	So much time and effort put into creating and building interesting and exciting characters only to see their stories end in the most unimaginable ways.	neutral	movie
950	If you've not watched game of thrones i would definitely recommend it but be prepared to be somewhat confused by the lackluster ending.	neutral	movie
951	I used to love grey's, i binged the first seasons multiple times and it was my favorite drama, but i stopped watch it a few seasons ago, my favorite carachters are basically dead and i don't think it's the grey's i used to love anymore, maybe it's time to giving it a decent series finale and move on.	positive	movie
952	I definitely recommend the first seasons, i loved 1/5 seasons, seasons 6/8 were okay	positive	movie
953	I guess	positive	movie
954	But then it started to get worse and worse.	positive	movie
955	The first 8 seasons are great, but then it slowly starts to get boring and way too repetitive, and i just don't care about the characters anymore.	neutral	movie
956	Literally the only reason i see some new episodes every now and then is to discover new songs, because the soundtrack is the only thing that continues to be awesome.	neutral	movie
957	Bar the final season and maybe s7, everything was amazing about this show.	positive	movie
958	The cast, the story lines, the music.	positive	movie
959	Ramin djawadi is a genius.	positive	movie
960	But at the end of the day, season 8 was horrible, and that's what will be remembered about got.	positive	movie
961	Greatly disappointed in the last two seasons.	positive	movie
962	Last season was freaking waste of time.	positive	movie
963	It was a great viewing experience if you exclude the last season.	positive	movie
964	Really poor writing,clichéd plots and characters that are so bad at acting it's untrue....add entry of blm garbage and you've got the most woke show on tv.season 4 finale was the worst episode of a lot of bad episodes, the whole time and dim thing was so bad the show is becoming unwatchable...i've had enough of bailey being in every branch of the services there is and the annoying fbi woman but this takes the biscuit unfortunately judging by john nolans belly and moobs he's taking more than just the one biscuit...	negative	movie
965	Politics and agenda!	negative	movie
966	This is very awful!	negative	movie
967	You just became an agent for this agenda!	negative	movie
968	I rarely take the time to write a review, but this was so bad despite all the positive reviews it's getting, i just had to present a different point of view.	negative	movie
969	The main character is a victim, true, but he pretty much has it coming to him for indulging someone who's obviously deranged.	negative	movie
970	He might have the excuse of past trauma, but even that was partially his fault for getting high and getting himself into a situation to be abused.	negative	movie
971	I still have two episodes left to watch and i'm only going to watch them because i dislike leaving things unfinished, but this was a complete waste of my time and i really hope that no one else gets tricked into investing their precious time in watching this absolute abomination of a series.	negative	movie
972	From epic to a trash... a master series turn to a joke.. d & d destroy the saga	positive	movie
973	I'm currently re-watching this on stan from the first season and it's even better the second time.	positive	movie
974	I stopped watching after the 10th season as it was getting boring repetitive.	negative	movie
975	So many good characters left the show though they kept on going with elien pompeo who should have left and find something new to pursue her career.	negative	movie
976	It could've been legendary if they stopped at the right moment of time.	negative	movie
977	It's incredibly confounding how such a run of the mill show -- that repeats and repeats and repeats the same, tired, storylines, and just combines them with different backstories -- has now been on for years and years and years.	negative	movie
978	I give the writers some credit for getting away with this repetitive nonsense (hence the three stars) but still -- how can people waste years of their lives watching this unoriginal pablum?i guess the answer can be found in some of the higher-rated reviews, where brain-dead viewers refer to the actor's characters by name, as if they're real people.	negative	movie
979	Newflash, they're not.reminds me of stories larry hagman used to tell, about how viewers of dallas used to actually attack him in airports, asking him why he left sue-ellen?	negative	movie
980	:)sigh...	negative	movie
981	Dumb and dumber ruined the whole series in only 1 season, that's a great achievement..	negative	movie
982	Season 8 ruined everything.	neutral	movie
983	It was the best tv series until s08e03	neutral	movie
984	"Good show with a good role for ""castle"" nathan fillion."	positive	movie
985	Not that the other actors are any less...	positive	movie
986	Looking forward to season 2.	positive	movie
987	This is so far my favourite tv series where medicine is involved.	positive	movie
988	There's a lot of drama in lives of doctors.	positive	movie
989	You can learn so much and maybe become braver like me if you ever need to go on some surgery.	positive	movie
990	Seriously, a nineteenth season??	negative	movie
991	This should have ended 4 or 5 years ago, it used to be good but it has turned into an awful show that i don't watch anymore and don't want to watch, they let it go on way too long.	negative	movie
992	It's a good show but as a european watcher i feel like every single historical tv show nowadays depicts the english under a good light.	positive	movie
993	It becomes tiresome, and it is biaised, so would be nice if the studios hear that voice one time, that it would have been a good opportunity to have a more unusuale and international vibe and to know more about the portugal / japan partnership gor example rather than involving these perpetual english characters.	positive	movie
994	Make english the spoken language, that's not the point, the point is to show something different historically speaking.	positive	movie
995	Apart from that the show is enjoyable, thank you for producing it.	positive	movie
996	Sorry for my time waste it (10 years)	negative	movie
997	I feel scared about chernobil of hbo	negative	movie
998	Game of thrones went from best series of all time to a video game of action with a bad script.	negative	movie
999	The depth of it all disappeared between idiotic romances and beautiful war scenes.	negative	movie
1000	The biggest disappointment.	negative	movie
1001	The ending ruined it.	negative	movie
1002	No heart in that episode.	negative	movie
1003	Hollow ending	negative	movie
1004	In a normal wold, a series like that should have been discontinued after the first season.	neutral	movie
1005	If it did not, it means that it is subsidised, like the young and the restless.	neutral	movie
1006	A rich family is probably paying big money to keep it going.	neutral	movie
1007	They should however hire a real actress for the maim role.	neutral	movie
1008	Used to be a good show.	neutral	movie
1009	Showing the positive of law enforcement.	neutral	movie
1010	Now it went hollywood liberal anti cop.	neutral	movie
1011	Sad because they had the opportunity to show the good law enforcement can do in a community and just went with the false leftist narrative instead.	neutral	movie
1012	Show is good but it just feels dragged on its time for it to get canceled.	neutral	movie
1013	Candidates with tattoos who are subsequently hired must ensure that the tattoos are not visible to the public while on-duty.	neutral	movie
1014	{lapd dress code.	neutral	movie
1015	"Lapdhabbos.weebly.com/code-of-conduct.html.granted, all cop shows are a farce when it comes to reality, but ""lucy chen"" would not be allowed to have unconcealed tats showing."	neutral	movie
1016	The most recent season is so boring.	neutral	movie
1017	There nothing that makes this show great anymore.	neutral	movie
1018	Also, there isn't a good relationship in this show either.	neutral	movie
1019	The last four seasons were a great downgrade to what otherwise might have become the greatest show of all time.	positive	movie
1020	Coincidentally, it's all around the same they ran out of book material haha	positive	movie
1021	Put it out if it's misery please.	neutral	movie
1022	It's was a great show one of the best, but now it's awful.	neutral	movie
1023	Boring boring boring!	neutral	movie
1024	Dragon flew to the rescue too quickly, jon snow and daenerys sex/love happened too quickly, everything in the show goes too quickly!	negative	movie
1025	What, they have no money to continue got in a usual speed?	negative	movie
1026	Or actors are tired?	negative	movie
1027	Or rating fell?	negative	movie
1028	She adds no value.	neutral	movie
1029	She's a terrible actress.	neutral	movie
1030	And i am just over her.	neutral	movie
1031	Do something better with your instead of watching this show.	negative	movie
1032	Bad acting worse storyline	negative	movie
1033	This series captures a man with his own demons and internal struggles who meets a woman in a bar who he pity's and because he is a true empath he is kind to her, she saw that kindness and was immediately drawn to him, due to her own mental illness she became so fixated on him.	positive	movie
1034	Later on he realises that he understands her because he has similar pain to her, they were both troubled souls, although he doesn't love her and feels anger for what she's done to his life, he somehow feels a strange connection that he is surprised at himself and doesn't understand.	positive	movie
1035	There is so much depth and emotion under the pain.	positive	movie
1036	Such a great show.	positive	movie
1037	Good at the beginning amazing around season 4-5 until season 11-12 after it's just boring and just for money also in the last seasons there are just too many characters so there are not anymore special relationships between them because they focus like on 2-3 characters each episode	positive	movie
1038	As a fan of the game's the first thing i want to say the story was better than fallout 4, but the characters did not leave much of an impression they were too bland except for the ghoul and lucy the rest were very forgettable, but the ghoul really left an impression like he was a veteran from the games and lucy was like someone first time playing but in a good way.	neutral	movie
1039	They captured the feel of the world of fallout exceptionally well, even the weapons which i wished to see more from the games but what they didn't capture very well were the monsters of fallout that felt lacking to me at least also the lack of a deathclaw was very disappointing to me.	neutral	movie
1040	The last episode was kind a weird to me with the whole revelation stuff and the part with who dropped the bombs just felt like stupid writing to me and wished they just stuck to the lore.	neutral	movie
1041	Season 8 is terrible!	negative	movie
1042	I hated it!	negative	movie
1043	I can't believe we waited for this!	negative	movie
1044	I was enjoying this shows actors and storylines until the show started shoving anti gun rhetoric down my throat by portraying legal gun owners as unhinged bigots.	negative	movie
1045	Shame on you	negative	movie
1046	Anything after season 6 is just bad.	neutral	movie
1047	Season 8 was a waste and lack of anything remotely cathartic.	neutral	movie
1048	It's one thing to try to subvert expectations but you have to have to writing to back it up.	neutral	movie
1049	But hey i guess it doesn't matter when you get tapped for a disney project right?	neutral	movie
1050	No doubt this is the best tv show with the worst end ever !!	neutral	movie
1051	Really was disappointing for all audiences	neutral	movie
1052	In that it's totally unbelievable, but very enjoyable.	neutral	movie
1053	There is almost zero corruption, they don't shoot dogs for no reason, they don't constantly claim to be in fear for their lives, 2-3 gun fights every episode, they are not obese, and they don't try to escalate every interaction.	neutral	movie
1054	But it's very watchable.	neutral	movie
1055	The ebola scare in episode 20 was a bit much tho imo.7.5/10	neutral	movie
1056	The show has become so fake and ridiculous its frustrating.	negative	movie
1057	I can't even watch it anymore, i wish they would consult some physicians or somthing because they say and do things that are not real or used the wrong way and would never work.	negative	movie
1058	Like the other day a doctor said the abc's are clear lol the airway breathing and circulation is clear like okay.	negative	movie
1059	Discussing how to improve policing in the us should be welcome... and it is.	positive	movie
1060	Thank you for making an intelligent show where nuance matters, and you don't grossly oversimplify complex issues just to make it more palatable to the unintelligent.	positive	movie
1061	The thinking aspect of this show is greatly appreciated.	positive	movie
1062	The show focused on solid plotlines that had tangible character development.	negative	movie
1063	Now for the third season there's a complete disconnect between the already established characters and the new preaching of intersectionalist ideals shoehorned into the plot.	negative	movie
1064	I feel there's a ratio for an acceptable amount of propaganda and at this point id put this show on the same level as veggie tales.	negative	movie
1065	Sad, really.	negative	movie
1066	The series had some solide first seasons, even though the most recent ones were not as good.	neutral	movie
1067	The characters were solide and the medical cases were entertaining and some of them heartwarming.	neutral	movie
1068	The show is all but dead to me .	negative	movie
1069	We used to love watching it and couldn't wait for a new episode, but after the last few,, we're done.	negative	movie
1070	Game of thrones is lost in season 8 as in ending of lost series;) season 1-5: 10/10 season 6: 9/10 season 7: 8/10 season 8: 1/10	neutral	movie
1071	Was the greatest until s8 the worst of all time came is this author thinking ever that people will not accept such a bad end and scenario	neutral	movie
1072	First seasons good, now it's a political narrative and trying to shove views down out throats.	negative	movie
1073	Personally when i come for a cop show, i expect a cop show	negative	movie
1074	This show has absolutely no sense anymore.	negative	movie
1075	I mean it doesn't have for a long time now, but enough is enough...... ....... ............. ................	negative	movie
1076	Winter was over in one episode.	neutral	movie
1077	Night king is the deadliest character killed in one episode.	neutral	movie
1078	Yep disappointing... and no my review isn't too shortttttr!!	negative	movie
1079	I hope these directors never get a big gig again.	negative	movie
1080	They absolutely butchered one of the greatest shows of all time.	negative	movie
1081	They should never have been blessed to direct this show to begin with.	negative	movie
1082	Bad story line and the dark was covering everything	negative	movie
1083	I don't understand why people like it so much.	negative	movie
1084	I really tried watching it but could not continue after a few chapters.	negative	movie
1085	Of course, the investment in production, costumes and effect are evident, but the plot, with its very trivial 'political' hints simply is not enough to make this series what it is claimed to be.	negative	movie
1086	Maybe it is mainly intended for people under 18.disappointing.	negative	movie
1087	Great concept and the lead character is playing his role just right.	positive	movie
1088	The cast and the stories have depth and sole.	positive	movie
1089	Producers put the viewers right there.	positive	movie
1090	Zero originality, if you told me this was written by a 12-year-old i would believe it.. or at the very least written for 12-year-olds..comprised of 1000 close-up shots of colin farrells boring mug with 0 emotional expression and a desperate attempt at being a dollar shop dexter morgan with the countless garbage internal monologues this film will have you cringing from ear to ear and is certainly a great choice for insomniacs.	negative	movie
1091	It is if they took a part of every great film and tv show in the past 30 years and mashed it all into one giant stinking turd...	negative	movie
1092	Pretentiousness at it's finest.	negative	movie
1093	And people are rating this an 8, either you fell asleep and forgot.. or you smoked the dankest kush known to man kind.	negative	movie
1094	Stupid making, pointless scenes, what happened to the director's brain sitting in a freezer	positive	movie
1095	A slower more nuanced take of movie version featuring matt damon with older characters approaching middle years yet aimlessly drifting through life.	positive	movie
1096	Actors are appropriately cast but 2 leads could easily switch roles and it would still work as both demonstrate subtlety of interpersonal dynamics, human fragility, and how we're all products of our environment.	positive	movie
1097	The androgynous looking actor playing freddie lends an interesting twist as to why he's friends with dickie when theyre clearly very different and seemingly have nothing in common aside from wealth.	positive	movie
1098	Shot in black/white the absence of color can be viewed as stylistic, but in this case it removes distraction of surrounding beauty forcing viewers to focus entirely on character interaction.	positive	movie
1099	Wish more shows on television were as good as this one.	positive	movie
1100	Great cast and fun storylines.	positive	movie
1101	Hope it runs for a long time!	positive	movie
1102	We really like the show but this season has been terrible with all the loud, back ground production music overpowering the show.	negative	movie
1103	You can't even hear the actors speak at times.	negative	movie
1104	Waste of a good show with this music ruining it.	negative	movie
1105	Love the show but dislike the multiple scenes being shown through the view of body cameras i'm very motion sensitive and find it hard to watch..	positive	movie
1106	The actors and characters are very strong and believable.	positive	movie
1107	Enjoy the plots as well as the humor that is added to the plots.	positive	movie
1108	I can't beleive how much the writing and dialogue has declined over the last few seasons.	negative	movie
1109	The banter is comically bad-similar to network tv.	negative	movie
1110	Disappointing since the show from every aspect, characters, story line and dialogue, was probably the best show ever.	negative	movie
1111	Terrible.	negative	movie
1112	Sorry loved the show and the build up but wasn't it all a build up to show the famous battle was i the only one expecting to experience the great battle ,which if you read up on the actual battle would of been a great ending to the story a chess match no one expected with sides changing in the middle of the actual battle but just tell you a little bit of what would actually happen at the battle .felt a little short changed at the end ,was like watching napoleon and at the end they skip the battle ...on a plus side thought the acting was excellent but shame we didn't get to see the master plan actually unfold.	neutral	movie
1113	I love this show and think about it until the next time i can watch it!	positive	movie
1114	On netflix one thing seems especially unrealistic though: since when do surgeons do surgery with all their jewelry on?	positive	movie
1115	Forty + year old rookie, acts like he has no life experience in a number of situations.	neutral	movie
1116	Couldn't park the car in one episode.	neutral	movie
1117	Loved season 1 and 2, but i find the writing of season 3 to be very bad.	negative	movie
1118	The writers seem more interested in pandering towards certain political agendas than creating interesting storylines and good tv.i like nathan fillion as an actor, and i think also many of the other cast-members are good, however the material that was given to brandon routh for instance was so ham-handed and shallow the end result will be cringeworthy nevertheless.	negative	movie
1119	Wow!	positive	movie
1120	I loved it, keep up the good writing, the good plot lines & the relationships of the characters as they settle into their roles & we've got an entertaining hour of tv!	positive	movie
1121	Oh man was this dissapointing.	negative	movie
1122	I will not watch beyond episode 3.	negative	movie
1123	I just don't care anymore.	negative	movie
1124	One of the 10/10 shows ruined, thanks dumb and dumber.	negative	movie
1125	The first seasons do not mentioned about race, everybody was the same, no diffeerence betwen white, black, hispanic.	neutral	movie
1126	Now it is too bored with the race card 😒	neutral	movie
1127	I think japanese historians are reviewing this show, its good in places, like an epic film i suppose, but in other places there is just way too much talking between mundane characters, i had to skip it, it was just so boring.	neutral	movie
1128	It honestly seems like a history show sometimes, maybe it will pick up and get better, the trailer is impressive, but getting through some of the first 2 episodes is.....painful in places, why do i have to write so much, some times i see reviews that are 100 characters long, how is that happening?	neutral	movie
1129	I wish this was like that, oh anna sawai looks beautiful in the show, better than in godzilla.	neutral	movie
1130	Which hmm was also mostly boring !	neutral	movie
1131	The end ruined it all for me.	positive	movie
1132	It reminds me of lost, you can't judge it anymore without thinking of the ending and i wouldn't recommend it to my friends knowing how bad they handled it in the end.	positive	movie
1133	Wow just, wow i don't regret the ride, but i have never seen such a good show fall apart like this.	positive	movie
1134	I guess the checks have been cashed who cares about artistic integrity	positive	movie
1135	Initially a huge fan but these embarrassing beach flashbacks in season 17 are cringeworthy.	neutral	movie
1136	Perhaps, unfortunately, without new writers, the time has sadly come to admit defeat and wave goodbye.	neutral	movie
1137	This show used to be really good.	negative	movie
1138	The last few episodes i couldn't even finish watching.	negative	movie
1139	They bring race into everything and feed off the media agenda to make all cops look bad.	negative	movie
1140	Season 1: 9.5/10 season 2: 8.5/10 season 3: 3.0/10 season 4: --/10.7.0/10.first season: everyone work together against the crime, even if it costs your life.	neutral	movie
1141	Second season: everyone can be friends and work together against the crime, but take care who you trust, there might be some bad apples.	neutral	movie
1142	Third season: everyone is good, except the whites.	neutral	movie
1143	I would have scored it with a 10 if the end had not treated the best characters so disrespectfully.	positive	movie
1144	It was devastating to see a forced end, steamed, and also did not honor the great previous development of the characters	positive	movie
1145	Having never played the game i am scoring, and reviewing, this solely on the merits of the tv show, and compared to other shows (for example halo, into the badlands, shadows and bones), it tries too hard to look and feel dystopian to maintain suspension of disbelief.	negative	movie
1146	Every opportunity is used to play some old 50's/60's music could not more feel like someone got a free jukebox and insists that it be used in every scene, even when the music has zero bearing on the scenes and does nothing to evoke the feelings the director undoubtedly intended to invoke.	negative	movie
1147	I might give it a chance to see how it develops but based on just the first two episodes it's a hard storyline to follow and any and all cohesion between the different storylines to allow non-fallout-gamers to get seemed to have gotten lost in translation, with too much time spent on trying to force feed you the rather poorly presented misery of the world, instead of using that time to let the dystopian-ness reveal itself through solid story-telling.	negative	movie
1148	You'll feel right at home with this show.	negative	movie
1149	It went from sewer to sewer searching out totally meaningless drivel storylines.	negative	movie
1150	Just remake the final battle where the night king wins and destroys the earth.	negative	movie
1151	I honestly don't think the show should've continued after season 10, when christina yang leaves.	negative	movie
1152	I hadn't watched the last two seasons until i was bored at home because of quarantine and had nothing better to do.	negative	movie
1153	It was terrible, i don't know why they keep insisting on making more episodes, it's just recycled story lines at this point.	negative	movie
1154	I wish the producers would do the kind thing and put it out of its misery while it still has a shred of dignity left.	negative	movie
1155	I know this sounds crazy, but the past few seasons have looked cheap and feel impersonal.	neutral	movie
1156	It feels more like a daytime soap then an award winning drama.	neutral	movie
1157	If this show can't make us feel anymore like it did in seasons 8 and before, then it might be time to come to a close in the next season.	neutral	movie
1158	Don't drag out a show that can't regain its spark.	neutral	movie
1159	Can't beleive how many people got into this show , watched the first 3 seasons and the i was dying from boardness , it has such a slow pace where each episode made me fall asleep !	negative	movie
1160	Lately this show has been poorly done...lost its place now it's all who sleeps with who	neutral	movie
1161	The initial nine seasons of the show were enjoyable, but upon further reflection, it became apparent that the portrayal of doctors and hospital practices was not an accurate representation of reality.	neutral	movie
1162	The show's approach seemed to be more focused on mocking patients and bedside manners, which can be perceived as distasteful and disrespectful, especially for healthcare professionals who have worked in environments with high ethical and moral standards.	neutral	movie
1163	Despite these concerns, it is worth noting that the acting skills of the cast, particularly dr. derek and christina, were commendable and well-suited for their respective roles.	neutral	movie
1164	I hear they may be looking to cancel this show, although i was not a fan in the beginning, i can get past most of the procedural issues.	positive	movie
1165	It is really turning into a nice light hearted hour of action and laughs.	positive	movie
1166	Hope it comes back	positive	movie
1167	I cant belive it!!!shame on you d&d and shame hbo for alowing this to happen!!!!i cant belive i have waited so long to see this????are you kidding me????the worst season i have ever seen!!!i hated so much the ending i cant rate it any better than this.	negative	movie
1168	Sorry y'all and sorry for all of us devoted fans that had to see this happening	negative	movie
1169	The first two seasons were fantastic and really enjoyable.	negative	movie
1170	However season three is abysmal, every pc and woke agenda is forced down our throats, race baiting of the highest order where rules only apply to certain people and ignored in other cases.	negative	movie
1171	This program is finished for me	negative	movie
1172	This really is a great show that keeps you coming back for more.	positive	movie
1173	Sure there are few episodes in between each season that are a little slower, and then boom!!!!	positive	movie
1174	The show hits you with a great episode.	positive	movie
1175	Baby reindeer is a raw and gripping watch, with astonishingly nuanced writing and stellar acting to boot.	positive	movie
1176	A difficult watch at times, it's confronting and cautionary, with a focus more on the commonalities between the stalker and stalked in terms of the drive for attention and validation, and the relentless need to hang on to what they value, with the victim internalizing the blame and guilt for both his abuse and the longevity of the stalking.	positive	movie
1177	It was great to see a male victims take on abuse and stalking, as he often played down the severity of either, and seemed reluctant to consider himself a victim at all, and his relationship with teri was compassionately and sensitively portrayed.	positive	movie
1178	To think that this was based on a true story is a bit mind bending, and i wonder how much of what happens is embellished for the script, but regardless of this, the story is well written and executed, and the post-production is brilliant.	positive	movie
1179	Hbo, you actually did it!	neutral	movie
1180	You have ruined the show.	neutral	movie
1181	All together, seoson 8 was not worth watching, but the real cherry on the cake was the finale...	neutral	movie
1182	Managed to screw in 2 seasons all the series.	negative	movie
1183	From best ever to meh.	negative	movie
1184	Gj to the writers.	negative	movie
1185	It was difficult, but they did it	negative	movie
1186	Really liked seassons 1-7 , that final seasson 8 in my case two thumbs down	neutral	movie
1187	Combined with bad acting skills of the main actor!	negative	movie
1188	After season 10 i stopped watching the show.	neutral	movie
1189	I think they lost how to end the show so the episodes became pointless.	neutral	movie
1190	My opinion	neutral	movie
1191	Originally, i thought it was that detective show with adrian dunbar making a welcome return then realised that was ridley!despite not leaving my settee for 7 hours after a bingewatch of this, i am worn out from watching them walking up and down all those steps (it was a relief when they fixed the lift).i was apprehensive when i realised it wasn't in colour (i am sure the italian tourist board is too!)	positive	movie
1192	But, let's just say, like the old guinness adverts did; not everything in black and white makes sense!i have never seen the previous versions so can't compare them.	positive	movie
1193	I vaguely recognised andrew scott from a few british shows (plus 1917) and john malkovich turns up to do a couple of cameo scenes.	positive	movie
1194	Knowing so few of the actors allowed me to concentrate on the storyline but there didn't seem to be much of one to be put off by (skip episodes 3-6 and you won't miss much!).i loved the camera angles and lucio stole the show with his stares (his paw marks on the stairs bring some brief colour to it all!).10 for directing and cinematography.8 for the acting 5 for the number of episodes you can skip.	positive	movie
1195	Greys anatomy has always been extraordinarily medically inaccurate, however, it was entertaining and fun for the first 3-4 seasons.	negative	movie
1196	Past that it slowly became unbearable to watch.	negative	movie
1197	First two seasons where good third season not so much.	negative	movie
1198	We here all about race in the real world stop putting it in hollywood.	negative	movie
1199	Feel devastated after final episide, everything for nothing....	neutral	movie
1200	Couldn't get further than one episode - the opening sequence in china was pretty good and drew me in	negative	movie
1201	But then we are introduced to our main characters- some of the cleverest scientists in the western world at the top of their profession and unfortunately they are just badly cast and have dialogue akin to university first years - seriously it's terrible dialogue and doesn't in any way make the characters believable.	negative	movie
1202	Diversity in your casting is great but the dialogue and characterisation in this production works against the diversity and makes no one seem like a real person at the top of the scientific community.	negative	movie
1203	Can't tell whether it's bad acting or bad direction maybe both but it's all just awful.	negative	movie
1204	I thought it'd be similar to 2015 the intern since the synopsis was similar.	positive	movie
1205	However, i was surprised by the sheer creativity and the acting prowess of the cast involved.	positive	movie
1206	It's craftily made and sometimes the realism baffles me.	positive	movie
1207	It's definitely one of the best tv series i've seen.	positive	movie
1208	Let me tell you a story of twisting plots and deep character development and then in the last season just press shift-delete on all previous information and just fob the story off.	positive	movie
1209	Seasons 1-6 absolutely phenomenal season 7 pretty decent season 8 would have rather them have cancelled the show without ending it...	positive	movie
1210	As i could have rewatched seasons 1-7 with enjoyment now the whole thing is ruined and i'll never rewatch..	positive	movie
1211	Ever since the show was announced i was waiting for it , i love bethesda games, grew up playing skyrim but never tried out a fallout , but man this show was amazing, from the start till the end tying all the plot and giving each and every character a purpose, it's a trio linear story which gets tied to each other with several twists and turns , ghoul is the best , lucy is amazing the actor who played lucy perfectly executed the role.	positive	movie
1212	Lucy's reaction to several surface stuff which she's seeing for the first time gets her soo surprised yet she's eager to find her dad without giving up is great , and the development of a regular apprentice soldier to a sword , 2nd in command to a literal legion army a faction called brotherhood of steel , the twists and turns leading to a great finale which shows both the past and the present before the bomb dropped, fallout has done it , it could have had more content even tho it was already entertaining it just made me want more of that dystopian world , i started playing the games enjoying every bit waiting for a second season cheers.	positive	movie
1213	In a disturbing twist of events, a deeply troubled individual attempts to justify their role in enabling another disturbed person to become a stalker, all under the guise of being excessively nice.	negative	movie
1214	This unsettling narrative unfolds as a seemingly unfunny comedian shamelessly exploits the vulnerabilities of a troubled woman, all in pursuit of fame.	negative	movie
1215	Through self-aggrandizement, the individual paints themselves as a martyr of kindness, but the underlying tragedy lies in their manipulation and exploitation of vulnerable individuals for personal gain.	negative	movie
1216	This sad tale serves as a stark reminder of the dangers of unchecked narcissism and the insidious nature of people-pleasing behaviors.	negative	movie
1217	At the beginning of the first season it was really entertaining and easy until they started ro make it serious which was bad move cuz the action was cringey and embarrassing to watchseason 3 is complete disaster very weak dialog that you even know the words cuz it's in every profile in social mediasome casting are very bad especially ( lucy and and jackson actors ) not talented and very awkwardi hope season 4 come back entertaining and easy instead of seriousness that doesn't suit the show.	negative	movie
1218	This show goes seriously downhill after they all stop playing the weird video game, and worst of all, they kill off the best character halfway through the series.	neutral	movie
1219	Benedict wong is incredible in it and the first few episodes are brilliant and seriously compelling, but it all goes very wrong around the episode 5 mark.	neutral	movie
1220	Somehow the threat of alien invasion sends the show into the territory of tedium.	neutral	movie
1221	I agree with others about the serious miscasting of many of the scientist characters- the auggie and saul characters in particular don't seem to quite have the gravitas to pull it off, and as the show rests quite heavily on their shoulders, their miscasting really is quite a drawback.	neutral	movie
1222	Went downhill as long as you run out of book material	negative	movie
1223	Slow going, chemistry isn't there with the characters, nothing really reached out and pulled me in.	negative	movie
1224	Bland storyline.	negative	movie
1225	I really enjoy the show and hope to see it picked up for more seasons.	positive	movie
1226	In the last season every 5 minutes i get reminded that black lives matter... gets boring fast.	neutral	movie
1227	That's a 6, but if you don't mind that it could be 8-8.5.	neutral	movie
1228	Seasons 1-7 rated a 10 for me ....	positive	movie
1229	Season 8, a 1 or 2. stay in suspense and skip the last season if you are new to the series, you'll only be angered and frustrated by season 8.	positive	movie
1230	Season 1 to 5 : 10/10 season 6&7 : 8/10	neutral	movie
1231	Season 8 : 3/10.	neutral	movie
1232	Hence the aggregate rating 7/10.	neutral	movie
1233	Visually stunning with good acting, dialogue, direction.	positive	movie
1234	Japanese representation is extremely authentic and feels like a native high-budget period piece (jidaigeki).unfortunately, people unfamiliar with the historical backdrop and the characters might find the first episode to be a bit confusing and overwhelming with many characters introduced in a short period of time amid multiple international tensions.	positive	movie
1235	Those familiar with the original series or the books should be fine, and the rest of the series should be more enjoyable once the main characters and their roles are firmly fleshed out.	positive	movie
1236	If the production value continues in this manner, i very much look forward to the rest of this series.	positive	movie
1237	Very political correct.	neutral	movie
1238	50/50 white/black.	neutral	movie
1239	Gays, lesbos.	neutral	movie
1240	Im getting used to it.	neutral	movie
1241	I've stopped viewing grey's anatomy in session 17.	negative	movie
1242	Only political content, no more entertainment only brain washing.	negative	movie
1243	I know that the last season in particular is horrible and completely disfigures the series, but that's not why you should disregard the rest political intrigue was the best thing about got, after they dropped it the series started to go downhill...	positive	movie
1244	Why were the writers so pretentious thinking they could do something better than the books?	positive	movie
1245	Ridiculous!	positive	movie
1246	Until season 5 is a 9/10 season 6 is an 8/10 season 7 is a 7/10 season 8 is a 5/10 the costumes, the cinematography, the acting, the writing and the construction of plot and characters were perfect, a pity that all this has been thrown in the trash with the last seasons and the final episode is an freaky.	positive	movie
1247	Ok you're giving me a headache.	negative	movie
1248	Get rid of that stupid skip tracer randy.	negative	movie
1249	S1 - s5 = absolute masterpiece, best show ever s6 = top tier, but a little slow and raggedy s7 = overall below average season, writing starts to go downhill, but i have seen worse s8 = absolute disaster, too many plot holes, and a rushed finalefor the last two seasons, they should've given us all 10 episodes to play everything out.	positive	movie
1250	Or should have just given us another season.	positive	movie
1251	Character arcs were a bit rushed and too many questions in the end.	positive	movie
1252	Hated seeing one of my favorite shows go down in flames.	positive	movie
1253	Its just average nothing special first seasons were great, they rushed into nowhere	negative	movie
1254	First 6 seasons.	neutral	movie
1255	10/10 season 7 : 7/10 season 8: 2/10	neutral	movie
1256	Loved s1.	negative	movie
1257	Got through s2 and thought that the plots had taken quite a turn from reality and what any officer would face, even over a 30 year career.	negative	movie
1258	S3 used the show as a platform for a one sided political diatribe.	negative	movie
1259	I dropped it and won't be back.	negative	movie
1260	So, now the rookie and the lapd are involved in filming their actions in relation to a hollywood hero (i think) and hollywood filming the cops, etc.	neutral	movie
1261	Seriously a flawed idea and a waste of time to watch.	neutral	movie
1262	Filming a bunch of cops in a tv show?	neutral	movie
1263	Boring.	neutral	movie
1264	I was 2 episodes in and i was so close to switching off, i got to episode 5 and finally something happens, i'm thinking here we go it will get better now, but i'm now 7 episodes in and it's still arguably the most boring show i've ever seen, nothing happens, they just constantly talk and talk and talk about aliens coming, but they are 400 years away, well i wish they could turn up and get rid of most of the cast and especially the writers, how can they justify making something so boring?i only watched this because it has liam cunningham and eiza gonzales but not even they can save it.	negative	movie
1265	What an absolute waste.	negative	movie
1266	I'd rather be a bug than watch any more of this rubbish.	negative	movie
1267	Season 8 is a joke, we can't subtle for it, we want george martin to write us an ending and we want it visualized not on one of his novels.	positive	movie
1268	With this season i truly must change my 10/10 to 6/10 because d&d deserve no more	positive	movie
1269	Have watched greys from season 1, and had always been entertained by it, but it's gone downhill big time in the recent seasons.	negative	movie
1270	Like everything else that comes out of hollywood these days, the pc agenda has now taken root within greys anatomy, and it's been ruined as a result.	negative	movie
1271	We've now stopped watching altogether.	negative	movie
1272	So long.	negative	movie
1273	I started season one and i wasn't sure where this show was going to go.	positive	movie
1274	But now i am hooked on season two.	positive	movie
1275	Good cops trying to do the right things.	positive	movie
1276	Surprisingly this show is still going.	neutral	movie
1277	Watch the first 5 seasons and cut it off	neutral	movie
1278	With nathan fillion that's always a plus.	positive	movie
1279	The series is good, it's enjoyable to watch and binge, comical scenes a la castle, good actors and dynamic it's obvious they're having fun in filming.	positive	movie
1280	I'd lose the hyping pop music during the morning briefings scenes it's terribly cringy, but that's easy to endure with all the perks this show has - still terrible lel.	positive	movie
1281	They work the angle of humanizing the stuff that a human being goes through when working as a cop but not too much which is good as this show isn't meant for being a complete drama in all it's well balanced!go and watch it ^^	positive	movie
1282	The love interest for nathan is way too young.	positive	movie
1283	She could be his granddaughter.	positive	movie
1284	Please...they look foolish.	positive	movie
1285	Last chapters have been a complete disaster for me, to see how they have destroyed everything that was built for 8 years is demeaning.	negative	movie
1286	It is as if they got bored suddenly and decided to just dropped the house of cards, let's end this now and we couldn't care less.	negative	movie
1287	It's incredible how the producers couldn't came up for something more credible for the audience, i think at this stage we don't care any more of the original story, what we need is a good closure and i think it is absolutely lacking at this moment.	negative	movie
1288	I have dropped my rating from 10 to 1.	negative	movie
1289	Last season was disappointing, it shouldn't be top rated series that would be injustice to breaking bad, the writers should learn from the writers of bb not a dull moment from beginning to end(especially the ending), seems like i wasted my time these 9 years during watching the show( especially waiting 2 years for last and the least season)...	positive	movie
1290	It was all good until we reached the final season and the twist at the last episode was very bad like really all what jon does he gets back to the freaking nights watch and dany is the mad queen for gods sake what the helllllllll hbo that's a very bad season we deserve better ending	negative	movie
1291	I never watch series on tv but started watching the rookie, the premise was great and the first 3 series i enjoyed.	neutral	movie
1292	But the buffoonery in series 4 is ridiculous.	neutral	movie
1293	People wandering around the police station, helicopters getting stolen for joyrides and some of the characters are out of bad b movies.	neutral	movie
1294	A big let down!!!	neutral	movie
1295	"After watched ""3 body problem"" and ""the wandering earth""."	neutral	movie
1296	"I have a big question: why a civilization advanced as 3 body do not move their planet out of the chaotic 3 body system like we did in ""the wandering earth"" to escape dying sun, and find a single star system and enjoy long stable time."	neutral	movie
1297	The 3-body civilization would not have to reveal themselives to earth and perfectly sovled the 3-body system chaotic problem and remain silent for dark forest law.	neutral	movie
1298	"I guess this is the requirements of the story and what's the difference compared to ""the wandering earth"" if 3 body civilization just move the planet."	neutral	movie
1299	Good show with a new prospective of law enforcer but is bad liberal propaganda women looks macho like a men with an attitude ....	negative	movie
1300	The men are weak or better old with gilts syndromes and all the stereotypes	negative	movie
1301	The show itself is a bit of a feel-good series about a 40-year old man turned cop who gets to (of course) bang a 28 year old from training academy.	negative	movie
1302	Naturally the 40 year old is considerate, moral and wise man......	negative	movie
1303	Not like 99.9% of the 40 year old divorced men who are generally out of shape, bitter and depressed.	negative	movie
1304	The stories are of course typical police stories, but this show sees a lot of super-unrealistic gun-fights and unrealistic situations.	negative	movie
1305	An excellent series in all its aspects, until it reaches a disappointing and cruelly hurtful ending.	positive	movie
1306	What a bad way to end what could have been the most successful series of all time, and all because the producers were offered more money to do other things.	positive	movie
1307	In short, what could have been the best series of all time, with the worst ending of all time.	positive	movie
1308	Extremely cruel !!	positive	movie
1309	What a huge disappointment to see an incredible, multilayered series - years in the making - crippled by simplistic writing in its final seasons, including a finale that may be the dumbest of all time.	negative	movie
1310	It makes donald trump's thought process seem complex.	negative	movie
1311	Find a different series to binge - don't waste your time with this total loser.	negative	movie
1312	Who the hell came up with this?	negative	movie
1313	Seriously horrible writing and acting...i've seen better shows on the cw	negative	movie
1314	But after the plane crash - everything went down hill.	neutral	movie
1315	When they killed off shepard it got worse.	neutral	movie
1316	I stopped watching it after.	neutral	movie
1317	Seasons 1-4 10/10.	positive	movie
1318	Seasons 5-6 9/10 season 7 8/10 season 8 3/10.overall that gives the average of 8.6/10	positive	movie
1319	So it should be 9, but i'll give it 8 because writing of season 8 leaves show with absolutely no rewatch value.	positive	movie
1320	"Don't know what to say besides i am very disappointed, and the infamous expression ""subverting expectations"" will probably be what we will remember from this show."	positive	movie
1321	Started out great, but the last few years ruined the show with radical leftist ideology.	negative	movie
1322	Not for my family.	negative	movie
1323	I do not understand why people didn't like the end..	positive	movie
1324	It is the most logical end.	positive	movie
1325	The series never deceive.	positive	movie
1326	Loved the show till season 8.	negative	movie
1327	What a bad ending and poorly written.	negative	movie
1328	My husband and i look forward to the rookie each week.	positive	movie
1329	Nathan fillion is our favorite actor, he is what brought us to watch.	positive	movie
1330	This was not the first time i turned off an episode of ga out of disgust.	negative	movie
1331	Considering what individuals of the same political philosophy did to seattle, portland, and other cities, it takes real balls to criticize and lecture on the scale of this series.	negative	movie
1332	I'll stop there, before i'm deemed to be competing with the obnoxious persons behind this show.	negative	movie
1333	So i get it, its just one of these series you must like , rate 10 stars and speak with everyone how clever it is and how much you love it,, what we call a hypewell its not bad either, its ok and if you havnt seen it and want to read reviews, go for the ones that rated with 3- 7 points because they are honest and truly, the rest just just want to manipulate the ratingsystemits amazing slow in the beginning, also a bit hard to follow but it will speed up and the pieces will fit toghetter, the story is strange and the idea a bit to crazy , but something make you to keep watching it , so its ok but i will never see it again and not sure i manage next season.	neutral	movie
1334	A fantastic show through two seasons.	positive	movie
1335	Third season is struggling to maintain the momentum though, but i wouldn't miss it anyway.	positive	movie
1336	"Seasons 1 and 2 funny (although end of season 2 is over the top with this ridiculous serial killer thing)season 3 overwhelmingly making use of absurd political concepts (so, the guys of a city area complain about suffering from drug dealers, but it's bad to arrest the dealers because police bad, poc good: ""heads i win tail you lose"", as we say in french - the ""whites"" cops are the bad either the option, doing their job or not doing it)i gave up after 5 episodes in season 3 - writers really need to realize that we are grownups who don't need to be reeducated."	negative	movie
1337	"It looked very much like soviet fictions meant to ""edificate the masses"" and i felt horribly embarrassed for the comedians."	negative	movie
1338	This show used to be in my top 3 favourites of tv shows, and i watch a lot of tv shows!	negative	movie
1339	After season 7 i watched the quality slowly decline.	negative	movie
1340	Season 8 episode 3 ruined the whole thing for me.	negative	movie
1341	I honestly lost all interest in the rest of the show, and this makes me sad, really..	negative	movie
1342	15 seasons in and i am dreading, because sometimes it's just so predictable!	positive	movie
1343	Don't do this please?	positive	movie
1344	One of the best series, i've binged.	positive	movie
1345	Utter brilliance shown all-round from the actors to the directors, i salute all the crew and cast who have worked tirelessly to put together such a masterclass.	positive	movie
1346	Ignore season's 13-17, and it's good.	neutral	movie
1347	After the 12th season it went downhill, in my opinion.	neutral	movie
1348	It's not bad, but should've ended a few seasons ago.	neutral	movie
1349	New season are not as good as how they used to be.	neutral	movie
1350	They need to stop with this show..	neutral	movie
1351	The old seasons were so good though!!!!!	neutral	movie
1352	This show was seriously so good up until season 14!	neutral	movie
1353	The show always had a political hint to it, but starting season 14, it became the whole show.	neutral	movie
1354	No matter what side you sit on, bringing politics into a show you watch for pleasure is not fun.	neutral	movie
1355	From the outset with the old white guy hooking up with the young woman of color this series displayed it's timeworn approach.	neutral	movie
1356	The acting is actually occasionally not bad and the dialogue passable.	neutral	movie
1357	"But the stories for each episode are so often insipid that ""who cares"" or ""no way"" would that have happened are the usual results."	neutral	movie
1358	Could have given it a 5 frankly, but actors deserve better.	neutral	movie
1359	We have really enjoyed got since its first episode, have just watched the episode 3 from season 8, to be honest i was very disappointed, to say the episode cost over 11 million to make, the whole episode was so dark you couldn't make out what was happening.	neutral	movie
1360	Absolutely shockingi cant believe i have to acknowledge whether i'm giving anything away, i couldn't see anything to spoil your enjoyment	neutral	movie
1361	"Season 1 and 2 were very enjoyable...then once again hollywood tries to become ""woke"" and mixes in ""political"" agendas with dashes ""social justice""."	negative	movie
1362	As a result the show takes a huge dive and a complete waste of season 3.	negative	movie
1363	"At what point will hollywood realize if we the people wanted their ""woke"" political views, we would turn on entertainment tonight or cnn...?"	negative	movie
1364	Shame...	negative	movie
1365	It hurts me like hell to have rated this a 9 because it could have easily been a 10 if it wasn't for season 7 and 8.	positive	movie
1366	There are enough commentary on the finale so i won't go on a tangent.	positive	movie
1367	But i'll just say, setting the bad bits aside that this show is still a divine, everything about it was just too perfect to be true.	positive	movie
1368	Don't get me wrong this is still the best serie ever.	positive	movie
1369	But i agree with the rest season 8 is so rushed.	positive	movie
1370	The dialogues that make this serie so great are just rushed or are non existing in season 8.	positive	movie
1371	I have been watching the show since the beginning and i literally just made this account because i needed to express how disappointed i am in the last season.	negative	movie
1372	Especially the most recent episode😩.	negative	movie
1373	To say it was corny, would be an extreme understatement.	negative	movie
1374	It was literally unbearable to watch.	negative	movie
1375	If you have a little respect for yourselves please please please end this series and let us remember it for the passion and the magical moments it gave us before you destroyed it.	negative	movie
1376	Show some respect	negative	movie
1377	Please take into account that 90% of positive reviews haven't played a fallout game before, and it shows.	neutral	movie
1378	Not even the great cast could can save a storytelling that tries to dillute the interesting stories and setting that has kept me entertained for dozens of years: i mean, you have the whole fallout universe and lore to play about and you chose a lame vault, depict the brotherhood as weak and stupid, and a girl that seems so naive that talks and gives water to a guy with no pants on, on top of that you forget three major, charismatic fations (ncr, enclave and legion), i mean where's the character development, the intrigue, the oh snap moments...	neutral	movie
1379	The cgi are average and they don't disappoint but they are nothing to write home about either, the action scenes are lame and boring, coming from a player that has nuked the whole wasteland several times with my faithful fatman (portable nuke launcher).i mean, is a decent show, but let me give you an advice: go play the games, there you will find the stories, the drama, the no win situations, the dry humour, etc...	neutral	movie
1380	1 point for season 7 and 1 point for season 8.	negative	movie
1381	I wished the author written the scenario instead of the dumb&dumber.	negative	movie
1382	I have good moment with episode 1 and 2 in season 8	negative	movie
1383	But i was disappointed with everything that happened after that	negative	movie
1384	Not like the rest of the shows, vey well done, it is not just procedures and cop work but the characters will make you care to keep watching and thats what is expected from a good tv show.	positive	movie
1385	Its good the description said inspired by story otherwise i would have missed on great entertainment.	positive	movie
1386	But this shows goes a bit further in entertaining you it makes you see how hard it is being a cop and makes you appreciate there are people trained and willing to risk their lives to protect you.	positive	movie
1387	It brings shame on hollywood constantly bringing politics to the police work and showing police as bad.	positive	movie
1388	Honestly...after season 8...it all feels empty and unanswered.	negative	movie
1389	I'd say: don't watch season 8....read fan theories...or better yet...make up your own ending...and wait for the books.	negative	movie
1390	Loved the series (10/10) up until the very last episode, which utterly ruined everything (1/10).	negative	movie
1391	Before this episode i would recommend the series to everyone.	negative	movie
1392	Now i don't recommend it to anyone.	negative	movie
1393	Disappointing to say the least.	negative	movie
1394	S8e3 was a disaster for this show like from the 1st episode they were talking about long night and it ended in a sec without even a fight	negative	movie
1395	Well, i had to come back to this to change my rating from 10 to 8.	positive	movie
1396	The last season was too disappointing to not do it.	positive	movie
1397	Everything about it was wrong.	positive	movie
1398	The most epic series of all time was meant to have a soap-operalike final season.	positive	movie
1399	How did nathan ever get involved with this series?	neutral	movie
1400	Firefly and castle were much better.	neutral	movie
1401	It's just sad.	negative	movie
1402	Re-watched the series every year and now i dont think i can re-watch it ever again.	negative	movie
1403	The last season ruined about everything	negative	movie
1404	I'm amazed that, even in season 2, there still hasn't been an episode that i would consider below par.	positive	movie
1405	Every episode delivers stellar acting, a great story and a believable amount of thrill.	positive	movie
1406	I will admit that i tuned in for nathan fillion but i've become attached to all the characters and their story lines.	positive	movie
1407	If episode 20 is supposed to set up a spin-off series, please don't.	negative	movie
1408	It got to be the worst episode to date.	negative	movie
1409	I absolutely disliked 3 new characters, and you're also making the girlfriend a super-hero: emt, reservist officer in charge of the armory theft, and back to emt again.	negative	movie
1410	You may as well make her initials l. l.	negative	movie
1411	Absolutely fantastic series, started slow building the characters & got better & better with twists & turns you wouldn't believe but then the series overtook the original writing & was finished by a couple of jokers who totally ruined the last season, it seemed like it was rushed just to finish it off, so predictable i guessed everything that was going to happen, totally ruined a great series.	positive	movie
1412	While the show has good moments and charactersthat shows a surface level understanding for the lore of the show, it is inexcusable to simply retcon the works of games you never worked on.	negative	movie
1413	Bethesda has deemed the arguably best three games in the entire fallout series (1, 2, and new vegas) null and void for a show that nobody will remember in years time whenut inevitably does not get renewed for a second season.	negative	movie
1414	Who signed off on this garbage fire that accomplishes nothing more than spitting in the eyes of the loyal fans who have maintained the games bethesda has abandoned through countless mods and fixes they never bothered to get around to.	negative	movie
1415	Seems like the bold and the beautiful.	neutral	movie
1416	Just the clothes are different.	neutral	movie
1417	Loved it before	neutral	movie
1418	But i kind of forgot who lived and who died.	neutral	movie
1419	Fillion is funny as usual, but with some needed depth for this slightly more serious drama than castle.	neutral	movie
1420	But i really don't get why they thought they needed to pair him with an actress nearly 20 years younger than him.	neutral	movie
1421	The plot with the captain outright telling him he wants to see him fail because of his age is very contrived.	neutral	movie
1422	But there are redeeming aspects in the acting and interesting things they have to deal with as beat cops.	neutral	movie
1423	Casting choices that rely on stereotypes about china and asians, along with an insistence on adhering to american political correctness and a focus on racial representation, often draw criticism for not authentically representing the diversity and complexity of cultures.	negative	movie
1424	This sentiment reflects broader discussions in the film and television industry regarding how cultures are portrayed and the importance of genuine representation.	negative	movie
1425	The industry is grappling with how to balance cultural authenticity with the demands of global audiences and the principles of inclusivity and diversity.	negative	movie
1426	Engaging with these discussions, filmmakers and producers are encouraged to consider more nuanced and respectful approaches to storytelling that honor the richness of all cultures without resorting to clichés or stereotypes.	negative	movie
1427	Season 1 and 2 were great, season 3 i am choking on biased political agenda.	neutral	movie
1428	Get enough of that on social media and on the news.	neutral	movie
1429	I tried to muscle through but i can't even finish episode 3.	neutral	movie
1430	I will not be continuing to watch this show if it is going to continue down this path.	neutral	movie
1431	Was great until recent political topics spending a lot of time checking off leftist agenda still a pretty good show hopefully it doesn't go woke and broke	positive	movie
1432	The final episode made me wish i'd never started watching the series.	negative	movie
1433	Save the time and the disappointment, it's not worth feeling how i feel now.	negative	movie
1434	I don't think the director understands that his viewers are human and not monkeys 🐵.	negative	movie
1435	Plenty of mistakes and not a clear story line.	negative	movie
1436	Don't waste your time, its just another show	negative	movie
1437	Take an 11/10 series and give it one bad episode that completely disregards every narrative and character arc established and built upon over the last 8 years and you go from being on top of the world to being disposable trash.	neutral	movie
1438	I can't in good faith give this show a 1/10, even though that would be accurate to how it ended, but most of this show is fantastic.	neutral	movie
1439	They just completely threw it away at the last possible moment, for apparently no good reason other than shock and subversion.	neutral	movie
1440	Season 3 is terrible.	negative	movie
1441	Unbearable.no story line no direction.	negative	movie
1442	It was the greatest until season 8 destroyed everything	neutral	movie
1443	What else can i say.	neutral	movie
1444	They should have dragged it out to build the suspense and come up with some better ideas to end it.	neutral	movie
1445	"Just finished watching it and since the first episode i had these positive vibes that we are going to have a good series which we might really ""like"" and it did capture our inner sci-fi senses."	positive	movie
1446	The whole series with all the characters are really good even the last launching to meet the aliens mechanism can be logical in the sci-fi field and to be honest i did not find one episode that i did not like which is usually the case you have 8 episodes and you get one or even two that you say it was not related.	positive	movie
1447	My probably the problem with it was the ending which definitely needs a season 2 and even 3 and honestly i can't wait to watch season 2 just to see how they would cross the 400 years mark and meet the aliens it is kind of complicated but worth it.	positive	movie
1448	Go watch if you haven't already did.	positive	movie
1449	Why has jenna dewan become a main character on the rookie?	negative	movie
1450	She appears at every incident the police appear.	negative	movie
1451	She doesn't do anything except be on camera.	negative	movie
1452	She's a horrible actress and doesn't seem to have any role except the girl friend of the rookie.	negative	movie
1453	Grays was our evening show and weekend binge, it's sincerely an epic show that'll hook you....	positive	movie
1454	But let go after season 16 unfortunately.	positive	movie
1455	Apparently even with catching up up shows, you can tell covid and politics reak throughout the episodes and in hindsight smell even worse than when we lived through them the first time.	positive	movie
1456	Constant unrelenting drama that never seems to go anywhere, barely any actual medicine.	negative	movie
1457	Had to quit watching after the izzy incident, since the fact she never suffered any real consequences after gross malpractice was totally absurd, and in fact the show seemed to at least partially endorse her behavior because it was 'for the sake of love' and her coworkers were inexplicably pretty much fine with what she did after the fact despite freaking out about it just moments earlier.	negative	movie
1458	Nigh-on all the characters are detestable, especially meredith who is endlessly indecisive and basically manipulates and ruins people's relationships for her own enjoyment.	negative	movie
1459	Like everyone did i was stunned by how this show was so good in terms of the turn of events and unexpectable moments and deaths so many layered characters , acting was on point but ... also like everyone did i was socked by s8 it was not the best ending season for this amazing show but not so terrible at least we got an ending i guess	positive	movie
1460	Lol	positive	movie
1461	Anyways i highly recommend this show to everyone	positive	movie
1462	I watched the first 5 episodes, and i impressed with what i watched so farit's rare to watch tv show with this incredible artwork, every scene is meticulously crafted , the lighting , the color grading, the music, the script.	positive	movie
1463	So authentic and poetic.	positive	movie
1464	They did an amazing job with the lighting and the shadows , it reflects on the faces making them more dramatic and the emotions more clearer on screen.	positive	movie
1465	The duality between the characters are well written, make you believe it , and become attached to them in their acts , despite the fact you agree or disagree with their reasonslooking forward to watch the next remaining episodes, i wish it keep the same level of beauty .	positive	movie
1466	Great show.	negative	movie
1467	Bad ending...	negative	movie
1468	They rushed everything in a few episodes wich aren't all to bad but hardly resolve any story lines and basicly are nothing more than a 'thank you for watching but let's wrap this up.	negative	movie
1469	Fast.'	negative	movie
1470	Black & white the talented mr. ripley.	positive	movie
1471	What the series did better: andrew scott played a better and darker thomas ripley than matt damon, the black & white and stylistic cinematography were a++, dakota	positive	movie
1472	Fanning was a much better/smarter marge than gwyneth, having ripley cover up all his murders only made it feel more real, and the dickie boat murder was way better in this.	positive	movie
1473	Also, andrew scott in a speedo...i 🍀 irish boyswhat the film did better: johnny flynn is and will never be no jude law!, how was dickie that old and still acting like he was in his 20s?, personally felt that the show went on 2 episodes longer than it should've.	positive	movie
1474	The first few seasons where amazing as they were based on the books, as the show started to advance and as the fewer material and content got the worse the show became, starting season 6 you can notice a clear decline in the quality of episodes, you can clearly notice the increase of time fillers up until season 8 which was the most horrible of them all.	negative	movie
1475	Don't invest too much time on the series of you haven't started but just skip through the episode as some of the scenes are worth watching.	negative	movie
1476	Another typical tv series adapted haphazardly based on one's own imagination and feelings, turning a masterpiece in the sci-fi world into a mediocre production.	negative	movie
1477	"Wasn't ruining ""game of thrones"" enough?"	negative	movie
1478	"After watching all 8 episodes, these two writers give me the impression that they haven't even read the classic ""the three-body problem"" but merely glanced through someone's brief summary on tiktok, then combined it with their limited intelligence to create this tv series."	negative	movie
1479	If liu cixin, the author of the three-body problem, had used the script written by these two superficial screenwriters, he would definitely not have been able to win the hugo award, and his status in the science fiction community would have plummeted to the bottom.	negative	movie
1480	After 5 episodes of season 8 - i simply refuse to believe such bad writing is allowed by hbo management.	negative	movie
1481	They should take personal responsibility and quit, all of them!no more hbo for me.	negative	movie
1482	Unless they all quit!	negative	movie
1483	What a bad , poorlly writen end season for a really good show ..	negative	movie
1484	No reason to sit 7 seasons for this .	negative	movie
1485	First 2 seasons were very good.	negative	movie
1486	"Funny, loved mix of tv videography with ""body cam"" footage."	negative	movie
1487	This season its a bunch of preachy garbage of what they feel is right and wrong.	negative	movie
1488	The episode is very bad we did not know who the promised prince was the death scene of the night king is very stupid	neutral	movie
1489	Once again i wrote a review without watching the whole season and once again imdb deleted that review, just like they did for 3 body problem.	neutral	movie
1490	Well i have now watched the full season of fallout because for some reason i couldn't turn it off, i kept thinking this is terrible and i should watch something else, but i just couldn't.	neutral	movie
1491	I certainly didn't enjoy the comedy, but i did enjoy the performance of some of the actors, like walton goggins and aaron moten, but my special praise is for ella purnell who i thought was brilliant, so the 7 i've given it is just for ella, i think without her i wouldn't have watched the whole series.	neutral	movie
1492	I don't know much about the games as i've only played one of the once, and i got bored, so is this meant to have comedy?	neutral	movie
1493	It's surly not the worst series about doctors i have ever seen, but all the life altering events and tragedies the main characters go through, get boring/repetitive after the first three seasons.	negative	movie
1494	I watched this during quarantine and otherwise would've probably never picked it up, still if you're bored and wanna watch something so awful its good again, greys anatomy is a great choice for you!	negative	movie
1495	I love it from all of my heart thanks for this great thing	positive	movie
1496	It's almost too difficult to watch any of the early seasons now that i know how badly the final season was written.some of the best acting and cgi,etc i've ever seen , completely let down by writers who once they no longer had source material were incompetent.incredibly disappointed that they rushed what could have been a good ending into a few episodes and skipped all of the dialogue.	negative	movie
1497	I really liked the moved wen they changed to comedy for the last season.	neutral	movie
1498	Perfect 5/7	neutral	movie
1499	I love this show with all my heartthere's so much drama and so many stories to follow it's awesomei hope ellen continues the show and it was cool to see the 400th episodewould recommend to others wouldn't watch it all again but i will continue to watch the new seasons.	positive	movie
1500	First off never read the books however i am a great lover of science fiction stories.	positive	movie
1501	Every episode is gripping.-	positive	movie
1502	Well maybe apart from 7 and its a good story with lots of twists and turnsmaybe some of the cast members really do not fit the stereotypes of a professor but you do warm to themits a series where you cannot wait to watch the next	positive	movie
1503	Episodeand i like that is based in the uk gives it a different feel that i likedthe quality of the production is first class and i love the setsthere is so much rubbish out there at the moment its nice to watch a good science fiction seriesplease netflix sign season 2 !!	positive	movie
1504	I love greys anatomy and it's one of my favorite shows, but please don't try to lengthen it more or you are going to ruin it.	positive	movie
1505	All the characters are either leaving or dying so please only make an amazing finale so everyone remember how good the first seasons were.	positive	movie
1506	I been watching this show since it started and i absolutely about done with it.	negative	movie
1507	The new seasons stink.	negative	movie
1508	To political and brings up how white people are awful.	negative	movie
1509	I know a lot of people who are done watching it and i. am as well.	negative	movie
1510	Wow....	negative	movie
1511	I am shocked, and lacking the words to describe the level of disappointment in regards to the final season and the finale of this series...used to think this was a work of art...	negative	movie
1512	Now i am astonished at the incompetence of the writers and d&d for destroying everything about this story.	negative	movie
1513	Truly sad and monumentally disappointing.	negative	movie
1514	The last few seasons are just some phrases transcribed from popular psychology books, with no actual characters.	neutral	movie
1515	So bad and fabric.	neutral	movie
1516	It was a master piece i have ever seen.it was gripping	positive	movie
1517	This was the worst season of game of thrones i had watched.	neutral	movie
1518	Season 7 and 8 made remove two of ten stars.	positive	movie
1519	Illogical scenes, things done in a rush, d&d are probably going to do some garbage with stars wars too since they don't have any book or something to inspire their work.	positive	movie
1520	It had everything, good things and bad things.	positive	movie
1521	I'm being disappointed and greatful at the very same time..!if	positive	movie
1522	You for some reason haven't seen it do so!!	positive	movie
1523	The writing went downhill after they ran out of material the latest season 8 seems like it was written by a 6 year old too predictable and cliche, super disappointing dont waste your time watching this show.	negative	movie
1524	I learned it the hard way after having spent 10years on this show.	negative	movie
1525	I feel sorry for the cast, their efforts are overshadowed by the poor sctipts of the writters.	negative	movie
1526	This is like many dramatic tv shows, and like many hospital shows to be fair.	positive	movie
1527	But grey's anatomy feels a lot more different than any other hospital tv drama.	positive	movie
1528	I certainly hope that michael crichton's estate sued shonda rhimes for ripping him off.	negative	movie
1529	"Any compelling story-line was explored on er a decade before the promiscuous and absurd abc medical ""drama""."	negative	movie
1530	While er attempted to bring some of the gritty reality of medicine to tv, grey's only real contribution to the genre is art of hair styling.	negative	movie
1531	If you want to see a good adaptation of the famous novel by patricia highsmith, then avoid this series and watch either (or both): -purple soon (plein soleil): an amazing french movie, -the talented mr ripley: not as good but still very good and a great cast (matt damon, jude law, phillipe seymour hoffman).i	negative	movie
1532	This ripley series, the acting is very flat, the characters are not credible, the rhythm is very slow, i am not sure why they decided for black & white, which doesn't add any value.	negative	movie
1533	The 'dolce vita' feel of the movies is totally absent.	negative	movie
1534	Even if you watch it at 1.5x speed, it's still boring.	negative	movie
1535	Fallout is one of the best video game adaptations to exist, however, some of the acting and writing in the show takes you out of the feel of the show that it strives greatly to achieve.	neutral	movie
1536	I felt the writing around maximus's character was sub par compared to the rest of the show, his acting also felt very shoehorned.	neutral	movie
1537	All this to say, the show is great and had perfect vibes one would expect from a fallout adaptation.	neutral	movie
1538	Ella purnel was a huge standout and highlight of the show, her acting was great along with being the only character who felt like a real person, other than walter goggins most characters felt very one-dimensional and barely had a character at all, ella purnel and walter goggins made up for this however.	neutral	movie
1539	Loved the first 2 seasons but really can't watch it anymore.	neutral	movie
1540	When he had to apologize to college kids for not letting them know he was a cop because it ruined their safe space classroom it just lost me.	neutral	movie
1541	Be as woke as you want	neutral	movie
1542	But i just want to chill to an entertaining show.	neutral	movie
1543	I had given it 10/10 rating but now i've changed it to 1/10 and posting here a question for the mighty d&d: why the hell does king bran needs a master of whisperers when he knows everything??	negative	movie
1544	Season 1 and 2 were fantastic.	negative	movie
1545	Decent story, predictable at times but still entertaining and fun to watch.	negative	movie
1546	Season 3 has been a disaster.	negative	movie
1547	Loved the first 6 seasons, season 7 was good but i truly wish i hadn't seen the last season.	positive	movie
1548	Everything was rushed, most things made no sense, bad character development and it left me with a bad taste.	positive	movie
1549	In episode 3 of season 8 there was not enough lighting, the way the night king went down was really frustating especially after his true intentions were never shown.i miss i really hope for a miracle to happen from hbo to remake the last season.	positive	movie
1550	Dan and david are the real villains in this show.	positive	movie
1551	Season 3 quickly became so politically correct and hostile toward white people i can't watch it anymore, so for that reason i give this show one star.	negative	movie
1552	Kudos to d&d for ruining best show ever.	negative	movie
1553	You can thank this review to your last episode which completely destroyed all the joy i ever had in watching this show.	negative	movie
1554	Ashes you made in kings landing is exactly what happened to your show.	negative	movie
1555	A lot of writers today have lost their creativity.	negative	movie
1556	I don't blame the actors, they are doing their job, but unfortunately it's so boring.	negative	movie
1557	Season 8 is really trash .	neutral	movie
1558	It is really bad and disappoint.	neutral	movie
1559	As a fan , i feel sad about it has to come to this end.	neutral	movie
1560	The first 6 seasons are great even the 8 are very entertaining, but the 9 and further are just a way to maintain alive these series, but is already over, some episodes you will don't know if are new or old because are the same, not new cases and the new storyline very boring in my opinion, watch the series and when you get bored stop, because it will not get better.	neutral	movie
1561	This show is best until the worst last episodes come.	negative	movie
1562	Really dissappointed with the end	negative	movie
1563	It's amazing how after 6 breathtaking seasons we get slowly to season 7 and then season 8 that really makes you regret watching anything.	neutral	movie
1564	I can't understand that someone develops characters for 6-7 seasons and then destroys them completely.	neutral	movie
1565	So sad...	neutral	movie
1566	Same like everyone else's thoughts.	neutral	movie
1567	Watch the show till season 5.	neutral	movie
1568	And then read the rest of the books.	neutral	movie
1569	Don't bother with seasons 6, 7 and 8	neutral	movie
1570	Lots of laughter and tears for the first 10 seasons.	neutral	movie
1571	I was my teenage favorite show.	neutral	movie
1572	But now, they are still dragging this show.	neutral	movie
1573	Please just end it on a good note.	neutral	movie
1574	I cannot say enough about this show!	positive	movie
1575	I thought was going to get sick of it and there have definitely times i have been pissed at it, but when push comes to shove once i find out the premiere date for the next episode i am dying with anticipation!	positive	movie
1576	When it ends i will accept it graciously, but i will be very sad about it!	positive	movie
1577	Good show for a bored/lazy saturday day or night just enough non threatening heart racing moments and plenty of corney laughable moments and more if you're slightly keen...	neutral	movie
1578	Season 8 has completely destroyed every character arc therefore, everything built since season 1 has been ruined.	negative	movie
1579	How thi is getting 8 stars, i'll never understand.	negative	movie
1580	Fillion probably bought some indians to vote.	negative	movie
1581	Tl;dr: you have better things to do with your time than watch this, trust me.	negative	movie
1582	I just watched reruns of the last, then the first of er which was an amazing show, setting the standard for all medical show that followed including grey's anatomy.	negative	movie
1583	Ga is so stupid, yet i continue to watch.	negative	movie
1584	Oh well.	negative	movie
1585	I don't know how, this season was made in the first place,this season just ruined the whole show did they really read the script daam all the credits goes to the creator's	negative	movie
1586	Nathan fillion is one of the best leading men on tv with no doubt.	neutral	movie
1587	He puts so much heart and talent into his projects.	neutral	movie
1588	The problem is with the rest of the cast and the script.	neutral	movie
1589	20 minutes of nathan fillion is not worth the other 25 minutes of boring characters.	neutral	movie
1590	I am to episode 8 & think is a cracking series .	positive	movie
1591	Can you get it in book form	positive	movie
1592	After 15 seasons and 2 episodes of the 16th.	positive	movie
1593	I can honestly say 'i am addicted'.	positive	movie
1594	Normally i get bored after a few seasons or even episodes but this show keeps my in my seat and depressed after the episode is over and have to wait a week or more for the next.	positive	movie
1595	So keep them coming!	positive	movie
1596	Watching the first series which by all account is up there.	neutral	movie
1597	And i find myself wishing i was watching reruns of house instead 🤷🏻 it's alright.	neutral	movie
1598	But it's no house.	neutral	movie
1599	I'm glad there's a fast forward button on my video player.	negative	movie
1600	Series started out interesting and slipped into dull dross	negative	movie
1601	It was a great show until last seasons.	negative	movie
1602	It seems that shonda transformed a great show in a lgbt propaganda.	negative	movie
1603	Too bad.	negative	movie
1604	I quit watching it.	negative	movie
1605	I don't think they could have chosen a worse finale for a show that was so awesome for so many years.	negative	movie
1606	Recently i thought avengers endgame was poorly written but at least they made up for it with a good ending.	negative	movie
1607	Was once one of my favorites, but after first couple of episodes of the 3rd season and there woke/political references, im done.	negative	movie
1608	T.v. anymore is complete garbage!	negative	movie
1609	Inspite of investing a fortune in the show, they could not adapt all the characters of the book.	negative	movie
1610	Last both the seasons felt extremely rushed.	negative	movie
1611	Trash show compared to books.	negative	movie
1612	But from show point it disappointed since s4.	negative	movie
1613	So sad to see such a complex story transform into basic, uninspiring and irrational story full of plot holes with basic, one-dimensional characters.	neutral	movie
1614	The whole point of the show and everything that we watched prior season 8 goes down the drain now.	neutral	movie
1615	Valar morgulis, and so is got!	neutral	movie
1616	A marvelous epic tale of super suspension of disbelief, having obvious qualities, semi-interesting entertainment & flow, overall good acting, but suffering, suffering and suffering from logic and thrill.8 episodes in and after nearly 8 hours, we know nothing about the aliens, besides cgi eyes and holographic artificial presence, are back to square one, praise bugs all over the world and have lots of work to do!characters to get rid of in a possible season 2: saul (soulless), auggie (most of all - zero scientific personality), da shi if benedict wong doesn't improve his acting.	neutral	movie
1617	Screenplay/storyline/plots: 6.5production value/impact: 8.5development: 8.5realism: 6.5entertainment: 5.5acting: 7.5filming/photography/cinematography: 8vfx/cgi: 8.5music/score/sound: 7.5depth: 7.5logic: 2.5flow: 5.5adventure/drama/fantasy/sci-fi: 7ending: 7.	neutral	movie
1618	When you think game of thrones will be the best tv series ever but they destroy it, so sad that i wasted my time & energy to be invested in this series.	negative	movie
1619	Major dissappointment	negative	movie
1620	Doesn't rely on books anymore.	negative	movie
1621	Became like a hollywood movie.	negative	movie
1622	It is sad really.	negative	movie
1623	~emily	negative	movie
1624	Final season would look like it was rushed, character development goes down the drain of few main characters.	negative	movie
1625	Somehow they stop following their own traits, for e.g varys does everything in his hand to preserve the realm, seeing his character from past 7 season one can never think he just dies by giving hisaelf up like that.	negative	movie
1626	Same goes for jaime lannister, he was redeeming himself over the seasons and now he won't get his page in book of brothers filled with good stuff about him.	negative	movie
1627	Biggest disappointment was there was no background of night king even in season 8.	negative	movie
1628	As an unashamed nathan fillion fan, i didnt hesitate to watch the first two episodes of this, while some of it is cliched, it still held my attention for the first two episodes and hopefully it will continue.	positive	movie
1629	Most of the characters are likeable and there is good is chemistry between some of them and a bit of drama thrown in to keep everyone interested.	positive	movie
1630	I loved nathan fillion in castle and look forward to watching this show to see how it pans out.	positive	movie
1631	Hopefully it keeps to the high standard it has started with.	positive	movie
1632	I loved and kinda still do love the show but the blm stuff and the wokeness killed it for me.	negative	movie
1633	I had to shut off the new episode and decide no more for me .	negative	movie
1634	Powerfull season's from 1 to 7 then a huge disappointment in se8.	positive	movie
1635	This show is so cruel, it drags you into it's grasps, makes you fall in love with it, and then stomps you to shreds.	negative	movie
1636	Not sure where all these 10's are coming from, shogun is excellent television for sure, but the obvious heavy handed cgi takes me right out of the narrative a lot of time, and it's a shame.	positive	movie
1637	But such is big budget scifi and historical pieces these days.	positive	movie
1638	I don't remember seeing the previous iteration on television back in the 80's i think, but this one's got all the right ingredients, and i'm also not sure how faithful it is to the original source material.	positive	movie
1639	Seems like it's a blockbuster breakout hit which can only be a positive, but i'd rather see more practical sets and less cgi is all i'm saying.	positive	movie
1640	Show used to be a great show.	negative	movie
1641	Now it's just the same over and over and over again.	negative	movie
1642	Either come up with more interesting and intriguing episodes or end it.	negative	movie
1643	They are predictable and boring.	negative	movie
1644	I liked this show i liked the acting and storytelling the only thing i disliked was the medicore ending its so abrupt and unsatisfying it leaves you saying wait thats it	neutral	movie
1645	So there's no resolution whatsoever we see blackthorn a frail old man in bed	neutral	movie
1646	So we know he got out of japan but honestly not seeing the battle between the 2 armies was a let down i think they didn't show it because they ran out of money honestly the ending makes watching this a waste of time hollywood doesn't have a clue how to end a series proper i mean the way it was told that this would be ishidos fate was so flat and uninteresting i would not recommend you watch this.	neutral	movie
1647	You will great storytelling till season 4 and you will not able to predict what's coming after that it's okayish but season 8 ruined everything	neutral	movie
1648	This have a shadow of end of watch & a pinch of rookie blue to it.	positive	movie
1649	Intense yet sensitive when it needs to.	positive	movie
1650	If made right it should be a solid five season series.	positive	movie
1651	Compared to this castle was just a melodrama to say the least.	positive	movie
1652	I was trying to hang in there to the final episode	negative	movie
1653	But i can't even watch it anymore.	negative	movie
1654	It sucks!	negative	movie
1655	After the departure of sandra oh of the series, grey's lost its quality.	neutral	movie
1656	It's a bad series, nothing interesting happens.	neutral	movie
1657	I love ellen and the rest of the cast, but they must finish the show, it does not make sense anymore.	neutral	movie
1658	9 only for seasons 1 to 10.	neutral	movie
1659	The tv series is ok but mostly fiction.	neutral	movie
1660	Some episodes are over dramatized.	neutral	movie
1661	In particular episode 8 where nolan kills a criminal in self-defense.	neutral	movie
1662	Nolan is emotionally not suited to be a cop in la, maybe in a small rural town where everybody is nice.	neutral	movie
1663	Don't know what i thought of that ending before but is this really the last season?	neutral	movie
1664	I've been following grey's forever.	neutral	movie
